Date,SP500_Close,NASDAQ_Close,VIX_Close,Fed_Funds_Rate,CPI,Unemployment_Rate,TSLA_Daily_Return,SP500_Daily_Return,NASDAQ_Daily_Return,TSLA_Return_Lag1,TSLA_Return_Lag3,TSLA_MA_7,TSLA_MA_30,TSLA_Vol_30,Month,Quarter,Year,HighVol_Regime,TSLA_Close
2018-02-14,2698.6298828125,6675.02978515625,19.26000022888184,1.42,249.529,4.1,-0.4171050736881954,1.3402458257245842,1.8488329687039506,2.5116342037434514,-1.5258637910555595,21.584000451224192,22.40482234954834,2.5346527706215123,2,1,2018,0,21.48733329772949
2018-02-15,2731.199951171875,6794.919921875,19.1299991607666,1.42,249.529,4.1,3.6486630791516816,1.2069112762299383,1.7960989025900487,-0.4171050736881954,1.7105860055229627,21.584952763148717,22.442200152079263,2.6088731017829803,2,1,2018,0,22.271333694458008
2018-02-16,2732.219970703125,6770.66015625,19.459999084472656,1.42,249.529,4.1,0.4250554934988493,0.03734693722488025,-0.3570279841988988,3.6486630791516816,2.5116342037434514,21.494381223406112,22.48857790629069,2.6017592209414326,2,1,2018,0,22.36599922180176
2018-02-20,2716.260009765625,6779.68994140625,20.600000381469727,1.42,249.529,4.1,-0.2146044443118056,-0.5841389459353419,0.13336639187118138,0.4250554934988493,-0.4171050736881954,21.680476597377233,22.529000155131023,2.6020853712166896,2,1,2018,0,22.31800079345703
2018-02-21,2701.330078125,6759.259765625,20.020000457763672,1.42,249.529,4.1,-0.43911406317036494,-0.5496503128179286,-0.30134380713304765,-0.2146044443118056,3.6486630791516816,21.898381096976145,22.5220890045166,2.3397490225061834,2,1,2018,0,22.21999931335449
2018-02-22,2703.9599609375,6761.85009765625,18.71999931335449,1.42,249.529,4.1,3.8613853652105012,0.09735510790762625,0.03832271759141026,-0.43911406317036494,0.4250554934988493,22.18828555515834,22.549822298685708,2.4376619421040653,2,1,2018,0,23.077999114990234
2018-02-23,2747.300048828125,6896.60009765625,16.489999771118164,1.42,249.529,4.1,1.6985883239315713,1.602837635051313,1.9927978002160396,3.8613853652105012,-0.2146044443118056,22.458666392735072,22.588155619303386,2.4538584907961893,2,1,2018,0,23.46999931335449
2018-02-26,2779.60009765625,6989.10009765625,15.800000190734863,1.42,249.529,4.1,1.525350712013207,1.1757015343810906,1.341240592323678,1.6985883239315713,-0.43911406317036494,22.793047223772323,22.631422233581542,2.4622710437588102,2,1,2018,0,23.827999114990234
2018-02-27,2744.280029296875,6900.35009765625,18.59000015258789,1.42,249.529,4.1,-1.7990057260484416,-1.2706888443829278,-1.2698344387679028,1.525350712013207,3.8613853652105012,22.95418984549386,22.664244397481283,2.486501180701565,2,1,2018,0,23.39933204650879
2018-02-28,2713.830078125,6854.419921875,19.850000381469727,1.42,249.529,4.1,-2.259318947873201,-1.1095788639207016,-0.6656209486653464,-1.7990057260484416,1.6985883239315713,23.02628517150879,22.670911026000976,2.5181805789399867,2,1,2018,0,22.87066650390625
2018-03-01,2677.669921875,6750.5400390625,22.46999931335449,1.51,249.577,4.0,-3.535822749677753,-1.3324399541987275,-1.5155167613962628,-2.259318947873201,1.525350712013207,22.989713668823242,22.634844398498537,2.5708292301162623,3,1,2018,0,22.062000274658203
2018-03-02,2691.25,6811.0400390625,19.59000015258789,1.51,249.577,4.0,1.2661277814635996,0.5071602744632031,0.8962245931423585,-3.535822749677753,-1.7990057260484416,23.00704710824149,22.613844426472983,2.580349347169159,3,1,2018,0,22.341333389282227
2018-03-05,2720.93994140625,6881.27978515625,18.729999542236328,1.51,249.577,4.0,-0.5281691493587704,1.1032026532745043,1.031263150574846,1.2661277814635996,-2.259318947873201,22.884952000209264,22.576799964904787,2.5627593680164287,3,1,2018,0,22.22333335876465
2018-03-06,2728.1201171875,6913.02001953125,18.36000061035156,1.51,249.577,4.0,-1.5449266428910424,0.2638858606169414,0.4612548154700358,-0.5281691493587704,-3.535822749677753,22.657809121268137,22.524888865152995,2.5731343985627326,3,1,2018,0,21.8799991607666
2018-03-07,2726.800048828125,6929.39013671875,17.760000228881836,1.51,249.577,4.0,1.2492436638843696,-0.0483874720566102,0.23680124086506993,-1.5449266428910424,1.2661277814635996,22.41857119968959,22.479355557759604,2.5849293754951606,3,1,2018,0,22.15333366394043
2018-03-08,2738.969970703125,6966.43017578125,16.540000915527344,1.51,249.577,4.0,-0.9629843215428147,0.4463078207817217,0.5345353390657781,1.2492436638843696,-0.5281691493587704,22.210095269339426,22.44204444885254,2.567525327443676,3,1,2018,0,21.940000534057617
2018-03-09,2786.570068359375,7101.18017578125,14.640000343322754,1.51,249.577,4.0,-0.5864531827206032,1.737883151892694,1.9342761873715197,-0.9629843215428147,-1.5449266428910424,22.058761869158065,22.41877778371175,2.533906616008677,3,1,2018,0,21.81133270263672
2018-03-12,2783.02001953125,7131.1201171875,15.779999732971191,1.51,249.577,4.0,5.605653312252645,-0.1273985129042532,0.4216192332136659,-0.5864531827206032,1.2492436638843696,22.197619029453822,22.42468891143799,2.724646782974513,3,1,2018,0,23.03400039672852
2018-03-13,2765.31005859375,7046.509765625,16.350000381469727,1.51,249.577,4.0,-1.0621995702379539,-0.6363576551088879,-1.186494550254047,5.605653312252645,-0.9629843215428147,22.261619022914342,22.407600021362306,2.7081707671272017,3,1,2018,0,22.78933334350586
2018-03-14,2749.47998046875,7040.97998046875,17.229999542236328,1.51,249.577,4.0,-4.449449765294677,-0.5724521948562322,-0.07847551965691757,-1.0621995702379539,-0.5864531827206032,22.197619029453822,22.36495558420817,2.820619538890296,3,1,2018,0,21.775333404541016
2018-03-15,2747.330078125,7030.97021484375,16.59000015258789,1.51,249.577,4.0,-0.3153405592199232,-0.0781930531963182,-0.14216438127598874,-4.449449765294677,5.605653312252645,22.1728572845459,22.301155598958335,2.777371143096639,3,1,2018,0,21.706666946411133
2018-03-16,2752.010009765625,7019.9501953125,15.800000190734863,1.51,249.577,4.0,-1.305288982206032,0.1703447167811456,-0.15673540342959758,-0.3153405592199232,-1.0621995702379539,22.06857136317662,22.239155578613282,2.775654419816678,3,1,2018,0,21.42333221435547
2018-03-19,2712.919921875,6864.8798828125,19.020000457763672,1.51,249.577,4.0,-2.4241461624452176,-1.4204195388793028,-2.208994482660953,-1.305288982206032,-4.449449765294677,21.920571190970286,22.17206662495931,2.7940161931928698,3,1,2018,0,20.90399932861328
2018-03-20,2716.93994140625,6885.919921875,18.200000762939453,1.51,249.577,4.0,-0.9599427576407971,0.14818054520648882,0.30648808750721734,-2.4241461624452176,-0.3153405592199232,21.762285505022323,22.121888796488445,2.7465026048263472,3,1,2018,0,20.703332901000977
2018-03-21,2711.929931640625,6853.4501953125,17.860000610351562,1.51,249.577,4.0,1.9256145072983122,-0.18439898833508828,-0.47153796342230825,-0.9599427576407971,-1.305288982206032,21.48628534589495,22.083133188883462,2.772801940132453,3,1,2018,0,21.101999282836918
2018-03-22,2643.68994140625,6682.259765625,23.34000015258789,1.51,249.577,4.0,-2.3473260104713622,-2.5162888405856454,-2.4978722367397954,1.9256145072983122,-2.4241461624452176,21.174475806100027,22.003355407714842,2.7222581292631434,3,1,2018,0,20.606666564941406
2018-03-23,2588.260009765625,6508.08984375,24.8700008392334,1.51,249.577,4.0,-2.4458090225057294,-2.096688071186603,-2.6064524275301038,-2.3473260104713622,-0.9599427576407971,20.935523441859655,21.972933197021483,2.2684497850040852,3,1,2018,0,20.1026668548584
2018-03-26,2658.550048828125,6753.830078125,21.030000686645508,1.51,249.577,4.0,0.8755086892873409,2.715725576151251,3.775919513634163,-2.4458090225057294,1.9256145072983122,20.731523513793945,21.959066518147786,2.259597438381456,3,1,2018,0,20.27866744995117
2018-03-27,2612.6201171875,6529.83984375,22.5,1.51,249.577,4.0,-8.218823758246662,-1.7276308813847896,-3.316492002078686,0.8755086892873409,-2.3473260104713622,20.329904556274414,21.87784423828125,2.6816608819524004,3,1,2018,0,18.61199951171875
2018-03-28,2605.0,6460.81005859375,22.8700008392334,1.51,249.577,4.0,-7.66530355251378,-0.291665716625622,-1.0571436177308602,-8.218823758246662,-2.4458090225057294,19.798666545322963,21.73144423166911,2.9356882264695896,3,1,2018,0,17.185333251953125
2018-03-29,2640.8701171875,6581.1298828125,19.96999931335449,1.51,249.577,4.0,3.2392000767142104,1.3769718690019195,1.862302453214948,-7.66530355251378,0.8755086892873409,19.375619070870535,21.606599807739258,3.02300850389058,3,1,2018,0,17.742000579833984
2018-04-02,2581.8798828125,6390.83984375,23.6200008392334,1.51,249.577,4.0,-5.1290712302559545,-2.2337423560165104,-2.891449378008293,3.2392000767142104,-8.218823758246662,18.7656192779541,21.42528870900472,3.0232541912381765,4,2,2018,0,16.832000732421875
2018-04-03,2614.449951171875,6458.830078125,21.100000381469727,1.51,249.577,4.0,5.960860827013281,1.2614865848792123,1.0638701021664865,-5.1290712302559545,-7.66530355251378,18.3697144644601,21.274266497294107,3.2651736321621176,4,2,2018,0,17.8353328704834
2018-04-04,2644.68994140625,6560.06005859375,20.059999465942383,1.51,249.577,4.0,7.255264788199489,1.156648273982852,1.567311405382843,5.960860827013281,3.2392000767142104,18.230666841779435,21.167977587381998,3.57367232826443,4,2,2018,1,19.12933349609375
2018-04-05,2662.840087890625,6594.83984375,18.940000534057617,1.51,249.577,4.0,6.544916484533281,0.6862863657553842,0.53017479787687,7.255264788199489,-5.1290712302559545,18.24533326285226,21.106688690185546,3.795065040348704,4,2,2018,1,20.381332397460938
2018-04-06,2604.469970703125,6433.2099609375,21.489999771118164,1.51,249.577,4.0,-2.0999583742291605,-2.1920248779842444,-2.4508537984539336,6.544916484533281,5.960860827013281,18.436952318464005,21.002533149719238,3.7296211683149063,4,2,2018,1,19.953332901000977
2018-04-09,2613.159912109375,6472.33984375,21.770000457763672,1.51,249.577,4.0,-3.220844689083846,0.33365488963206236,0.6082481848112664,-2.0999583742291605,7.255264788199489,18.740571430751256,20.86388874053955,3.741550740701799,4,2,2018,1,19.310667037963867
2018-04-10,2656.8701171875,6615.8701171875,20.46999931335449,1.51,249.577,4.0,5.192293313418306,1.67269537832615,2.217594825094049,-3.220844689083846,6.544916484533281,19.10790470668248,20.746733220418296,3.870394043282865,4,2,2018,1,20.31333351135254
2018-04-11,2642.18994140625,6583.43994140625,20.239999771118164,1.51,249.577,4.0,-1.2372820864378187,-0.5525364482924067,-0.49018761261649946,5.192293313418306,-2.0999583742291605,19.569333212716238,20.635488828023274,3.865038804814177,4,2,2018,1,20.062000274658203
2018-04-12,2663.989990234375,6656.259765625,18.489999771118164,1.51,249.577,4.0,-2.2762782382571456,0.8250750063987677,1.1061060003107581,-1.2372820864378187,-3.220844689083846,19.82219042096819,20.526644388834637,3.865315390649857,4,2,2018,1,19.60533332824707
2018-04-13,2656.300048828125,6628.33984375,17.40999984741211,1.51,249.577,4.0,2.1286738456213206,-0.2886625488248695,-0.4194536099565549,-2.2762782382571456,5.192293313418306,19.94980948311942,20.458666610717774,3.8471840286728423,4,2,2018,1,20.022666931152344
2018-04-16,2677.840087890625,6675.18017578125,16.559999465942383,1.51,249.577,4.0,-3.0398916175857993,0.8109038386684864,0.7066676292317275,2.1286738456213206,-1.2372820864378187,19.81161907741002,20.36108881632487,3.8688869988535566,4,2,2018,1,19.41399955749512
2018-04-17,2706.389892578125,6816.3701171875,15.25,1.51,249.577,4.0,-1.2087505392479825,1.0661504701720004,2.1151480213000395,-3.0398916175857993,-2.2762782382571456,19.70104762486049,20.259622128804526,3.871690707387282,4,2,2018,1,19.179332733154297
2018-04-18,2708.639892578125,6833.2099609375,15.600000381469728,1.51,249.577,4.0,1.9674020987929586,0.08313658006817715,0.24705002017919586,-1.2087505392479825,2.1286738456213206,19.73619052342006,20.182177734375,3.889484611476821,4,2,2018,1,19.55666732788086
2018-04-19,2693.1298828125,6774.89013671875,15.960000038146973,1.51,249.577,4.0,2.294182395058919,-0.5726124690152989,-0.8534762513099925,1.9674020987929586,-3.0398916175857993,19.692190442766464,20.110577710469563,3.908472617708454,4,2,2018,1,20.005332946777344
2018-04-20,2670.139892578125,6667.75,16.8799991607666,1.51,249.577,4.0,-3.2791263163394646,-0.853653230061302,-1.5814298764502244,2.294182395058919,-1.2087505392479825,19.590380804879324,20.024222119649252,3.9454257290730013,4,2,2018,1,19.34933280944824
2018-04-23,2670.2900390625,6648.7998046875,16.34000015258789,1.51,249.577,4.0,-2.3670076256160355,0.005623169212687351,-0.2842067460912645,-3.2791263163394646,1.9674020987929586,19.488380704607284,19.926888783772785,3.9625739759698275,4,2,2018,1,18.891332626342773
2018-04-24,2634.56005859375,6509.0498046875,18.020000457763672,1.51,249.577,4.0,0.03176334310297513,-1.338056164164636,-2.1018831083088774,-2.3670076256160355,2.294182395058919,19.327618735177175,19.788999875386555,3.7984460671763713,4,2,2018,1,18.8973331451416
2018-04-25,2639.39990234375,6513.93994140625,17.84000015258789,1.51,249.577,4.0,-0.9772049765610302,0.1837059563023713,0.07512827318094661,0.03176334310297513,-3.2791263163394646,19.227428436279297,19.653111012776694,3.7981117629640146,4,2,2018,1,18.71266746520996
2018-04-26,2666.93994140625,6649.64990234375,16.239999771118164,1.51,249.577,4.0,1.7065024181957211,1.0434204774367295,2.083377528166186,-0.9772049765610302,-2.3670076256160355,19.20638084411621,19.56166655222575,3.748094845718623,4,2,2018,1,19.03199958801269
2018-04-27,2669.909912109375,6656.35009765625,15.40999984741211,1.51,249.577,4.0,3.0124724287798665,0.11136248915897262,0.10076012137327783,1.7065024181957211,0.03176334310297513,19.213333129882812,19.491622098286946,3.7989686260895925,4,2,2018,1,19.60533332824707
2018-04-30,2648.050048828125,6605.56982421875,15.93000030517578,1.51,249.577,4.0,-0.06121312704420179,-0.8187490964434607,-0.7628846543901058,3.0124724287798665,-0.9772049765610302,19.154475893293107,19.430622100830078,3.7940524697990714,4,2,2018,1,19.59333229064941
2018-05-01,2654.800048828125,6681.9599609375,15.489999771118164,1.7,250.792,3.8,2.048323157183307,0.25490454770622506,1.1564503706958273,-0.06121312704420179,1.7065024181957211,19.246666499546595,19.400311024983726,3.792629155023033,5,2,2018,1,19.994667053222656
2018-05-02,2635.669921875,6644.47998046875,15.970000267028809,1.7,250.792,3.8,0.41011301765416786,-0.7205863568357729,-0.5609129759510223,2.048323157183307,3.0124724287798665,19.41600009373256,19.379422187805176,3.7898953479086264,5,2,2018,1,20.07666778564453
2018-05-03,2629.72998046875,6643.47998046875,15.899999618530272,1.7,250.792,3.8,-5.545415542303256,-0.22536742393085563,-0.015050086732737444,0.41011301765416786,-0.06121312704420179,19.4254286629813,19.30813331604004,3.900621035266749,5,2,2018,1,18.96333312988281
2018-05-04,2663.419921875,6769.1201171875,14.770000457763672,1.7,250.792,3.8,3.3890021653050884,1.281117896379791,1.8911795788972174,-5.545415542303256,2.048323157183307,19.55304772513253,19.274777793884276,3.9363084473073644,5,2,2018,1,19.606000900268555
2018-05-07,2672.6298828125,6821.8701171875,14.75,1.7,250.792,3.8,2.9514774071228267,0.34579455015175675,0.7792741019037708,3.3890021653050884,0.41011301765416786,19.71771458217076,19.277511151631675,3.948271139215465,5,2,2018,1,20.184667587280277
2018-05-08,2671.919921875,6815.47998046875,14.710000038146973,1.7,250.792,3.8,-0.2642361564227591,-0.02656413228280252,-0.09367133365161262,2.9514774071228267,-5.545415542303256,19.792857306344168,19.272599983215333,3.9459288464254274,5,2,2018,1,20.131332397460938
2018-05-09,2697.7900390625,6893.2099609375,13.420000076293944,1.7,250.792,3.8,1.6160606885176954,0.9682220255068819,1.1404916556354339,-0.2642361564227591,3.3890021653050884,19.91619082859584,19.33408889770508,3.63112811469778,5,2,2018,1,20.456666946411133
2018-05-10,2723.070068359375,6963.5498046875,13.229999542236328,1.7,250.792,3.8,-0.5963813211613544,0.9370643723504823,1.020422185724823,1.6160606885176954,2.9514774071228267,19.96476227896554,19.439066696166993,3.3058948429824895,5,2,2018,0,20.334667205810547
2018-05-11,2727.719970703125,6952.56005859375,12.649999618530272,1.7,250.792,3.8,-1.2982751883414467,0.17075955546570487,-0.157818158869949,-0.5963813211613544,-0.2642361564227591,19.96390506199428,19.516688919067384,3.2854219840845222,5,2,2018,0,20.070667266845703
2018-05-14,2730.1298828125,6964.3701171875,12.93000030517578,1.7,250.792,3.8,-3.019336089884739,0.08834895573073265,0.1698663297291736,-1.2982751883414467,1.6160606885176954,20.035524095807755,19.604444440205892,3.1825514856168247,5,2,2018,0,19.46466636657715
2018-05-15,2711.449951171875,6888.5400390625,14.630000114440918,1.7,250.792,3.8,-2.668080078854762,-0.6842140279927467,-1.0888289514920713,-3.019336089884739,-0.5963813211613544,19.941143035888672,19.641444460550943,3.062846545576684,5,2,2018,0,18.94533348083496
2018-05-16,2722.4599609375,6929.97021484375,13.420000076293944,1.7,250.792,3.8,0.8093479277920368,0.4060561678767671,0.601436233894459,-2.668080078854762,-1.2982751883414467,19.786000115530832,19.64042224884033,2.7659029317493933,5,2,2018,0,19.09866714477539
2018-05-17,2720.1298828125,6901.6298828125,13.43000030517578,1.7,250.792,3.8,-0.6771859790704271,-0.08558723207806596,-0.408953157843972,0.8093479277920368,-3.019336089884739,19.620000294276647,19.59335562388102,2.478838191880688,5,2,2018,0,18.96933364868164
2018-05-18,2712.969970703125,6866.25,13.420000076293944,1.7,250.792,3.8,-2.713155456686789,-0.263219493841671,-0.5126308337775165,-0.6771859790704271,-2.668080078854762,19.334000178745814,19.543400065104166,2.4974241903827146,5,2,2018,0,18.454666137695312
2018-05-21,2733.010009765625,6905.52978515625,13.079999923706056,1.7,250.792,3.8,2.770754354269944,0.7386752997235124,0.5720704191698456,-2.713155456686789,0.8093479277920368,19.13847623552595,19.53191115061442,2.489538508446576,5,2,2018,0,18.965999603271484
2018-05-22,2724.43994140625,6893.6201171875,13.220000267028809,1.7,250.792,3.8,-3.3322787235185114,-0.3135761789657687,-0.17246566649166128,2.770754354269944,-0.6771859790704271,18.890380859375,19.46593335469564,2.355817601104973,5,2,2018,0,18.333999633789062
2018-05-23,2733.2900390625,6953.6298828125,12.579999923706056,1.7,250.792,3.8,1.4763174167753412,0.32484098921563564,0.8705116412693004,-3.3322787235185114,-2.713155456686789,18.767523901803152,19.41735560099284,2.3711968600807194,5,2,2018,0,18.60466766357422
2018-05-24,2727.760009765625,6949.7001953125,12.529999732971191,1.7,250.792,3.8,-0.43717560141247613,-0.2023213496498033,-0.056512750408432844,1.4763174167753412,2.770754354269944,18.707238061087473,19.381288909912108,2.3398678497660104,5,2,2018,0,18.523332595825195
2018-05-25,2721.330078125,6960.919921875,13.220000267028809,1.7,250.792,3.8,0.3599112439287566,-0.23572204364039617,0.16144187874560512,-0.43717560141247613,-3.3322787235185114,18.63457134791783,19.333533350626627,2.3021274476904177,5,2,2018,0,18.59000015258789
2018-05-29,2689.860107421875,6926.5400390625,17.020000457763672,1.7,250.792,3.8,1.7608039140968978,-1.1564187290653005,-0.4938985536158791,0.3599112439287566,1.4763174167753412,18.627142769949778,19.316977818806965,2.2660207753531902,5,2,2018,0,18.917333602905277
2018-05-30,2724.010009765625,6976.3701171875,14.9399995803833,1.7,250.792,3.8,2.8051857754248344,1.2695791223314323,0.7194079272476728,1.7608039140968978,-0.43717560141247613,18.769047600882395,19.32593339284261,2.313931330761347,5,2,2018,0,19.447999954223636
2018-05-31,2705.27001953125,6967.72998046875,15.43000030517578,1.7,250.792,3.8,-2.3961312441811433,-0.6879559974886984,-0.12384859996839026,2.8051857754248344,0.3599112439287566,18.77133342197963,19.306777826944987,2.3278112471371655,5,2,2018,0,18.98200035095215
2018-06-01,2734.6201171875,7083.93017578125,13.460000038146973,1.82,251.018,4.0,2.4900736382056587,1.0849230370481022,1.6676908496486176,-2.3961312441811433,1.7608039140968978,18.93142863682338,19.288422266642254,2.334944181209946,6,2,2018,0,19.454666137695312
2018-06-04,2746.8701171875,7143.56982421875,12.739999771118164,1.82,251.018,4.0,1.6859761047419486,0.4479598435997323,0.8419005687181569,2.4900736382056587,2.8051857754248344,19.099714279174805,19.302866744995118,2.2745604280352953,6,2,2018,0,19.78266716003418
2018-06-05,2748.800048828125,7166.75,12.399999618530272,1.82,251.018,4.0,-1.8905466401010762,0.07025929724704394,0.32449008481252317,1.6859761047419486,-2.3961312441811433,19.2261905670166,19.32011121114095,2.2583533223046635,6,2,2018,0,19.408666610717773
2018-06-06,2772.35009765625,7210.080078125,11.640000343322754,1.82,251.018,4.0,9.744783937389844,0.8567392465728796,0.6045987110615103,-1.8905466401010762,2.4900736382056587,19.613333293369838,19.40020008087158,2.861680977450874,6,2,2018,0,21.299999237060547
2018-06-07,2770.3701171875,7152.830078125,12.130000114440918,1.82,251.018,4.0,-1.067291441269691,-0.07141884679080501,-0.7940272421341543,9.744783937389844,1.6859761047419486,19.92123794555664,19.478866704305013,2.8632647884694884,6,2,2018,0,21.07266616821289
2018-06-08,2779.030029296875,7152.6201171875,12.18000030517578,1.82,251.018,4.0,0.49669872212043664,0.31259043893263616,-0.0029353547505883704,-1.067291441269691,-1.8905466401010762,20.168285642351425,19.55037784576416,2.8532511318856035,6,2,2018,0,21.17733383178711
2018-06-11,2782.0,7168.47998046875,12.350000381469728,1.82,251.018,4.0,4.54573538627594,0.1068707668436586,0.22173501488131908,0.49669872212043664,9.744783937389844,20.619428362165177,19.63486671447754,2.9148148006838936,6,2,2018,0,22.13999938964844
2018-06-12,2786.85009765625,7209.18017578125,12.34000015258789,1.82,251.018,4.0,3.212891816285257,0.17433852107295866,0.5677660455688294,4.54573538627594,-1.067291441269691,21.104666573660715,19.743466758728026,2.9561524872365106,6,2,2018,0,22.851333618164062
2018-06-13,2775.6298828125,7205.259765625,12.9399995803833,1.82,251.018,4.0,0.5863940944921264,-0.4026127868587581,-0.05438080420601121,3.212891816285257,0.49669872212043664,21.562190192086355,19.84315560658773,2.942716137686649,6,2,2018,0,22.985332489013672
2018-06-14,2782.489990234375,7279.58984375,12.119999885559082,1.82,251.018,4.0,3.7531198826580514,0.2471549778432225,1.0316085823805388,0.5863940944921264,4.54573538627594,22.196380615234375,19.96886666615804,3.0016319512472824,6,2,2018,0,23.847999572753903
2018-06-15,2779.659912109375,7255.759765625,11.979999542236328,1.82,251.018,4.0,0.1257995940245893,-0.10171027155291279,-0.32735468119071687,3.7531198826580514,3.212891816285257,22.564666475568497,20.132688903808592,2.7696825270961978,6,2,2018,0,23.87800025939941
2018-06-18,2773.75,7251.41015625,12.3100004196167,1.82,251.018,4.0,3.5346337779633252,-0.21261277624751163,-0.059946987159176235,0.1257995940245893,0.5863940944921264,23.08599989754813,20.303222211201987,2.7744868553545396,6,2,2018,0,24.722000122070312
2018-06-19,2762.590087890625,7228.0400390625,13.350000381469728,1.82,251.018,4.0,-4.929487816484701,-0.4023402292699374,-0.3222837583853555,3.5346337779633252,3.7531198826580514,23.418285369873047,20.413844362894693,2.9334905409762255,6,2,2018,0,23.503332138061523
2018-06-20,2767.320068359375,7280.7001953125,12.789999961853027,1.82,251.018,4.0,2.7428816276547696,0.17121542893689945,0.7285537429982281,-4.929487816484701,0.1257995940245893,23.705142702375138,20.547733306884766,2.956016551794125,6,2,2018,0,24.14800071716309
2018-06-21,2749.760009765625,7217.490234375,14.640000343322754,1.82,251.018,4.0,-4.06106959223671,-0.6345510515579966,-0.8681851915588568,2.7428816276547696,3.5346337779633252,23.75028555733817,20.638088862101238,3.0714847990887018,6,2,2018,0,23.167333602905277
2018-06-22,2754.8798828125,7197.509765625,13.770000457763672,1.82,251.018,4.0,-3.9941282796361666,0.18619345065358228,-0.2768340254183932,-4.06106959223671,-4.929487816484701,23.644095284598215,20.701666641235352,3.1727743758333187,6,2,2018,0,22.242000579833984
2018-06-25,2717.070068359375,7038.169921875,17.329999923706055,1.82,251.018,4.0,-0.18583828407574554,-1.3724668973416176,-2.2138190699094284,-3.9941282796361666,2.7428816276547696,23.408761978149414,20.772666613260906,3.1593518764229773,6,2,2018,0,22.200666427612305
2018-06-26,2723.06005859375,7068.2001953125,15.920000076293944,1.82,251.018,4.0,2.699616299368457,0.22045770199778936,0.4266773006454949,-0.18583828407574554,-4.06106959223671,23.254761832101003,20.88384437561035,3.1191794393294274,6,2,2018,0,22.799999237060547
2018-06-27,2699.6298828125,6969.669921875,17.90999984741211,1.82,251.018,4.0,0.7309997535504653,-0.8604355128821406,-1.3939938133450624,2.699616299368457,-3.9941282796361666,23.003999982561385,21.017888832092286,3.0584597246688974,6,2,2018,0,22.96666717529297
2018-06-28,2716.31005859375,7031.60009765625,16.850000381469727,1.82,251.018,4.0,1.576195226568089,0.617868985946779,0.8885668399715163,0.7309997535504653,-0.18583828407574554,22.979047775268555,21.158888816833496,3.0627082559063585,6,2,2018,0,23.32866668701172
2018-06-29,2718.3701171875,7040.7998046875,16.09000015258789,1.82,251.018,4.0,-1.9946872439894126,0.07584033300001014,0.13083376334663832,1.576195226568089,2.699616299368457,22.79552377973284,21.288688786824544,3.0926415294943554,6,2,2018,0,22.86333274841309
2018-07-02,2726.7099609375,7097.81982421875,15.600000381469728,1.82,251.018,4.0,-2.2977114068266413,0.3067957412152822,0.8098514531444057,-1.9946872439894126,0.7309997535504653,22.67704745701381,21.418133227030435,3.0778654598214263,7,3,2018,0,22.33799934387207
2018-07-03,2713.219970703125,7014.5498046875,16.139999389648438,1.82,251.018,4.0,-7.225349003910242,-0.49473506268106204,-1.1731774205809065,-2.2977114068266413,1.576195226568089,22.46019036429269,21.476733271280924,3.3712368167068814,7,3,2018,0,20.724000930786133
2018-07-05,2736.610107421875,7101.0498046875,14.970000267028809,1.82,251.018,4.0,-0.5468763302039825,0.8620803683929923,1.2331511274208395,-7.225349003910242,-1.9946872439894126,22.233047485351562,21.5526221593221,3.3039968298438005,7,3,2018,0,20.61066627502441
2018-07-06,2759.820068359375,7207.330078125,13.369999885559082,1.82,251.018,4.0,-0.08410200885162755,0.8481281595267509,1.496683960269407,-0.5468763302039825,-2.2977114068266413,21.917809350149973,21.61891098022461,3.2994545227156937,7,3,2018,0,20.59333229064941
2018-07-09,2784.169921875,7276.0,12.6899995803833,1.82,251.018,4.0,3.111040761289652,0.8822985887663393,0.952778922716746,-0.08410200885162755,-7.225349003910242,21.670285361153738,21.70926653544108,3.3321630931198776,7,3,2018,0,21.233999252319336
2018-07-10,2793.840087890625,7282.60009765625,12.640000343322754,1.82,251.018,4.0,1.2432888210448967,0.3473267180873929,0.09071052303806226,3.111040761289652,-0.5468763302039825,21.408761433192662,21.806199836730958,3.3346964218136987,7,3,2018,0,21.49799919128418
2018-07-11,2774.02001953125,7243.97998046875,13.630000114440918,1.82,251.018,4.0,-1.0884699093960615,-0.7094202866256172,-0.5303067128446193,1.2432888210448967,-0.08410200885162755,21.1802853175572,21.884422047932944,3.339273092646829,7,3,2018,0,21.263999938964844
2018-07-12,2798.2900390625,7366.25,12.579999923706056,1.82,251.018,4.0,-0.7054158152785206,0.8749042674663476,1.6878845587772862,-1.0884699093960615,3.111040761289652,21.005428314208984,21.93995539347331,3.3151043834954237,7,3,2018,0,21.11400032043457
2018-07-13,2801.31005859375,7375.81982421875,12.18000030517578,1.82,251.018,4.0,0.6820076610119186,0.10792374947172778,0.12991446419481356,-0.7054158152785206,1.2432888210448967,21.081713812691824,22.01582202911377,3.2753085132524355,7,3,2018,0,21.257999420166016
2018-07-16,2798.429931640625,7357.89990234375,12.829999923706056,1.82,251.018,4.0,-2.7503397391944295,-0.1028135726814483,-0.2429549840162748,0.6820076610119186,-1.0884699093960615,21.09066608973912,22.056444231669108,3.3012740611758833,7,3,2018,0,20.67333221435547
2018-07-17,2809.550048828125,7403.89013671875,12.0600004196167,1.82,251.018,4.0,4.059986456040265,0.39736986307106203,0.6250456650048974,-2.7503397391944295,-0.7054158152785206,21.22199957711356,22.114110883076986,3.364603521429718,7,3,2018,0,21.512666702270508
2018-07-18,2815.6201171875,7390.1298828125,12.100000381469728,1.82,251.018,4.0,0.35947868010812734,0.21605126279586884,-0.18585167597243712,4.059986456040265,0.6820076610119186,21.272856848580496,22.186822001139323,3.33827708191343,7,3,2018,0,21.59000015258789
2018-07-19,2804.489990234375,7352.35986328125,12.869999885559082,1.82,251.018,4.0,-1.1177999356501767,-0.39529931204791424,-0.5110873574643571,0.35947868010812734,-2.7503397391944295,21.25152369907924,22.188444264729817,2.843160294718296,7,3,2018,0,21.34866714477539
2018-07-20,2801.830078125,7350.22998046875,12.859999656677246,1.82,251.018,4.0,-2.0766382110007697,-0.09484477101494582,-0.028968696474407363,-1.1177999356501767,4.059986456040265,21.200285502842494,22.182866477966307,2.8627069177415954,7,3,2018,0,20.905332565307617
2018-07-23,2806.97998046875,7371.77978515625,12.619999885559082,1.82,251.018,4.0,-3.3101575077221224,0.18380494891383492,0.293185447867117,-2.0766382110007697,0.35947868010812734,21.0716187613351,22.150733121236165,2.9242578665768755,7,3,2018,0,20.21333312988281
2018-07-24,2820.39990234375,7406.25,12.40999984741211,1.82,251.018,4.0,-1.903033212777805,0.4780911145920941,0.4675969148340453,-3.3101575077221224,-1.1177999356501767,20.867428370884486,22.07368869781494,2.804524679168026,7,3,2018,0,19.82866668701172
2018-07-25,2846.070068359375,7508.58984375,12.289999961853027,1.82,251.018,4.0,3.8025739298795047,0.9101605057599604,1.3818037974683506,-1.903033212777805,-2.0766382110007697,20.854476111275808,21.998066457112632,2.8321311514912075,7,3,2018,0,20.582666397094727
2018-07-26,2837.43994140625,7400.75,12.140000343322754,1.82,251.018,4.0,-0.6769469139103035,-0.30322960242857855,-1.4362196630005486,3.8025739298795047,-3.3101575077221224,20.70171410696847,21.913333129882812,2.827750869498433,7,3,2018,0,20.44333267211914
2018-07-27,2818.820068359375,7296.77978515625,13.029999732971191,1.82,251.018,4.0,-3.0882068378310756,-0.656220869212365,-1.4048605187818808,-0.6769469139103035,-1.903033212777805,20.44771412440709,21.77879981994629,2.760428998690851,7,3,2018,0,19.812000274658203
2018-07-30,2802.60009765625,7193.10009765625,14.260000228881836,1.82,251.018,4.0,-2.3588372374675926,-0.5754170294581917,-1.4208964851990524,-3.0882068378310756,3.8025739298795047,20.161428451538086,21.627688725789387,2.7757866153824353,7,3,2018,0,19.344667434692383
2018-07-31,2816.2900390625,7231.97998046875,12.829999923706056,1.82,251.018,4.0,2.74665882877021,0.4884728797982518,0.5405163599095264,-2.3588372374675926,-0.6769469139103035,20.014380863734655,21.466155370076496,2.7381825803886235,7,3,2018,0,19.875999450683597
2018-08-01,2813.360107421875,7272.89013671875,13.149999618530272,1.91,251.663,3.8,0.9056163722603872,-0.10403515262938923,0.5656840361904392,2.74665882877021,-3.0882068378310756,19.991904667445592,21.351244290669758,2.631678764963883,8,3,2018,0,20.05599975585937
2018-08-02,2827.219970703125,7372.14990234375,12.1899995803833,1.91,251.663,3.8,16.188013070702013,0.4926444803381669,1.3647912144838514,0.9056163722603872,-2.3588372374675926,20.488190514700754,21.32306652069092,3.994045093072206,8,3,2018,1,23.30266761779785
2018-08-03,2840.35009765625,7395.490234375,11.640000343322754,1.91,251.663,3.8,-0.3919521066382159,0.4644183009877123,0.3166014302534714,16.188013070702013,2.74665882877021,20.86371421813965,21.324533144632976,3.922370771425728,8,3,2018,1,23.211332321166992
2018-08-06,2850.39990234375,7438.990234375,11.270000457763672,1.91,251.663,3.8,-1.7749896605615767,0.3538227451535869,0.5881963010079705,-0.3919521066382159,0.9056163722603872,21.20028577532087,21.343110911051433,3.863429597154045,8,3,2018,1,22.79933357238769
2018-08-07,2858.449951171875,7462.64990234375,10.93000030517578,1.91,251.663,3.8,10.988623587715573,0.28241822564987196,0.3180494559519742,-1.7749896605615767,16.188013070702013,21.98495238167899,21.44657758076986,4.3392208695673435,8,3,2018,1,25.30466651916504
2018-08-08,2857.699951171875,7469.5498046875,10.850000381469728,1.91,251.663,3.8,-2.4316999264261008,-0.02623799656497061,0.09245914566597957,10.988623587715573,-0.3919521066382159,22.748476028442383,21.509555371602378,4.3515970649998,8,3,2018,1,24.689332962036133
2018-08-09,2853.580078125,7466.9599609375,11.270000457763672,1.91,251.663,3.8,-4.83068984460443,-0.14416744645237012,-0.03467201930128505,-2.4316999264261008,-1.7749896605615767,23.265714372907365,21.527222061157225,4.452218531475788,8,3,2018,1,23.49666786193848
2018-08-10,2833.280029296875,7408.2998046875,13.15999984741211,1.91,251.663,3.8,0.8625279557523235,-0.7113887913551609,-0.7855962340346467,-4.83068984460443,10.988623587715573,23.786190577915736,21.539577611287434,4.446331988227445,8,3,2018,1,23.69933319091797
2018-08-13,2821.929931640625,7401.169921875,14.779999732971191,1.91,251.663,3.8,0.25880310425296926,-0.40059921853423663,-0.09624182336666065,0.8625279557523235,-2.4316999264261008,23.851619175502233,21.569488779703775,4.42796644232843,8,3,2018,1,23.76066780090332
2018-08-14,2839.9599609375,7447.169921875,13.3100004196167,1.91,251.663,3.8,-2.4606514038646665,0.6389254777276809,0.6215233603006798,0.25880310425296926,-4.83068984460443,23.84657178606306,21.597422154744468,4.431257719200223,8,3,2018,1,23.176000595092773
2018-08-15,2818.3701171875,7354.66015625,14.640000343322754,1.91,251.663,3.8,-2.574509095993638,-0.7602164835758152,-1.2422137079653006,-2.4606514038646665,0.8625279557523235,23.815143040248326,21.65926653544108,4.239252379521978,8,3,2018,1,22.57933235168457
2018-08-16,2840.68994140625,7374.2900390625,13.449999809265137,1.91,251.663,3.8,-0.9566252885921389,0.7919408484583057,0.2669040090971242,-2.574509095993638,0.25880310425296926,23.394952501569474,21.717688751220702,4.242959786333424,8,3,2018,1,22.36333274841309
2018-08-17,2850.1298828125,7377.5400390625,12.640000343322754,1.91,251.663,3.8,-8.928302310985092,0.33231157222237684,0.044072039244236194,-0.9566252885921389,-2.4606514038646665,22.777428763253347,21.710133234659832,4.569180310194027,8,3,2018,1,20.36666679382324
2018-08-20,2857.050048828125,7371.419921875,12.489999771118164,1.91,251.663,3.8,0.962361955643587,0.24280177746833775,-0.08295606875863282,-8.928302310985092,-2.574509095993638,22.358285903930664,21.68775552113851,4.536419602296164,8,3,2018,1,20.562667846679688
2018-08-21,2862.9599609375,7397.22998046875,12.859999656677246,1.91,251.663,3.8,4.363885291946024,0.20685364303643095,0.3501368646379399,0.962361955643587,-0.9566252885921389,22.038381031581334,21.68648885091146,4.601510648261972,8,3,2018,1,21.459999084472656
2018-08-22,2861.820068359375,7424.60009765625,12.25,1.91,251.663,3.8,-0.08076457486387856,-0.03981517707819515,0.37000495130969924,4.363885291946024,-8.928302310985092,21.707238061087473,21.69244441986084,4.596272530855294,8,3,2018,1,21.44266700744629
2018-08-23,2856.97998046875,7413.83984375,12.40999984741211,1.91,251.663,3.8,-0.4787970396720964,-0.16912621251551352,-0.14492705014034213,-0.08076457486387856,0.962361955643587,21.444952283586776,21.699977747599284,4.595046008059326,8,3,2018,1,21.34000015258789
2018-08-24,2874.68994140625,7485.39990234375,11.989999771118164,1.91,251.663,3.8,0.8497354291167936,0.6198839704363079,0.9652226120594687,-0.4787970396720964,4.363885291946024,21.293809618268693,21.70875555674235,4.595839023981759,8,3,2018,1,21.521333694458008
2018-08-27,2896.739990234375,7559.1298828125,12.15999984741211,1.91,251.663,3.8,-1.0996885063753514,0.7670409427647185,0.984983854311694,0.8497354291167936,-0.08076457486387856,21.13971437726702,21.72913335164388,4.56986754529472,8,3,2018,1,21.284666061401367
2018-08-28,2897.52001953125,7570.25,12.5,1.91,251.663,3.8,-2.320917226401842,0.026927832649970007,0.14710842861405116,-1.0996885063753514,-0.4787970396720964,21.20028577532087,21.705066680908203,4.532045425318889,8,3,2018,1,20.790666580200195
2018-08-29,2914.0400390625,7660.18017578125,12.25,1.91,251.663,3.8,-2.1964997834462707,0.5701434129840033,1.1879419541131364,-2.320917226401842,0.8497354291167936,21.167618887765066,21.663199996948244,4.548677826113936,8,3,2018,1,20.333999633789062
2018-08-30,2901.1298828125,7642.669921875,13.529999732971191,1.91,251.663,3.8,-0.6098187840544389,-0.4430329054144866,-0.22858801626639558,-2.1964997834462707,-1.0996885063753514,20.98904745919364,21.62524439493815,4.545719439618176,8,3,2018,1,20.209999084472656
2018-08-31,2901.52001953125,7654.5498046875,12.859999656677246,1.91,251.663,3.8,-0.4915032852453871,0.013447750859452157,0.15544152676929546,-0.6098187840544389,-2.320917226401842,20.79876164027623,21.59875551859538,4.530988145634973,8,3,2018,1,20.11066627502441
2018-09-04,2896.719970703125,7622.31982421875,13.15999984741211,1.91,251.663,3.8,-4.213355721254053,-0.16543221469484948,-0.4210565126771093,-0.4915032852453871,-2.1964997834462707,20.50209481375558,21.567088826497397,4.5564331818078605,9,3,2018,1,19.26333236694336
2018-09-05,2888.60009765625,7523.259765625,13.90999984741211,1.91,251.663,3.8,-2.8413192133419196,-0.2803126684318036,-1.2996051186280888,-4.213355721254053,-0.6098187840544389,20.101332800728933,21.529999923706054,4.5726787662510056,9,3,2018,1,18.715999603271484
2018-09-06,2878.050048828125,7453.169921875,14.649999618530272,1.91,251.663,3.8,0.0748019836589231,-0.36523050860121087,-0.9316419468891945,-2.8413192133419196,-0.4915032852453871,19.736380440848215,21.468244361877442,4.513352237637083,9,3,2018,1,18.729999542236328
2018-09-07,2871.679931640625,7430.259765625,14.880000114440918,1.91,251.663,3.8,-6.303609176210712,-0.2213344827027508,-0.3073880844009613,0.0748019836589231,-4.213355721254053,19.273332868303573,21.371777725219726,4.647893108682259,9,3,2018,1,17.549333572387695
2018-09-10,2877.1298828125,7447.68017578125,14.15999984741211,1.91,251.663,3.8,8.456157301917578,0.18978268127400888,0.23445223593450137,-6.303609176210712,-2.8413192133419196,19.087523324148997,21.345822143554688,4.889910033945716,9,3,2018,1,19.03333282470703
2018-09-11,2887.889892578125,7507.8701171875,13.220000267028809,1.91,251.663,3.8,-2.1225884732538947,0.3739841510076891,0.8081703293594478,8.456157301917578,0.0748019836589231,18.86171395438058,21.321977678934733,4.88620725194191,9,3,2018,1,18.62933349609375
2018-09-12,2888.919921875,7488.06005859375,13.140000343322754,1.91,251.663,3.8,3.9722289113205855,0.03566719422101183,-0.2638572362673064,-2.1225884732538947,-6.303609176210712,18.755809238978795,21.305088806152344,4.91513101889863,9,3,2018,1,19.369333267211918
2018-09-13,2904.179931640625,7561.68994140625,12.369999885559082,1.91,251.663,3.8,-0.3717242227533113,0.5282254329749936,0.983297172249542,3.9722289113205855,8.456157301917578,18.76066643851144,21.27979990641276,4.912778823905582,9,3,2018,1,19.297332763671875
2018-09-14,2904.97998046875,7545.5,12.06999969482422,1.91,251.663,3.8,1.9830074248618157,0.027548183892078804,-0.21410480371056861,-0.3717242227533113,-2.1225884732538947,18.898380824497767,21.159044329325358,3.871223367810861,9,3,2018,1,19.68000030517578
2018-09-17,2888.800048828125,7434.72998046875,13.68000030517578,1.91,251.663,3.8,-0.12195207050056389,-0.5569722252617426,-1.4680275598866865,1.9830074248618157,3.9722289113205855,19.030666623796737,21.04053325653076,3.8717736207423616,9,3,2018,1,19.6560001373291
2018-09-18,2904.31005859375,7494.39990234375,12.789999961853027,1.91,251.663,3.8,-3.3509697095844393,0.5369014643958003,0.8025835777728973,-0.12195207050056389,-0.3717242227533113,19.237523760114396,20.91379992167155,3.900517195808952,9,3,2018,1,18.997333526611328
2018-09-19,2907.949951171875,7490.31982421875,11.75,1.91,251.663,3.8,4.93402960660736,0.12532727238796504,-0.05444169217236894,-3.3509697095844393,1.9830074248618157,19.36628586905343,20.734799957275392,3.4095000909245825,9,3,2018,0,19.934667587280277
2018-09-20,2930.75,7569.02978515625,11.800000190734863,1.91,251.663,3.8,-0.23076098021080904,0.7840591898404803,1.0508224319474735,4.93402960660736,-0.12195207050056389,19.546190534319198,20.57477773030599,3.395396158765942,9,3,2018,0,19.8886661529541
2018-09-21,2929.669921875,7531.06982421875,11.68000030517578,1.91,251.663,3.8,0.25810871734046614,-0.03685330120276609,-0.5015168656350655,-0.23076098021080904,-3.3509697095844393,19.62771442958287,20.456222152709962,3.305902315863111,9,3,2018,0,19.940000534057617
2018-09-24,2919.3701171875,7548.75,12.199999809265137,1.91,251.663,3.8,0.19391058399589323,-0.35156877607932513,0.2347631371627079,0.25810871734046614,4.93402960660736,19.72504779270717,20.33219992319743,3.298697262677763,9,3,2018,0,19.978666305541992
2018-09-25,2915.56005859375,7563.18994140625,12.420000076293944,1.91,251.663,3.8,0.4371346808820453,-0.13050961134796202,0.1912891724623389,0.19391058399589323,-0.23076098021080904,19.78019060407366,20.20904432932536,3.300299895693119,9,3,2018,0,20.06599998474121
2018-09-26,2905.969970703125,7563.08984375,12.890000343322754,1.91,251.663,3.8,2.8539129305709343,-0.3289278113945082,-0.0013234846278575851,0.4371346808820453,0.25810871734046614,19.92057146344866,20.124466514587404,3.334386156961068,9,3,2018,0,20.6386661529541
2018-09-27,2914.0,7629.56982421875,12.40999984741211,1.91,251.663,3.8,-0.6654156583666082,0.27632870875580196,0.8790055630991667,2.8539129305709343,0.19391058399589323,20.13542856488909,20.05519987742106,3.308223413581156,9,3,2018,0,20.501333236694336
2018-09-28,2913.97998046875,7627.64990234375,12.119999885559082,1.91,251.663,3.8,-13.901536785757184,-0.0006870120538793323,-0.02516422182683442,-0.6654156583666082,0.4371346808820453,19.80923788888114,19.89813321431478,4.140609424871284,9,3,2018,1,17.65133285522461
2018-10-01,2924.590087890625,7645.4501953125,12.0,2.19,252.772,3.8,17.34713349848751,0.3641105118425747,0.23336536412454922,-13.901536785757184,2.8539129305709343,19.92704745701381,19.9096887588501,5.024623674110728,10,4,2018,1,20.71333312988281
2018-10-02,2923.429931640625,7628.27978515625,12.050000190734863,2.19,252.772,3.8,-3.115540760046809,-0.03966902079042267,-0.22458337596361622,17.34713349848751,-0.6654156583666082,19.945333208356583,19.89319985707601,5.05767230384173,10,4,2018,1,20.06800079345703
2018-10-03,2925.510009765625,7637.43017578125,11.609999656677246,2.19,252.772,3.8,-2.06631011122842,0.07115197468861023,0.1199535266496854,-3.115540760046809,-13.901536785757184,19.89885711669922,19.8329776763916,5.004090942617151,10,4,2018,1,19.65333366394043
2018-10-04,2901.610107421875,7490.0,14.220000267028809,2.19,252.772,3.8,-4.399589402452852,-0.8169482334351885,-1.9303636483481101,-2.06631011122842,17.34713349848751,19.716381072998047,19.74451103210449,5.063088848379072,10,4,2018,1,18.788667678833008
2018-10-05,2885.570068359375,7399.009765625,14.81999969482422,2.19,252.772,3.8,-7.053903829718033,-0.5527978766503461,-1.2148228888518076,-4.399589402452852,-3.115540760046809,19.26276206970215,19.615288798014323,5.21045337921833,10,4,2018,1,17.463333129882812
2018-10-08,2884.429931640625,7352.81982421875,15.6899995803833,2.19,252.772,3.8,-4.3481542224090175,-0.03951166292067709,-0.6242719346154058,-7.053903829718033,-2.06631011122842,18.720285960606166,19.45471102396647,5.2490222288371955,10,4,2018,1,16.70400047302246
2018-10-09,2880.340087890625,7371.6201171875,15.949999809265137,2.19,252.772,3.8,4.885057241581614,-0.14179036575431292,0.25568820422914307,-4.3481542224090175,-4.399589402452852,18.70152418954032,19.32922217051188,5.346541185135513,10,4,2018,1,17.520000457763672
2018-10-10,2785.679931640625,7044.5,22.959999084472656,2.19,252.772,3.8,-2.252663592700077,-3.28642290012785,-4.437560698831922,4.885057241581614,-7.053903829718033,18.18895285470145,19.207044410705567,5.34575891532755,10,4,2018,1,17.125333786010742
2018-10-11,2728.3701171875,6964.02978515625,24.979999542236328,2.19,252.772,3.8,-1.810191714594478,-2.057300761734404,-1.1423126530449301,-2.252663592700077,-4.3481542224090175,17.72428594316755,19.089755503336587,5.342017151072994,10,4,2018,1,16.815332412719727
2018-10-12,2767.1298828125,7157.2099609375,21.309999465942383,2.19,252.772,3.8,2.5968466473239804,1.4206197825152422,2.7739711308100823,-1.810191714594478,4.885057241581614,17.381238392421178,18.99115556081136,5.371657038551927,10,4,2018,1,17.25200080871582
2018-10-15,2750.7900390625,7068.669921875,21.299999237060547,2.19,252.772,3.8,0.3130010700919561,-0.5904978964482943,-1.2370747755861888,2.5968466473239804,-2.252663592700077,17.16942868913923,18.897666676839194,5.373135406028815,10,4,2018,1,17.305999755859375
2018-10-16,2809.919921875,7276.43017578125,17.6200008392334,2.19,252.772,3.8,6.548787831763603,2.149560016316343,2.939170398426816,0.3130010700919561,-1.810191714594478,17.308857236589706,18.870200030008952,5.465614291701156,10,4,2018,1,18.439332962036133
2018-10-17,2809.2099609375,7278.6298828125,17.399999618530273,2.19,252.772,3.8,-1.7390290644313078,-0.025266233815879335,0.03023057980506838,6.548787831763603,2.5968466473239804,17.51095254080636,18.850288963317873,5.449559860469518,10,4,2018,1,18.118667602539062
2018-10-18,2768.780029296875,7116.08984375,20.059999465942383,2.19,252.772,3.8,-2.8957302566477883,-1.4391922356395415,-2.2331131226539847,-1.7390290644313078,0.3130010700919561,17.521523884364537,18.81242230733236,5.475704871536253,10,4,2018,1,17.5939998626709
2018-10-19,2767.780029296875,7107.22998046875,19.88999938964844,2.19,252.772,3.8,-1.481572143560017,-0.03611698977235012,-0.12450465741423722,-2.8957302566477883,6.548787831763603,17.55123792375837,18.805222256978354,5.355740969246088,10,4,2018,1,17.333332061767578
2018-10-22,2755.8798828125,7141.2099609375,19.63999938964844,2.19,252.772,3.8,0.365396673158247,-0.42995275485813167,0.47810441708133755,-1.481572143560017,-1.7390290644313078,17.63428579057966,18.750666745503743,5.1186539715511845,10,4,2018,1,17.39666748046875
2018-10-23,2740.68994140625,7118.669921875,20.709999084472656,2.19,252.772,3.8,12.718904700256495,-0.5511829997012829,-0.31563333364785784,0.365396673158247,-2.8957302566477883,17.97104753766741,18.783333396911623,5.616860318967587,10,4,2018,1,19.60933303833008
2018-10-24,2656.10009765625,6789.14990234375,25.229999542236328,2.19,252.772,3.8,-1.9174515010206394,-3.0864433977743855,-4.6289548911189975,12.718904700256495,-1.481572143560017,18.246380942208425,18.77880007425944,5.587660541311503,10,4,2018,1,19.233333587646484
2018-10-25,2705.570068359375,7016.39013671875,24.21999931335449,2.19,252.772,3.8,9.136917152114975,1.8625040052811848,3.3471088080784916,-1.9174515010206394,0.365396673158247,18.610857282366073,18.835244560241698,5.823301258290238,10,4,2018,1,20.99066734313965
2018-10-26,2658.68994140625,6852.39990234375,24.15999984741211,2.19,252.772,3.8,5.094321706509364,-1.7327264039978307,-2.33724509583344,9.136917152114975,12.718904700256495,19.17390469142369,18.914577865600585,5.879153755431156,10,4,2018,1,22.059999465942383
2018-10-29,2641.25,6713.89990234375,24.700000762939453,2.19,252.772,3.8,1.1937184073759433,-0.6559599573700448,-2.0211896849836264,5.094321706509364,-1.9174515010206394,19.8495238167899,19.003488985697427,5.878918639060352,10,4,2018,1,22.32333374023437
2018-10-30,2682.6298828125,6810.1201171875,23.350000381469727,2.19,252.772,3.8,-1.4782734852513357,1.5666780052058682,1.4331493802902884,1.1937184073759433,9.136917152114975,20.51523835318429,19.103355662027994,5.8454960754759515,10,4,2018,1,21.99333381652832
2018-10-31,2711.739990234375,6967.10009765625,21.229999542236328,2.19,252.772,3.8,2.2491681222557736,1.0851331974038647,2.3050985557884873,-1.4782734852513357,5.094321706509364,21.242571694510325,19.188466771443686,5.798016373539384,10,4,2018,1,22.488000869750977
2018-11-01,2740.3701171875,7069.169921875,19.34000015258789,2.2,252.594,3.8,2.0633172207841666,1.0557843693063784,1.4650259474969562,2.2491681222557736,1.1937184073759433,21.720095498221262,19.29057788848877,5.802337577632046,11,4,2018,1,22.95199966430664
2018-11-02,2723.06005859375,6965.2900390625,19.51000022888184,2.2,252.594,3.8,0.6186833410645631,-0.6316686379398861,-1.4694778023520372,2.0633172207841666,-1.4782734852513357,22.271619251796178,19.395711199442545,5.801897654200594,11,4,2018,1,23.0939998626709
2018-11-05,2738.31005859375,6937.08984375,19.959999084472656,2.2,252.594,3.8,-1.4462615214999475,0.5600317169601965,-0.4048674951703135,0.6186833410645631,2.2491681222557736,22.52438109261649,19.48842233022054,5.814055790691611,11,4,2018,1,22.76000022888184
2018-11-06,2755.449951171875,6988.85009765625,19.90999984741211,2.2,252.594,3.8,-0.09959108490511515,0.6259295774170726,0.7461378628804027,-1.4462615214999475,2.0633172207841666,22.621143068586075,19.577466773986817,5.8153840399847185,11,4,2018,1,22.73733329772949
2018-11-07,2813.889892578125,7203.1298828125,16.360000610351562,2.2,252.594,3.8,2.0817452625894184,2.1208856064105275,3.0660234825770516,-0.09959108490511515,0.6186833410645631,22.747904913766043,19.66320012410482,5.806661777354398,11,4,2018,1,23.21066665649414
2018-11-08,2806.830078125,7158.58984375,16.719999313354492,2.2,252.594,3.8,0.930604908804078,-0.25089163835961825,-0.6183428563294124,2.0817452625894184,-1.4462615214999475,22.952666691371373,19.760711224873862,5.802438781383518,11,4,2018,1,23.426666259765625
2018-11-09,2781.010009765625,7039.14990234375,17.360000610351562,2.2,252.594,3.8,-0.25327462564075365,-0.9199013706103321,-1.6684842128583455,0.930604908804078,-0.09959108490511515,23.078285489763534,19.95124454498291,5.120881969955851,11,4,2018,1,23.367332458496094
2018-11-12,2726.219970703125,6829.10009765625,20.450000762939453,2.2,252.594,3.8,-5.486289846261738,-1.970148934024063,-2.9840223265818255,-0.25327462564075365,2.0817452625894184,22.954475947788783,19.996977869669596,4.237202536698576,11,4,2018,1,22.0853328704834
2018-11-13,2722.179931640625,6830.91015625,20.020000457763672,2.2,252.594,3.8,2.2488583932654294,-0.14819196931705747,0.026505082190420026,-5.486289846261738,0.930604908804078,22.881333214896067,20.080777867635092,4.20120062996507,11,4,2018,1,22.582000732421875
2018-11-14,2701.580078125,6769.8701171875,21.25,2.2,252.594,3.8,1.5558041777538723,-0.7567410690302756,-0.8935857399127278,2.2488583932654294,-0.25327462564075365,22.90609495980399,20.19011116027832,4.177562740757296,11,4,2018,1,22.933332443237305
2018-11-15,2730.199951171875,6890.4501953125,19.979999542236328,2.2,252.594,3.8,1.2907039788430774,1.0593753366266334,1.7811283826386637,1.5558041777538723,-5.486289846261738,22.97638075692313,20.33813336690267,4.070642698711026,11,4,2018,1,23.22933387756348
2018-11-16,2736.27001953125,6867.02001953125,18.13999938964844,2.2,252.594,3.8,1.6846485069498485,0.22233054237545957,-0.3400383881620561,1.2907039788430774,2.2488583932654294,23.03495216369629,20.54337781270345,3.793383925381948,11,4,2018,1,23.62066650390625
2018-11-19,2690.72998046875,6642.919921875,20.100000381469727,2.2,252.594,3.8,-0.23707949075066903,-1.664310858849427,-3.263425722057922,1.6846485069498485,1.5558041777538723,23.05466651916504,20.7720666885376,3.6625708505782653,11,4,2018,1,23.564666748046875
2018-11-20,2641.889892578125,6526.9599609375,22.479999542236328,2.2,252.594,3.8,-1.691797240752324,-1.815124083246611,-1.7456173234249972,-0.23707949075066903,1.2907039788430774,23.02590479169573,20.96026668548584,3.632085926099296,11,4,2018,1,23.166000366210938
2018-11-21,2649.929931640625,6575.66015625,20.799999237060547,2.2,252.594,3.8,-2.6763395900558984,0.3043290746176375,0.7461390234345,-1.691797240752324,1.6846485069498485,23.091714314052037,21.140955543518068,3.645953374620099,11,4,2018,1,22.54599952697754
2018-11-23,2632.56005859375,6527.35009765625,21.520000457763672,2.2,252.594,3.8,-3.654747725516738,-0.6554842390161242,-0.7346799780677871,-2.6763395900558984,-0.23707949075066903,22.968857084001815,21.304511133829752,3.709671734548963,11,4,2018,1,21.722000122070312
2018-11-26,2673.449951171875,6678.33984375,18.899999618530277,2.2,252.594,3.8,6.190348159174119,1.55323683669224,2.3131859611447148,-3.654747725516738,-1.691797240752324,22.987904957362584,21.498333358764647,3.8219621122414957,11,4,2018,1,23.06666755676269
2018-11-27,2682.169921875,6701.0400390625,19.020000457763672,2.2,252.594,3.8,-0.6011620879413759,0.3261692144003847,0.33990775916779015,6.190348159174119,-2.6763395900558984,22.94485718863351,21.685733350118003,3.831597946090927,11,4,2018,1,22.92799949645996
2018-11-28,2743.7900390625,6913.330078125,18.489999771118164,2.2,252.594,3.8,1.1485270415007465,2.2973979644221654,3.1680162754586405,-0.6011620879413759,-3.654747725516738,22.88352394104004,21.844133377075195,3.686540597022245,11,4,2018,1,23.191333770751957
2018-11-29,2737.800048828125,6892.39990234375,18.790000915527344,2.2,252.594,3.8,-1.9260070246266747,-0.21831080910337253,-0.3027509976339271,1.1485270415007465,6.190348159174119,22.766381127493723,21.998333358764647,3.6911895454601305,11,4,2018,1,22.744667053222656
2018-11-30,2760.169921875,6949.009765625,18.06999969482422,2.2,252.594,3.8,2.7288440954263304,0.8170747552017188,0.8213374743679669,-1.9260070246266747,-0.6011620879413759,22.794857297624862,22.190711148579915,3.6381918296343763,11,4,2018,1,23.365333557128903
2018-12-03,2790.3701171875,7062.1298828125,16.440000534057617,2.2,252.594,3.8,2.2854306277042546,1.0941426132194287,1.6278595224757941,2.7288440954263304,1.1485270415007465,22.988190514700754,22.409577814737954,3.614099838078861,12,4,2018,1,23.89933204650879
2018-12-04,2700.06005859375,6795.2099609375,20.739999771118164,2.2,252.594,3.8,0.337530335871139,-3.236490314939877,-3.7795951972593667,2.2854306277042546,-1.9260070246266747,23.310761860438756,22.629022216796876,3.6143086330715595,12,4,2018,1,23.979999542236328
2018-12-06,2695.949951171875,6838.85009765625,21.190000534057617,2.2,252.594,3.8,0.9341156591416766,-0.15222281477752508,0.6422191068357952,0.337530335871139,2.7288440954263304,23.473237991333008,22.78217779795329,2.8773130483730043,12,4,2018,0,24.20400047302246
2018-12-07,2633.080078125,6613.27978515625,23.229999542236328,2.2,252.594,3.8,-1.4019689883274733,-2.3320118765389863,-3.298366089019933,0.9341156591416766,2.2854306277042546,23.60704776218959,22.936555608113608,2.8623748124741026,12,4,2018,0,23.86466789245605
2018-12-10,2637.719970703125,6682.740234375,22.63999938964844,2.2,252.594,3.8,2.0057450635827756,0.1762153994735005,1.050317716402338,-1.4019689883274733,0.337530335871139,23.7716189793178,23.048311106363933,2.4018402426824856,12,4,2018,0,24.34333229064941
2018-12-11,2636.780029296875,6704.240234375,21.76000022888184,2.2,252.594,3.8,0.4409180127082468,-0.035634616892232795,0.3217243113746493,2.0057450635827756,0.9341156591416766,24.01533317565918,23.128000005086264,2.2413358049424885,12,4,2018,0,24.450666427612305
2018-12-12,2651.070068359375,6763.9599609375,21.459999084472656,2.2,252.594,3.8,-0.043622097525497505,0.5419503676349802,0.8907754566475079,0.4409180127082468,-1.4019689883274733,24.16885702950614,23.198555564880373,2.2369949901948973,12,4,2018,0,24.440000534057617
2018-12-13,2650.5400390625,6767.97021484375,20.649999618530277,2.2,252.594,3.8,2.7795937737711496,-0.019993032368359476,0.05928855181593917,-0.043622097525497505,2.0057450635827756,24.343142918178014,23.302755546569824,2.253544201719701,12,4,2018,0,25.119333267211918
2018-12-14,2599.949951171875,6594.9599609375,21.6299991607666,2.2,252.594,3.8,-2.9406295404663663,-1.9086709555430348,-2.556309327821771,2.7795937737711496,0.4409180127082468,24.400381088256836,23.365844408671062,2.3106161885104117,12,4,2018,0,24.38066673278809
2018-12-17,2545.93994140625,6448.39013671875,24.520000457763672,2.2,252.594,3.8,-4.727787408573192,-2.0773480559224233,-2.2224520707767037,-2.9406295404663663,-0.043622097525497505,24.26095254080636,23.375044441223146,2.459332325887553,12,4,2018,0,23.22800064086914
2018-12-18,2546.159912109375,6491.52001953125,25.57999992370605,2.2,252.594,3.8,-3.269048317800327,0.008640058610476231,0.6688472920846955,-4.727787408573192,2.7795937737711496,24.061523709978378,23.354199981689455,2.530770534135609,12,4,2018,0,22.46866607666016
2018-12-19,2506.9599609375,6342.97021484375,25.57999992370605,2.2,252.594,3.8,-1.2046381459097089,-1.539571453679811,-2.2883670425501768,-3.269048317800327,-2.9406295404663663,23.75504766191755,23.335466639200845,2.5265890264643756,12,4,2018,0,22.197999954223636
2018-12-20,2467.419921875,6243.18994140625,28.3799991607666,2.2,252.594,3.8,-5.282757690336403,-1.5772106327423652,-1.573084376212197,-1.2046381459097089,-4.727787408573192,23.265714372907365,23.278399976094565,2.7011192718382775,12,4,2018,0,21.025333404541016
2018-12-21,2416.6201171875,6046.56005859375,30.11000061035156,2.2,252.594,3.8,1.3919750202525005,-2.0588228309714296,-3.149509860470623,-5.282757690336403,-3.269048317800327,22.819714409964426,23.215311113993327,2.6836851771411565,12,4,2018,0,21.31800079345703
2018-12-24,2351.10009765625,5899.35009765625,36.06999969482422,2.2,252.594,3.8,-7.6242317549288785,-2.7112254452099527,-2.434606776596493,1.3919750202525005,-1.2046381459097089,22.04447637285505,23.090844472249348,2.991026799570828,12,4,2018,0,19.69266700744629
2018-12-26,2467.699951171875,6262.77001953125,30.40999984741211,2.2,252.594,3.8,10.39303204018276,4.959374278953943,6.1603382721663325,-7.6242317549288785,-5.282757690336403,21.667142868041992,23.036577796936037,3.5958247736072093,12,4,2018,1,21.73933219909668
2018-12-27,2488.830078125,6288.2998046875,29.959999084472656,2.2,252.594,3.8,-3.0543696163891854,0.8562680784222065,0.4076436636924585,10.39303204018276,1.3919750202525005,21.359618868146622,23.002911122639976,3.4981230873079223,12,4,2018,1,21.07533264160156
2018-12-28,2485.739990234375,6285.27001953125,28.34000015258789,2.2,252.594,3.8,5.611616189772195,-0.12415825080966947,-0.048181308944450496,-3.0543696163891854,-7.6242317549288785,21.329523631504603,22.992111078898112,3.6273846615164747,12,4,2018,1,22.257999420166016
2018-12-31,2506.85009765625,6329.97021484375,25.420000076293945,2.2,252.594,3.8,-0.32048222381534375,0.849248413140935,0.7111897368545117,5.611616189772195,10.39303204018276,21.327904564993723,22.967222213745117,3.6160555170209823,12,4,2018,1,22.18666648864746
2019-01-02,2510.030029296875,6360.8701171875,23.21999931335449,2.2,252.594,3.8,-6.81489998068292,0.12684969251244294,0.48815241296538137,-0.32048222381534375,-3.0543696163891854,21.277809415544784,22.882066663106283,3.8102044651568856,1,1,2019,1,20.67466735839844
2019-01-03,2447.889892578125,6147.1298828125,25.450000762939453,2.2,252.594,3.8,-3.147171266518334,-2.475673039503723,-3.3602357922300485,-6.81489998068292,5.611616189772195,21.092952183314733,22.76217778523763,3.8247277128849784,1,1,2019,1,20.02400016784668
2019-01-04,2531.93994140625,6422.669921875,21.3799991607666,2.2,252.594,3.8,5.76973909120706,3.4335714642623527,4.4824177187619885,-3.147171266518334,-0.32048222381534375,21.30533300127302,22.682666651407878,3.9914288864874505,1,1,2019,1,21.179332733154297
2019-01-07,2549.68994140625,6488.25,21.399999618530277,2.2,252.594,3.8,5.436123871697496,0.7010434848680358,1.0210719050287809,5.76973909120706,-6.81489998068292,21.389809472220286,22.654822222391765,4.114666648280997,1,1,2019,1,22.33066749572754
2019-01-08,2574.409912109375,6551.85009765625,20.46999931335449,2.2,252.594,3.8,0.11642764023440666,0.9695285023358924,0.9802350041421048,5.436123871697496,-3.147171266518334,21.57285717555455,22.648511123657226,4.08447408691728,1,1,2019,1,22.356666564941406
2019-01-09,2584.9599609375,6600.68994140625,19.979999542236328,2.2,252.594,3.8,0.9482625353500751,0.4098045450532162,0.745435915383208,0.11642764023440666,5.76973909120706,21.617238180977957,22.67673333485921,4.026477330452807,1,1,2019,1,22.568666458129883
2019-01-10,2596.639892578125,6620.93994140625,19.5,2.2,252.594,3.8,1.9023398389568458,0.4518418782931244,0.3067861114483206,0.9482625353500751,5.436123871697496,21.733142852783203,22.67444438934326,3.880141495927796,1,1,2019,1,22.99799919128418
2019-01-11,2596.260009765625,6601.39990234375,18.190000534057617,2.2,252.594,3.8,0.6638316576923708,-0.014629784190933748,-0.2951248498766712,1.9023398389568458,0.11642764023440666,22.086857114519393,22.68186664581299,3.879555407976611,1,1,2019,1,23.15066719055176
2019-01-14,2582.610107421875,6541.0400390625,19.06999969482422,2.2,252.594,3.8,-3.7032804709524303,-0.5257525167898014,-0.9143494436660293,0.6638316576923708,0.9482625353500751,22.411047526768275,22.65193328857422,3.9352630012983094,1,1,2019,1,22.293333053588867
2019-01-15,2610.300048828125,6669.64013671875,18.600000381469727,2.2,252.594,3.8,2.999402727229117,1.0721688622945758,1.9660496937530025,-3.7032804709524303,1.9023398389568458,22.665714263916016,22.65917771657308,3.9572895190217436,1,1,2019,1,22.96199989318848
2019-01-16,2616.10009765625,6668.56005859375,19.040000915527344,2.2,252.594,3.8,0.4703414429845676,0.22219854881162515,-0.016193949041620748,2.999402727229117,0.6638316576923708,22.771333149501256,22.649333254496256,3.9270590849502907,1,1,2019,1,23.06999969482422
2019-01-17,2635.9599609375,6718.4501953125,18.059999465942383,2.2,252.594,3.8,0.36410765019605495,0.7591400382211066,0.7481395725671858,0.4703414429845676,-3.7032804709524303,22.885237830025808,22.624488830566406,3.9046400834754706,1,1,2019,1,23.15399932861328
2019-01-18,2670.7099609375,6784.60986328125,17.799999237060547,2.2,252.594,3.8,-12.97111611448506,1.318305304897005,0.9847459763102862,0.36410765019605495,2.999402727229117,22.539809363228933,22.496844418843587,4.561879907574218,1,1,2019,1,20.15066719055176
2019-01-22,2632.89990234375,6646.81005859375,20.799999237060547,2.2,252.594,3.8,-1.1050140026936939,-1.4157306164566674,-2.0310645337660693,-12.97111611448506,0.4703414429845676,22.101237978254044,22.35431105295817,4.555332398126731,1,1,2019,1,19.92799949645996
2019-01-23,2638.699951171875,6658.759765625,19.520000457763672,2.2,252.594,3.8,-3.790309945117787,0.22029127742235755,0.1797810818409129,-1.1050140026936939,0.36410765019605495,21.532952172415598,22.197911008199057,4.591571030028176,1,1,2019,1,19.172666549682617
2019-01-24,2642.330078125,6702.5498046875,18.88999938964844,2.2,252.594,3.8,1.3630522645296628,0.1375725554363605,0.6576305589001796,-3.790309945117787,-12.97111611448506,21.12447602408273,22.034266599019368,4.58036613643204,1,1,2019,1,19.43400001525879
2019-01-25,2664.760009765625,6787.3701171875,17.420000076293945,2.2,252.594,3.8,1.8970237843449533,0.8488694060713842,1.265493207386248,1.3630522645296628,-1.1050140026936939,20.67314284188407,21.879333305358887,4.599942728851013,1,1,2019,1,19.80266761779785
2019-01-28,2643.85009765625,6697.08984375,18.8700008392334,2.2,252.594,3.8,-0.22219544588429896,-0.7846827493937836,-1.330121562236386,1.8970237843449533,-3.790309945117787,20.200095312935964,21.723288853963215,4.599318229167201,1,1,2019,1,19.7586669921875
2019-01-29,2640.0,6632.7900390625,19.1299991607666,2.2,252.594,3.8,0.36439960027925267,-0.14562465775435074,-0.9601156052506443,-0.22219544588429896,1.3630522645296628,19.725333622523717,21.546999994913737,4.559040464705276,1,1,2019,1,19.83066749572754
2019-01-30,2681.050048828125,6807.91015625,17.65999984741211,2.2,252.594,3.8,3.8021902704256094,1.554926091974429,2.6402180101610995,0.36439960027925267,1.8970237843449533,19.787333624703543,21.420466677347818,4.609822668593791,1,1,2019,1,20.584667205810547
2019-01-31,2704.10009765625,6906.83984375,16.56999969482422,2.2,252.594,3.8,-0.5667655087972956,0.8597395948725328,1.453157947585093,3.8021902704256094,-0.22219544588429896,19.86447661263602,21.328466669718424,4.538980775950241,1,1,2019,1,20.468000411987305
2019-02-01,2706.530029296875,6875.52001953125,16.139999389648438,2.4,253.319,3.8,1.6904375467739818,0.08986100931438479,-0.4534609883431906,-0.5667655087972956,0.36439960027925267,20.09895270211356,21.27331110636393,4.518114207032079,2,1,2019,1,20.81399917602539
2019-02-04,2724.8701171875,6959.9599609375,15.729999542236328,2.4,253.319,3.8,0.2178046704109926,0.6776236617404008,1.2281244351900922,1.6904375467739818,3.8021902704256094,20.30257170540946,21.22868887583415,4.514171382377028,2,1,2019,1,20.85933303833008
2019-02-05,2737.699951171875,7023.52001953125,15.56999969482422,2.4,253.319,3.8,2.7038217137096865,0.470842037697472,0.9132244862108063,0.2178046704109926,-0.5667655087972956,20.534095219203405,21.241955502827963,4.433164817364686,2,1,2019,1,21.42333221435547
2019-02-06,2731.610107421875,6997.6201171875,15.380000114440918,2.4,253.319,3.8,-1.2851945460094383,-0.22244379802809355,-0.3687595717208225,2.7038217137096865,1.6904375467739818,20.73257146562849,21.236288833618165,4.434445864055542,2,1,2019,1,21.14800071716309
2019-02-07,2706.050048828125,6904.97998046875,16.3700008392334,2.4,253.319,3.8,-3.060966158452272,-0.9357140143940179,-1.3238806218017984,-1.2851945460094383,0.2178046704109926,20.828285762241908,21.26322218577067,4.2351969887446055,2,1,2019,1,20.500667572021484
2019-02-08,2707.8798828125,6913.1298828125,15.720000267028809,2.4,253.319,3.8,-0.5560810155770257,0.06762010869560964,0.11802934066140747,-3.060966158452272,2.7038217137096865,20.80000005449568,21.21813335418701,3.7753201492670185,2,1,2019,1,20.386667251586918
2019-02-11,2709.800048828125,6909.18017578125,15.970000267028809,2.4,253.319,3.8,2.3021597541653227,0.07091030986317026,-0.057133412769660996,-0.5560810155770257,-1.2851945460094383,20.855428695678714,21.210822296142577,3.7594931551937605,2,1,2019,1,20.856000900268555
2019-02-12,2744.72998046875,7014.669921875,15.43000030517578,2.4,253.319,3.8,-0.3292499161602569,1.28902247439735,1.526805545808796,2.3021597541653227,-3.060966158452272,20.851619175502236,21.161800066630047,3.609131938428216,2,1,2019,1,20.78733253479004
2019-02-13,2753.030029296875,7015.8798828125,15.649999618530272,2.4,253.319,3.8,-1.1673755836671518,0.3023994668760688,0.017249007451192178,-0.3292499161602569,-0.5560810155770257,20.806666782924108,21.10706672668457,3.613723134005359,2,1,2019,1,20.544666290283203
2019-02-14,2745.72998046875,7022.419921875,16.219999313354492,2.4,253.319,3.8,-1.4277820308407851,-0.2651641555101225,0.09321766010450538,-1.1673755836671518,2.3021597541653227,20.639238357543945,21.092955589294434,3.4007565932829302,2,1,2019,0,20.251333236694336
2019-02-15,2775.60009765625,7055.18017578125,14.90999984741211,2.4,253.319,3.8,1.3529981687833148,1.087875260858695,0.46650946925290704,-1.4277820308407851,-0.3292499161602569,20.55028588431222,21.109666697184245,3.356601305703996,2,1,2019,0,20.525333404541016
2019-02-19,2779.760009765625,7066.60986328125,14.880000114440918,2.4,253.319,3.8,-0.7275592114103224,0.14987433214488366,0.16200419004515076,1.3529981687833148,-1.1673755836671518,20.53247615269252,21.082888921101887,3.186062822461316,2,1,2019,0,20.375999450683597
2019-02-20,2784.699951171875,7062.33984375,14.020000457763672,2.4,253.319,3.8,-1.0077140160174025,0.17771107537685182,-0.06042529039896882,-0.7275592114103224,-1.4277820308407851,20.50161906651088,21.01088892618815,3.0141218063035966,2,1,2019,0,20.17066764831543
2019-02-21,2774.8798828125,7035.16015625,14.460000038146973,2.4,253.319,3.8,-3.744719150082565,-0.3526436790880272,-0.3848538600709439,-1.0077140160174025,1.3529981687833148,20.29580933707101,20.912844467163087,3.0778405440689576,2,1,2019,0,19.415332794189453
2019-02-22,2792.669921875,7090.6298828125,13.510000228881836,2.4,253.319,3.8,1.1949336815981981,0.6411102394986878,0.7884643040175998,-3.744719150082565,-0.7275592114103224,20.132952281406947,20.815466690063477,3.081950742085791,2,1,2019,0,19.6473331451416
2019-02-25,2796.110107421875,7115.43017578125,14.850000381469728,2.4,253.319,3.8,1.3776227055194656,0.12318625699112573,0.34976149338812323,1.1949336815981981,-1.0077140160174025,20.043428421020508,20.71280002593994,3.069825432681152,2,1,2019,0,19.917999267578125
2019-02-26,2793.89990234375,7123.22021484375,15.170000076293944,2.4,253.319,3.8,-0.30458399535450154,-0.07904570968998437,0.10948092905211926,1.3776227055194656,-3.744719150082565,19.98714256286621,20.603022193908693,3.0630103558537476,2,1,2019,0,19.857332229614254
2019-02-27,2792.3798828125,7117.0,14.699999809265137,2.4,253.319,3.8,5.6671041222803975,-0.05440493877303387,-0.08732307378042092,-0.30458399535450154,1.1949336815981981,20.05247606549944,20.55933335622152,3.1960005148180617,2,1,2019,0,20.982667922973636
2019-02-28,2784.489990234375,7097.52978515625,14.779999732971191,2.4,253.319,3.8,1.6330846005180533,-0.28255083152146643,-0.27357334331530314,5.6671041222803975,1.3776227055194656,20.188095092773438,20.50477778116862,3.1590955467466153,2,1,2019,0,21.32533264160156
2019-03-01,2803.68994140625,7151.56982421875,13.56999969482422,2.41,254.277,3.8,-7.8435660432305205,0.689532059343434,0.7613922124781958,1.6330846005180533,-0.30458399535450154,20.11409487043108,20.390866661071776,3.449946964925222,3,1,2019,0,19.652666091918945
2019-03-04,2792.81005859375,7150.830078125,14.630000114440918,2.41,254.277,3.8,-3.198883658491347,-0.3880558492514008,-0.010343828165459978,-7.8435660432305205,5.6671041222803975,20.058190209524973,20.253200022379556,3.481334079183557,3,1,2019,0,19.02400016784668
2019-03-05,2789.64990234375,7156.7900390625,14.739999771118164,2.41,254.277,3.8,-3.090829156245878,-0.1131532823106185,0.0833464209383461,-3.198883658491347,1.6330846005180533,19.885142735072545,20.196044476826987,2.6340409950316115,3,1,2019,0,18.43600082397461
2019-03-06,2771.449951171875,7112.47021484375,15.739999771118164,2.41,254.277,3.8,-0.10848588017886573,-0.6524098653592381,-0.6192695884167043,-3.090829156245878,-7.8435660432305205,19.67057146344866,20.145644505818684,2.629323512767008,3,1,2019,0,18.416000366210938
2019-03-07,2748.929931640625,7026.8798828125,16.59000015258789,2.41,254.277,3.8,0.12669741182240735,-0.8125717558683521,-1.203384048661782,-0.10848588017886573,-3.198883658491347,19.468000139508927,20.121200052897134,2.5421816648757054,3,1,2019,0,18.439332962036133
2019-03-08,2743.070068359375,7015.68994140625,16.049999237060547,2.41,254.277,3.8,2.729675994497449,-0.21316888487414865,-0.15924480840522337,0.12669741182240735,-3.090829156245878,19.176571437290736,20.10482228597005,2.5812156238584794,3,1,2019,0,18.94266700744629
2019-03-11,2783.300048828125,7164.02001953125,14.329999923706056,2.41,254.277,3.8,2.3861458586003748,1.4666041867757107,2.1142621661422556,2.729675994497449,-0.10848588017886573,18.900762013026647,20.09122225443522,2.5954612435421294,3,1,2019,0,19.39466667175293
2019-03-12,2791.52001953125,7201.27978515625,13.770000457763672,2.41,254.277,3.8,-2.598651055019441,0.29533182046204143,0.5200957775581161,2.3861458586003748,0.12669741182240735,18.791904994419642,20.062288920084637,2.6372554530853236,3,1,2019,0,18.89066696166992
2019-03-13,2810.919921875,7256.97998046875,13.40999984741211,2.41,254.277,3.8,1.9762826693860758,0.6949583813841809,0.773476339959922,-2.598651055019441,2.729675994497449,18.82619067600795,20.043400001525878,2.6636602011446047,3,1,2019,0,19.263999938964844
2019-03-14,2808.47998046875,7243.009765625,13.5,2.41,254.277,3.8,0.34607328163371864,-0.08680223820187738,-0.19250728100875802,1.9762826693860758,2.3861458586003748,18.954000200544083,20.00160001118978,2.5636347553534624,3,1,2019,0,19.33066749572754
2019-03-15,2822.47998046875,7306.990234375,12.880000114440918,2.41,254.277,3.8,-5.011042604829264,0.498490290027398,0.883340915176567,0.34607328163371864,-2.598651055019441,18.946285792759486,19.931399981180828,2.711095207812276,3,1,2019,0,18.36199951171875
2019-03-18,2832.93994140625,7326.27978515625,13.100000381469728,2.41,254.277,3.8,-2.1566273770704303,0.37059469012648005,0.2639876359832094,-5.011042604829264,1.9762826693860758,18.878666741507395,19.83646666208903,2.703437201703531,3,1,2019,0,17.965999603271484
2019-03-19,2832.570068359375,7349.27978515625,13.5600004196167,2.41,254.277,3.8,-0.7495627621330492,-0.01305615560248663,0.3139383244221694,-2.1566273770704303,0.34607328163371864,18.71990476335798,19.73553333282471,2.7009220921591846,3,1,2019,0,17.83133316040039
2019-03-20,2824.22998046875,7380.75,13.90999984741211,2.41,254.277,3.8,2.291845522943481,-0.29443536044478913,0.4282081477876565,-0.7495627621330492,-5.011042604829264,18.554952348981583,19.629422251383463,2.6851471556922446,3,1,2019,0,18.239999771118164
2019-03-21,2854.8798828125,7493.27001953125,13.630000114440918,2.41,254.277,3.8,0.15350810461096653,1.0852481049954399,1.5245065817328873,2.291845522943481,-2.1566273770704303,18.465999875749862,19.533422215779623,2.6834774045463754,3,1,2019,0,18.26799964904785
2019-03-22,2800.7099609375,7326.06005859375,16.479999542236328,2.41,254.277,3.8,-3.463255713040714,-1.8974501239482744,-2.2314685110995103,0.15350810461096653,-0.7495627621330492,18.233333042689733,19.43791103363037,2.697932976537224,3,1,2019,0,17.635332107543945
2019-03-25,2798.360107421875,7316.9599609375,16.329999923706055,2.41,254.277,3.8,-1.5536892576059724,-0.0839020658475631,-0.12421543890532849,-3.463255713040714,2.291845522943481,17.95199966430664,19.337066586812337,2.7052334104223084,3,1,2019,0,17.3613338470459
2019-03-26,2818.4599609375,7351.14990234375,14.68000030517578,2.41,254.277,3.8,2.8223624718877183,0.7182725862306283,0.4672697621522781,-1.5536892576059724,0.15350810461096653,17.879047393798828,19.236911010742187,2.7253941640067003,3,1,2019,0,17.851333618164062
2019-03-27,2805.3701171875,7308.18994140625,15.149999618530272,2.41,254.277,3.8,2.6365922874079573,-0.46443248906916645,-0.5843978358243351,2.8223624718877183,-3.463255713040714,17.929904665265763,19.15473327636719,2.7842390947996614,3,1,2019,0,18.32200050354004
2019-03-28,2815.43994140625,7320.47021484375,14.43000030517578,2.41,254.277,3.8,1.3790332193247767,0.3589481529391092,0.16803440435946282,2.6365922874079573,-1.5536892576059724,18.036095210484095,19.089066632588704,2.798249540811464,3,1,2019,0,18.57466697692871
2019-03-29,2834.39990234375,7378.77001953125,13.710000038146973,2.41,254.277,3.8,0.44504914783887184,0.6734280017363758,0.7963942612495778,1.3790332193247767,2.8223624718877183,18.09571429661342,19.03593330383301,2.793040860554388,3,1,2019,0,18.65733337402344
2019-04-01,2867.18994140625,7478.419921875,13.399999618530272,2.42,255.233,3.7,3.3302405197562113,1.1568600124275408,1.3504947583402371,0.44504914783887184,2.6365922874079573,18.240095411028182,18.994377772013348,2.8544510237415417,4,2,2019,0,19.27866744995117
2019-04-02,2867.239990234375,7499.64013671875,13.359999656677246,2.42,255.233,3.7,-1.141164041935272,0.001745570720723677,0.28375265183597786,3.3302405197562113,1.3790332193247767,18.44342885698591,18.950466664632163,2.8582393680277383,4,2,2019,0,19.058666229248047
2019-04-03,2873.39990234375,7544.97021484375,13.739999771118164,2.42,255.233,3.7,2.0743017324461155,0.2148376881724312,0.6044300432904937,-1.141164041935272,0.44504914783887184,18.742381232125418,18.926577758789062,2.882840420020668,4,2,2019,0,19.45400047302246
2019-04-04,2879.389892578125,7540.56982421875,13.579999923706056,2.42,255.233,3.7,-8.234816239503528,0.20846350796801527,-0.05832217357655267,2.0743017324461155,3.3302405197562113,18.742476327078684,18.87446664174398,3.180830356521188,4,2,2019,0,17.851999282836914
2019-04-05,2892.739990234375,7578.83984375,12.81999969482422,2.42,255.233,3.7,2.681314318395822,0.4636432770241061,0.5075215855482762,-8.234816239503528,-1.141164041935272,18.743714468819753,18.83057778676351,3.2151737025674465,4,2,2019,0,18.33066749572754
2019-04-08,2895.77001953125,7599.740234375,13.18000030517578,2.42,255.233,3.7,-0.6400987082007648,0.10474599539205265,0.2757729554377031,2.681314318395822,2.0743017324461155,18.692095347813197,18.773755582173667,3.2025472124303276,4,2,2019,0,18.21333312988281
2019-04-09,2878.199951171875,7568.490234375,14.279999732971191,2.42,255.233,3.7,-0.3257712404775459,-0.6067494393846573,-0.41119826515452207,-0.6400987082007648,-8.234816239503528,18.620190484183176,18.716977818806967,3.2025626399347566,4,2,2019,0,18.15399932861328
2019-04-10,2888.2099609375,7611.490234375,13.300000190734863,2.42,255.233,3.7,1.3771070245990558,0.34778715639784963,0.568145015299093,-0.3257712404775459,2.681314318395822,18.49523789542062,18.631022198994955,3.019909129851324,4,2,2019,0,18.40399932861328
2019-04-11,2888.320068359375,7594.89013671875,13.020000457763672,2.42,255.233,3.7,-2.7675107337592375,0.0038123067008344336,-0.21809260926698437,1.3771070245990558,-0.6400987082007648,18.32895224434989,18.516666666666666,3.0250785247793592,4,2,2019,0,17.89466667175293
2019-04-12,2907.409912109375,7628.14990234375,12.010000228881836,2.42,255.233,3.7,-0.268238221889483,0.6609324208602496,0.4379229327386769,-2.7675107337592375,-0.3257712404775459,18.09933308192662,18.456466674804688,2.6920337544155823,4,2,2019,0,17.84666633605957
2019-04-15,2905.580078125,7629.1201171875,12.31999969482422,2.42,255.233,3.7,-0.49308561170477994,-0.06293691084816588,0.012718874906370026,-0.268238221889483,1.3771070245990558,18.08599989754813,18.414288902282713,2.635783568582993,4,2,2019,0,17.7586669921875
2019-04-16,2907.06005859375,7654.72998046875,12.18000030517578,2.42,255.233,3.7,2.6203202008537207,0.050935800389462216,0.33568567394230975,-0.49308561170477994,-2.7675107337592375,18.070761816842214,18.40722223917643,2.625635956661672,4,2,2019,0,18.224000930786133
2019-04-17,2900.449951171875,7680.72021484375,12.600000381469728,2.42,255.233,3.7,-0.7791933226055425,-0.22738117853239315,0.33953169401552685,2.6203202008537207,-0.268238221889483,18.052000045776367,18.39608891805013,2.6294045658420013,4,2,2019,0,18.082000732421875
2019-04-18,2905.030029296875,7689.72021484375,12.09000015258789,2.42,255.233,3.7,0.7484354720840525,0.15790922795098083,0.11717651142411079,-0.7791933226055425,-0.49308561170477994,18.0610476902553,18.38868891398112,2.633104339867246,4,2,2019,0,18.21733283996582
2019-04-22,2907.969970703125,7713.490234375,12.420000076293944,2.42,255.233,3.7,-3.846152638080802,0.10120175614714011,0.30911423130020044,0.7484354720840525,2.6203202008537207,17.934285845075333,18.341155560811362,2.6709383813406227,4,2,2019,0,17.516666412353516
2019-04-23,2933.679931640625,7810.7099609375,12.279999732971191,2.42,255.233,3.7,0.4376739071872082,0.8841205788409079,1.2603856828552473,-3.846152638080802,-0.7791933226055425,17.891238076346262,18.281111081441242,2.6286000908766294,4,2,2019,0,17.593332290649414
2019-04-24,2927.25,7784.41015625,13.140000343322754,2.42,255.233,3.7,-1.9855977462206353,-0.21917631747336852,-0.3367146497441187,0.4376739071872082,0.7484354720840525,17.80514281136649,18.226222165425618,2.612368625834074,4,2,2019,0,17.243999481201172
2019-04-25,2926.169921875,7816.919921875,13.25,2.42,255.233,3.7,-4.26428039397303,-0.03689736527457965,0.41762657635529,-1.9855977462206353,-3.846152638080802,17.62657138279506,18.134377733866373,2.675055681249471,4,2,2019,0,16.5086669921875
2019-04-26,2939.8798828125,7826.68017578125,12.729999542236328,2.42,255.233,3.7,-5.043819414148299,0.46852921407636305,0.12486061010983374,-4.26428039397303,0.4376739071872082,17.26257119859968,18.01255547205607,2.7960709149638467,4,2,2019,0,15.675999641418455
2019-04-29,2943.030029296875,7839.0400390625,13.109999656677246,2.42,255.233,3.7,2.6920128922461872,0.10715221743553549,0.15791961602693583,-5.043819414148299,-1.9855977462206353,16.979142461504257,17.93708880742391,2.7355321098255914,4,2,2019,0,16.097999572753906
2019-04-30,2945.830078125,7781.4599609375,13.119999885559082,2.42,255.233,3.7,-1.1512753335668258,0.09514170090862972,-0.7345297107563487,2.6920128922461872,-4.26428039397303,16.64990452357701,17.86864439646403,2.719390598507256,4,2,2019,0,15.912667274475098
2019-05-01,2923.72998046875,7751.85009765625,14.800000190734863,2.39,255.296,3.6,-1.9607038171323365,-0.7502163081421376,-0.38051809596001407,-1.1512753335668258,-5.043819414148299,16.376190321786062,17.794288857777914,2.734211673967258,5,2,2019,0,15.600666999816896
2019-05-02,2917.52001953125,7724.06005859375,14.420000076293944,2.39,255.296,3.6,4.311774592818329,-0.21239857917741967,-0.35849556831474283,-1.9607038171323365,2.6920128922461872,16.187618936811173,17.72873328526815,2.8262994735808222,5,2,2019,0,16.273332595825195
2019-05-03,2945.639892578125,7845.72998046875,12.869999885559082,2.39,255.296,3.6,4.477682789311133,0.9638279380647763,1.575206833608589,4.311774592818329,-1.1512753335668258,16.153047697884695,17.686533323923747,2.959478637472866,5,2,2019,0,17.00200080871582
2019-05-06,2932.469970703125,7794.08984375,15.4399995803833,2.39,255.296,3.6,0.12155112018303882,-0.4470988428756373,-0.6581941622679333,4.477682789311133,-1.9607038171323365,16.22647626059396,17.66611115137736,2.894677359676164,5,2,2019,0,17.022666931152344
2019-05-07,2884.050048828125,7640.14990234375,19.31999969482422,2.39,255.296,3.6,-3.2427353951582027,-1.6511651392423388,-1.9750855390728295,0.12155112018303882,4.311774592818329,16.34000015258789,17.63642225265503,2.940460081504215,5,2,2019,0,16.470666885375977
2019-05-08,2879.419921875,7617.5498046875,19.399999618530277,2.39,255.296,3.6,-0.8985714919320764,-0.16054253132695706,-0.29580699259993404,-3.2427353951582027,4.477682789311133,16.372095380510604,17.58546667098999,2.8895383846119014,5,2,2019,0,16.32266616821289
2019-05-09,2870.719970703125,7582.75,19.100000381469727,2.39,255.296,3.6,-1.1681069548660883,-0.30214249424966866,-0.45683724530538594,-0.8985714919320764,0.12155112018303882,16.403428622654506,17.51246665318807,2.8412495078696685,5,2,2019,0,16.131999969482422
2019-05-10,2881.39990234375,7586.52978515625,16.040000915527344,2.39,255.296,3.6,-1.0166102021160528,0.37202972597878414,0.04984715513831617,-1.1681069548660883,-3.2427353951582027,16.455904824393137,17.425577767690022,2.823605720670059,5,2,2019,0,15.968000411987305
2019-05-13,2811.8701171875,7324.1298828125,20.549999237060547,2.39,255.296,3.6,-5.222949436031376,-2.413055719884427,-3.458760589817489,-1.0166102021160528,-0.8985714919320764,16.293142999921525,17.30813331604004,2.9476101480896664,5,2,2019,0,15.133999824523926
2019-05-14,2834.409912109375,7401.8798828125,18.059999465942383,2.39,255.296,3.6,2.334699863237777,0.8015944543135589,1.061559546922508,-5.222949436031376,-1.1681069548660883,16.076761926923478,17.18175551096598,2.9065422604990374,5,2,2019,0,15.487333297729492
2019-05-15,2850.9599609375,7503.25,16.440000534057617,2.39,255.296,3.6,-0.154966432150061,0.583897507464215,1.3695185384308362,2.334699863237777,-1.0166102021160528,15.853999955313546,17.061911074320474,2.9067913647342536,5,2,2019,0,15.463333129882812
2019-05-16,2876.320068359375,7580.14013671875,15.289999961853027,2.39,255.296,3.6,-1.560679096708617,0.8895287120600504,1.0247577612201297,-0.154966432150061,-5.222949436031376,15.675618989127022,16.920844395955402,2.864644738363819,5,2,2019,0,15.222000122070312
2019-05-17,2859.530029296875,7503.68017578125,15.960000038146973,2.39,255.296,3.6,-7.576748791335907,-0.5837333350761975,-1.0086879603600218,-1.560679096708617,2.334699863237777,15.353619166782924,16.794733333587647,2.8074948063172482,5,2,2019,0,14.0686674118042
2019-05-20,2840.22998046875,7376.7001953125,16.309999465942383,2.39,255.296,3.6,-2.6868234803977042,-0.6749377915387988,-1.6922360427699012,-7.576748791335907,-0.154966432150061,15.004857335771831,16.64006665547689,2.75162959979749,5,2,2019,0,13.690667152404783
2019-05-21,2864.360107421875,7451.02001953125,14.949999809265137,2.39,255.296,3.6,-0.13634997375606694,0.8495835590448308,1.0074941674595328,-2.6868234803977042,-1.560679096708617,14.676857267107282,16.488688882191976,2.7550015575101443,5,2,2019,0,13.67199993133545
2019-05-22,2856.27001953125,7420.66015625,14.75,2.39,255.296,3.6,-6.022036210467108,-0.2824396230649451,-0.4074591559500296,-0.13634997375606694,-7.576748791335907,14.350381170000349,16.311844476064046,2.9052391989188537,5,2,2019,0,12.84866714477539
2019-05-23,2822.239990234375,7307.93017578125,16.920000076293945,2.39,255.296,3.6,1.4320552722358215,-1.191414994527018,-1.5191368166052488,-6.022036210467108,-2.6868234803977042,13.999714578901019,16.13280007044474,2.9068743248970863,5,2,2019,0,13.03266716003418
2019-05-24,2826.06005859375,7300.9599609375,15.850000381469728,2.39,255.296,3.6,-2.486063325357668,0.13535590072402126,-0.09537878272085631,1.4320552722358215,-0.13634997375606694,13.606190817696708,15.9599334081014,2.901764556296281,5,2,2019,0,12.708666801452637
2019-05-28,2802.389892578125,7278.3798828125,17.5,2.39,255.296,3.6,-1.012434110963345,-0.8375676922946718,-0.30927546851113874,-2.486063325357668,-6.022036210467108,13.228762217930385,15.78437786102295,2.8976491487543465,5,2,2019,0,12.579999923706056
2019-05-29,2783.02001953125,7216.85986328125,17.899999618530273,2.39,255.296,3.6,0.6147333130873234,-0.6911912256811314,-0.8452433168063433,-1.012434110963345,1.4320552722358215,13.02714306967599,15.614333407084148,2.912903317617632,5,2,2019,0,12.657333374023438
2019-05-30,2788.860107421875,7245.39990234375,17.299999237060547,2.39,255.296,3.6,-0.8637920413351985,0.20984713906617714,0.3954633954818654,0.6147333130873234,-2.486063325357668,12.86390495300293,15.42513338724772,2.828482379103569,5,2,2019,0,12.54800033569336
2019-05-31,2752.06005859375,7127.9599609375,18.709999084472656,2.39,255.296,3.6,-1.6257608189742534,-1.319537280847849,-1.620889709183071,-0.8637920413351985,-1.012434110963345,12.674190657479423,15.233866691589355,2.8283935362346355,5,2,2019,0,12.343999862670898
2019-06-03,2744.449951171875,6978.02001953125,18.86000061035156,2.39,255.296,3.6,-3.343059616543187,-0.27652403144732274,-2.103546347453522,-1.6257608189742534,0.6147333130873234,12.543142863682338,15.024333349863689,2.82858936092192,6,2,2019,0,11.9313325881958
2019-06-04,2803.27001953125,7166.75,16.969999313354492,2.39,255.296,3.6,8.174561896341825,2.1432370568193138,2.704635124870669,-3.343059616543187,-0.8637920413351985,12.525142805916923,14.870666694641113,3.2799015798718205,6,2,2019,0,12.90666675567627
2019-06-05,2826.14990234375,7220.89990234375,16.09000015258789,2.39,255.296,3.6,1.544420373527533,0.8161854781411959,0.7555712469913045,8.174561896341825,-1.6257608189742534,12.581904683794294,14.721088949839274,3.3023222774053127,6,2,2019,0,13.105999946594238
2019-06-06,2843.489990234375,7275.93017578125,15.93000030517578,2.39,255.296,3.6,4.76117502048552,0.6135586748687638,0.7620971649203723,1.544420373527533,-3.343059616543187,12.746190343584333,14.603955618540446,3.4537910697560466,6,2,2019,0,13.729999542236328
2019-06-07,2873.340087890625,7417.2900390625,16.299999237060547,2.39,255.296,3.6,-0.7040519976872828,1.049769746289475,1.9428424938955802,4.76117502048552,8.174561896341825,12.885618891034808,14.508111159006754,3.387596743179716,6,2,2019,0,13.633333206176758
2019-06-10,2886.72998046875,7501.93017578125,15.9399995803833,2.39,255.296,3.6,4.097803335938788,0.46600444669098184,1.141119415217684,-0.7040519976872828,1.544420373527533,13.120476041521345,14.458644517262776,3.3834123828112133,6,2,2019,0,14.19200038909912
2019-06-11,2885.719970703125,7513.85009765625,15.989999771118164,2.39,255.296,3.6,1.982334850283829,-0.034988023558091275,0.15889139988907175,4.097803335938788,4.76117502048552,13.42466654096331,14.404488976796468,3.3643747328772053,6,2,2019,0,14.473333358764648
2019-06-12,2879.840087890625,7472.2900390625,15.90999984741211,2.39,255.296,3.6,-3.611234292213117,-0.20375791387226005,-0.5531126926089924,1.982334850283829,-0.7040519976872828,13.713142939976283,14.339088980356852,3.415444236245323,6,2,2019,0,13.95066738128662
2019-06-13,2891.639892578125,7510.68017578125,15.81999969482422,2.39,255.296,3.6,2.2221120858935794,0.40973819126681743,0.5137666835476118,-3.611234292213117,4.097803335938788,13.906571524483818,14.294422308603922,3.4340741161855237,6,2,2019,0,14.260666847229004
2019-06-14,2886.97998046875,7479.10986328125,15.279999732971191,2.39,255.296,3.6,0.4721603986466594,-0.1611511904139773,-0.4203389275155289,2.2221120858935794,1.982334850283829,14.081142970493861,14.229577891031902,3.3284319652367422,6,2,2019,0,14.32800006866455
2019-06-17,2889.669921875,7526.52001953125,15.350000381469728,2.39,255.296,3.6,4.704074421740101,0.09317492412306283,0.633901053957775,0.4721603986466594,-3.611234292213117,14.2628573008946,14.162911192576091,3.3400380984659566,6,2,2019,0,15.001999855041504
2019-06-18,2917.75,7635.39990234375,15.149999618530272,2.39,255.296,3.6,-0.12886872369679558,0.9717399870633026,1.4466165310124346,4.704074421740101,2.2221120858935794,14.455619267054967,14.094911193847656,3.3390997658110777,6,2,2019,0,14.982666969299316
2019-06-19,2926.4599609375,7667.740234375,14.329999923706056,2.39,255.296,3.6,0.7519764691878983,0.2985163546397107,0.42355780240563856,-0.12886872369679558,0.4721603986466594,14.584666797092982,14.049066734313964,3.300042375282547,6,2,2019,0,15.095333099365234
2019-06-20,2954.179931640625,7738.0498046875,14.75,2.39,255.296,3.6,-3.007555183009203,0.9472185190685156,0.9169529504572616,0.7519764691878983,4.704074421740101,14.608666692461286,13.993022282918295,3.3368669970217595,6,2,2019,0,14.641332626342772
2019-06-21,2950.4599609375,7728.77978515625,15.399999618530272,2.39,255.296,3.6,1.019947826256895,-0.12592227925193322,-0.11979787886133852,-3.007555183009203,-0.12886872369679558,14.728666578020368,13.94831116994222,3.3413256131787055,6,2,2019,0,14.790666580200195
2019-06-24,2945.35009765625,7723.02001953125,15.260000228881836,2.39,255.296,3.6,0.8023076459826362,-0.17318870104667816,-0.07452360896686994,1.019947826256895,0.7519764691878983,14.82133320399693,13.913022263844807,3.3431546538056702,6,2,2019,0,14.90933322906494
2019-06-25,2917.3798828125,7591.5400390625,16.280000686645508,2.39,255.296,3.6,-1.73492693830819,-0.9496397343734198,-1.7024425695678858,0.8023076459826362,-3.007555183009203,14.867428507123675,13.896911176045736,3.2199002050716015,6,2,2019,0,14.650667190551758
2019-06-26,2913.780029296875,7627.0498046875,16.209999084472656,2.39,255.296,3.6,-0.2229738728571129,-0.12339337557076835,0.46775444036761815,-1.73492693830819,1.019947826256895,14.812571389334542,13.867933400472005,3.188064710346663,6,2,2019,0,14.618000030517578
2019-06-27,2924.919921875,7657.0498046875,15.81999969482422,2.39,255.296,3.6,1.6281291255971775,0.3823175554131808,0.39333688343772266,-0.2229738728571129,0.8023076459826362,14.794476100376674,13.847688961029053,3.2044190672221924,6,2,2019,0,14.855999946594238
2019-06-28,2941.760009765625,7671.080078125,15.079999923706056,2.39,255.296,3.6,0.2782256239630465,0.5757452627909831,0.18323340967314472,1.6281291255971775,-1.73492693830819,14.76619039263044,13.836866728464763,3.1927617970879814,6,2,2019,0,14.897333145141602
2019-07-01,2964.330078125,7768.14013671875,14.0600004196167,2.4,255.802,3.7,1.6602537125377292,0.7672301032188189,1.265272394568373,0.2782256239630465,-0.2229738728571129,14.838095256260463,13.872733370463054,2.8680165175017396,7,3,2019,0,15.14466667175293
2019-07-02,2973.010009765625,7799.81982421875,12.93000030517578,2.4,255.802,3.7,-1.1533195712382427,0.2928125887423194,0.40781560247935555,1.6602537125377292,1.6281291255971775,14.863714354378837,13.915377807617187,2.826583334149587,7,3,2019,0,14.970000267028809
2019-07-03,2995.820068359375,7857.68994140625,12.56999969482422,2.4,255.802,3.7,4.60921555160565,0.7672378673070135,0.7419417177793042,-1.1533195712382427,0.2782256239630465,14.970952442714147,13.98164447148641,2.9301042929276155,7,3,2019,0,15.65999984741211
2019-07-05,2990.409912109375,7841.2998046875,13.279999732971191,2.4,255.802,3.7,-0.7662828015858048,-0.180590159841032,-0.20858721635708122,4.60921555160565,1.6602537125377292,15.097999981471471,14.071355565388997,2.672863909488129,7,3,2019,0,15.539999961853027
2019-07-08,2975.949951171875,7785.7900390625,13.960000038146973,2.4,255.802,3.7,-1.1840412851381266,-0.48354444248415174,-0.7079153585202391,-0.7662828015858048,-1.1533195712382427,15.203428540910993,14.148799991607666,2.689760969995853,7,3,2019,0,15.355999946594238
2019-07-09,2979.6298828125,7826.85986328125,14.09000015258789,2.4,255.802,3.7,-0.12156304463569745,0.12365569653400854,0.5274971969793318,-1.1840412851381266,4.60921555160565,15.272190366472516,14.236422189076741,2.6307349761404106,7,3,2019,0,15.337332725524902
2019-07-10,2993.070068359375,7903.39990234375,13.029999732971191,2.4,255.802,3.7,3.8511763106394925,0.45106896075925995,0.9779150310532447,-0.12156304463569745,-0.7662828015858048,15.419428552900042,14.348022206624348,2.673536872153493,7,3,2019,0,15.928000450134276
2019-07-11,2999.909912109375,7896.77978515625,12.93000030517578,2.4,255.802,3.7,-0.13393830898482673,0.22852267383599578,-0.08376290291899346,3.8511763106394925,-1.1840412851381266,15.528285707746234,14.45633331934611,2.6790419828998084,7,3,2019,0,15.90666675567627
2019-07-12,3013.77001953125,7943.240234375,12.390000343322754,2.4,255.802,3.7,2.7158434061185455,0.4620174547884881,0.5883467753030613,-0.13393830898482673,-0.12156304463569745,15.723809514726911,14.58268887201945,2.6821616365743886,7,3,2019,0,16.338666915893555
2019-07-15,3014.300048828125,7966.93017578125,12.68000030517578,2.4,255.802,3.7,3.4356089485530594,0.017586919155743175,0.2982402735816736,2.7158434061185455,3.8511763106394925,15.900952339172363,14.734555530548096,2.6758181965986756,7,3,2019,0,16.899999618530273
2019-07-16,3004.0400390625,7927.080078125,12.859999656677246,2.4,255.802,3.7,-0.4418164415035952,-0.3403778522185874,-0.5001938861895705,3.4356089485530594,-0.13393830898482673,16.084571293422155,14.897688865661621,2.5601279201704563,7,3,2019,0,16.825332641601562
2019-07-17,2984.419921875,7888.759765625,13.970000267028809,2.4,255.802,3.7,0.9826533897421275,-0.6531243569450895,-0.48341018536883773,-0.4418164415035952,2.7158434061185455,16.318095207214355,15.033822218577066,2.193349141104702,7,3,2019,0,16.99066734313965
2019-07-18,2995.110107421875,7904.1298828125,13.529999732971191,2.4,255.802,3.7,-0.517938756868408,0.3581997784064761,0.19483566040983114,0.9826533897421275,3.4356089485530594,16.54171425955636,15.160377756754558,2.2061519191540984,7,3,2019,0,16.902666091918945
2019-07-19,2976.610107421875,7834.89990234375,14.449999809265137,2.4,255.802,3.7,1.830088813133579,-0.617673452276668,-0.875870987637617,-0.517938756868408,-0.4418164415035952,16.72514275142125,15.276444435119629,2.089950162318915,7,3,2019,0,17.211999893188477
2019-07-22,2985.030029296875,7905.1201171875,13.529999732971191,2.4,255.802,3.7,-0.9683129904604848,0.2828694915066654,0.8962490359671893,1.830088813133579,0.9826533897421275,16.88780948093959,15.390177790323893,2.0969536896014276,7,3,2019,0,17.045333862304688
2019-07-23,3005.469970703125,7954.56005859375,12.609999656677246,2.4,255.802,3.7,1.7561027246856264,0.6847482673755456,0.6254167004845046,-0.9683129904604848,-0.517938756868408,17.031523840767996,15.49526669184367,2.010549238026902,7,3,2019,0,17.344667434692383
2019-07-24,3019.56005859375,8010.60986328125,12.06999969482422,2.4,255.802,3.7,1.8103499372800647,0.4688147952890187,0.7046248224243046,1.7561027246856264,1.830088813133579,17.139904839651926,15.601444466908772,2.006980196792491,7,3,2019,0,17.658666610717773
2019-07-25,3003.669921875,7929.8701171875,12.739999771118164,2.4,255.802,3.7,-13.613708110635002,-0.5262401280453521,-1.0079101026232995,1.8103499372800647,-0.9683129904604848,16.915524074009486,15.644911130269369,3.213458721242641,7,3,2019,0,15.254667282104492
2019-07-26,3025.860107421875,8016.9501953125,12.15999984741211,2.4,255.802,3.7,-0.3408795800965869,0.7387691099234761,1.0981274199719726,-13.613708110635002,1.7561027246856264,16.660095487322128,15.676311143239339,3.196025092269243,7,3,2019,0,15.202667236328123
2019-07-29,3020.969970703125,7989.080078125,12.829999923706056,2.4,255.802,3.7,3.3897550189597503,-0.16161146071345112,-0.3476398943303316,-0.3408795800965869,1.8103499372800647,16.490857533046178,15.722644488016764,3.2465146913883824,7,3,2019,0,15.718000411987305
2019-07-30,3013.179931640625,7952.47021484375,13.9399995803833,2.4,255.802,3.7,2.752683338998274,-0.25786549148275606,-0.45824879614727587,3.3897550189597503,-13.613708110635002,16.339238575526647,15.76093339920044,3.175306370304099,7,3,2019,0,16.150667190551758
2019-07-31,2980.3798828125,7848.77978515625,16.1200008392334,2.4,255.802,3.7,-0.2683168467668695,-1.0885526112695776,-1.303876995275699,2.752683338998274,-0.3408795800965869,16.205238342285156,15.798422241210938,3.176054691391439,7,3,2019,0,16.107332229614258
2019-08-01,2953.56005859375,7801.14990234375,17.8700008392334,2.13,256.036,3.6,-3.2117800120570084,-0.8998793869673061,-0.6068444282585017,-0.2683168467668695,3.3897550189597503,15.9545715876988,15.814911142985027,3.238155076401683,8,3,2019,0,15.59000015258789
2019-08-02,2932.050048828125,7692.7998046875,17.610000610351562,2.13,256.036,3.6,0.2095391899579857,-0.7282739927037873,-1.3888990599154827,-3.2117800120570084,2.752683338998274,15.6637145451137,15.847622299194336,3.1823887969081803,8,3,2019,0,15.62266731262207
2019-08-05,2844.739990234375,7415.68994140625,24.59000015258789,2.13,256.036,3.6,-2.5689260005491543,-2.97778200029859,-3.6021977734608024,0.2095391899579857,-0.2683168467668695,15.65895244053432,15.861977831522625,3.220391043181983,8,3,2019,0,15.221332550048828
2019-08-06,2881.77001953125,7521.31982421875,20.170000076293945,2.13,256.036,3.6,1.0643000906475075,1.3017017169932643,1.424410724384595,-2.5689260005491543,-3.2117800120570084,15.684761864798409,15.877777830759685,3.222578907626893,8,3,2019,0,15.383333206176758
2019-08-07,2883.97998046875,7551.89990234375,19.489999771118164,2.13,256.036,3.6,1.1570931609834245,0.07668762331907164,0.4065786170471375,1.0643000906475075,0.2095391899579857,15.662380763462611,15.908133347829184,3.207235919604925,8,3,2019,0,15.56133270263672
2019-08-08,2938.090087890625,7724.830078125,16.90999984741211,2.13,256.036,3.6,2.090659940038875,1.8762303409984193,2.289889670380574,1.1570931609834245,-2.5689260005491543,15.624666486467634,15.950422255198161,3.2231507361540515,8,3,2019,0,15.886667251586914
2019-08-09,2918.64990234375,7646.27001953125,17.969999313354492,2.13,256.036,3.6,-1.3806206102419005,-0.661660635492356,-1.01698105717839,2.090659940038875,1.0643000906475075,15.561809403555733,15.977466678619384,3.228204579585377,8,3,2019,0,15.667332649230955
2019-08-12,2882.699951171875,7561.68017578125,21.09000015258789,2.13,256.036,3.6,-2.5530805242071963,-1.2317322177972212,-1.1062889949469246,-1.3806206102419005,1.1570931609834245,15.51571410042899,15.98980000813802,3.267910929555861,8,3,2019,0,15.267333030700684
2019-08-13,2926.320068359375,7728.14990234375,17.520000457763672,2.13,256.036,3.6,2.6156104216395137,1.5131688322181258,2.201491238622788,-2.5530805242071963,2.090659940038875,15.521999767848424,16.00720001856486,3.2878670405089836,8,3,2019,0,15.666666984558104
2019-08-14,2840.60009765625,7490.1298828125,22.100000381469727,2.13,256.036,3.6,-6.544687260065951,-2.9292752911742603,-3.0799094549015527,2.6156104216395137,-1.3806206102419005,15.439142635890416,15.996244430541992,3.5029033425130867,8,3,2019,1,14.641332626342772
2019-08-15,2847.60009765625,7484.89013671875,21.18000030517578,2.13,256.036,3.6,-1.8122136062087235,0.24642680276520945,-0.06995534357520095,-6.544687260065951,-2.5530805242071963,15.295237949916295,15.953444449106852,3.405657552691729,8,3,2019,0,14.37600040435791
2019-08-16,2888.679931640625,7604.10986328125,18.46999931335449,2.13,256.036,3.6,1.994065540164347,1.4426124657807904,1.5928052968692485,-1.8122136062087235,2.6156104216395137,15.166857174464635,15.924200026194255,3.427761613757207,8,3,2019,0,14.662667274475098
2019-08-19,2923.64990234375,7719.31982421875,16.8799991607666,2.13,256.036,3.6,3.132666502806747,1.2105865492430645,1.515101215118242,1.994065540164347,-6.544687260065951,15.057618958609444,15.9164000193278,3.472455095472997,8,3,2019,0,15.121999740600586
2019-08-20,2900.510009765625,7664.47021484375,17.5,2.13,256.036,3.6,-0.4276335746339899,-0.7914727601131322,-0.7105497715344522,3.132666502806747,-1.8122136062087235,14.970476150512695,15.907066694895427,3.473305548141761,8,3,2019,0,15.057332992553713
2019-08-21,2924.429931640625,7733.22021484375,15.800000190734863,2.13,256.036,3.6,-2.2270402776456644,0.8246798595579641,0.8969961141848115,-0.4276335746339899,1.994065540164347,14.892571449279785,15.86686668395996,3.4177533992670215,8,3,2019,0,14.722000122070312
2019-08-22,2922.949951171875,7707.43017578125,16.68000030517578,2.13,256.036,3.6,0.597746887764683,-0.05060748601761755,-0.33349676261639205,-2.2270402776456644,3.132666502806747,14.770190511431013,15.830311139424643,3.420868535526926,8,3,2019,0,14.8100004196167
2019-08-23,2847.110107421875,7464.990234375,19.8700008392334,2.13,256.036,3.6,-4.839075995863595,-2.5946336754618105,-3.1455353584396994,0.597746887764683,-0.4276335746339899,14.691904885428292,15.755466683705647,3.4780867832163436,8,3,2019,0,14.09333324432373
2019-08-26,2878.3798828125,7575.02001953125,19.31999969482422,2.13,256.036,3.6,1.7029312154726028,1.0982987735216332,1.473944127208382,-4.839075995863595,-2.2270402776456644,14.685809544154576,15.669911130269368,3.4256752030702526,8,3,2019,0,14.333333015441896
2019-08-27,2869.159912109375,7566.02978515625,20.309999465942383,2.13,256.036,3.6,-0.4279025860254859,-0.3203180635808267,-0.11868264838666986,1.7029312154726028,0.597746887764683,14.62999997820173,15.584800052642823,3.4256825655627465,8,3,2019,0,14.272000312805176
2019-08-28,2887.93994140625,7587.89990234375,19.350000381469727,2.13,256.036,3.6,0.7053461155446694,0.6545480165679685,0.2890567154573809,-0.4279025860254859,-4.839075995863595,14.522952488490514,15.497533384958903,3.421951784725252,8,3,2019,0,14.37266731262207
2019-08-29,2924.580078125,7702.31005859375,17.8799991607666,2.13,256.036,3.6,2.8387214669075345,1.2687291793508804,1.5077973842889225,0.7053461155446694,1.7029312154726028,14.483428818838936,15.426800092061361,3.4756796858695496,8,3,2019,0,14.780667304992676
2019-08-30,2926.4599609375,7691.0,18.979999542236328,2.13,256.036,3.6,1.7590496412817291,0.06427872591217021,-0.14683982477609048,2.8387214669075345,-0.4279025860254859,14.528952598571777,15.35442231496175,3.4741426882508906,8,3,2019,0,15.040666580200195
2019-09-03,2906.27001953125,7609.509765625,19.65999984741211,2.13,256.036,3.6,-0.26594540634046204,-0.689910050906084,-1.0595531709140515,1.7590496412817291,0.7053461155446694,14.556190626961845,15.286266740163168,3.4724557847951116,9,3,2019,0,15.000666618347168
2019-09-04,2937.780029296875,7719.25,17.329999923706055,2.13,256.036,3.6,-1.924359313509616,1.0842079212828093,1.4421459168202588,-0.26594540634046204,2.8387214669075345,14.644571576799665,15.19851115544637,3.459980661263253,9,3,2019,0,14.711999893188477
2019-09-05,2976.0,7862.5400390625,16.270000457763672,2.13,256.036,3.6,4.03298836753283,1.300981364226672,1.8562689258995402,-1.924359313509616,1.7590496412817291,14.783428737095424,15.120066706339518,3.5338594638737804,9,3,2019,1,15.305333137512209
2019-09-06,2978.7099609375,7852.5400390625,15.0,2.13,256.036,3.6,-0.9277824735237417,0.09106051537297599,-0.12718536185911677,4.03298836753283,-0.26594540634046204,14.910761969430107,15.117022228240966,2.510500551111421,9,3,2019,0,15.16333293914795
2019-09-09,2978.429931640625,7832.39990234375,15.270000457763672,2.13,256.036,3.6,1.9081180789296326,-0.009401025965849463,-0.25647926172376323,-0.9277824735237417,-1.924359313509616,15.065047672816686,15.1253555615743,2.53311501149741,9,3,2019,0,15.452667236328123
2019-09-10,2979.389892578125,7814.740234375,15.199999809265137,2.13,256.036,3.6,1.6178436782244843,0.03223043548219451,-0.22546943706827083,1.9081180789296326,4.03298836753283,15.196761948721749,15.124844455718994,2.4733727828057077,9,3,2019,0,15.702667236328123
2019-09-11,3000.929931640625,7887.580078125,14.609999656677246,2.13,256.036,3.6,4.907867630625118,0.7229681189480308,0.9320827252785158,1.6178436782244843,-0.9277824735237417,15.401428631373815,15.135599994659424,2.584100880936996,9,3,2019,0,16.47333335876465
2019-09-12,3009.570068359375,7917.33984375,14.220000267028809,2.13,256.036,3.6,-0.4977786258313466,0.2879153101061016,0.37729906169237104,4.907867630625118,1.9081180789296326,15.600095203944615,15.145066674550375,2.5855632671150337,9,3,2019,0,16.391332626342773
2019-09-13,3007.389892578125,7892.9501953125,13.739999771118164,2.13,256.036,3.6,-0.27249944407460314,-0.07244143620946941,-0.30805357504961606,-0.4977786258313466,1.6178436782244843,15.833618981497628,15.170288880666098,2.5107054937750193,9,3,2019,0,16.34666633605957
2019-09-16,2997.9599609375,7852.41015625,14.670000076293944,2.13,256.036,3.6,-0.9747197346762881,-0.31355866640028207,-0.5136233988474403,-0.27249944407460314,4.907867630625118,15.959618840898786,15.189111042022706,2.519662665092413,9,3,2019,0,16.187332153320312
2019-09-17,3005.699951171875,7888.7900390625,14.4399995803833,2.13,256.036,3.6,0.8154522822672039,0.25817523700197853,0.46329575364252307,-0.9747197346762881,-0.4977786258313466,16.1247615814209,15.225711027781168,2.4690156549278335,9,3,2019,0,16.319332122802734
2019-09-18,3006.72998046875,7888.56005859375,13.949999809265137,2.13,256.036,3.6,-0.5310523689140867,0.03426919897555614,-0.002915281907756029,0.8154522822672039,-0.27249944407460314,16.236190250941686,15.25402218500773,2.46832390324551,9,3,2019,0,16.232667922973633
2019-09-19,3006.7900390625,7901.7900390625,14.050000190734863,2.13,256.036,3.6,1.2772552981913154,0.001997472142156731,0.16771096842111977,-0.5310523689140867,-0.9747197346762881,16.341523579188756,15.28331111272176,2.4700123770481874,9,3,2019,0,16.440000534057617
2019-09-20,2992.070068359375,7823.5498046875,15.31999969482422,2.13,256.036,3.6,-2.4249895148037104,-0.48955765157830955,-0.9901583563751926,1.2772552981913154,0.8154522822672039,16.279809134347097,15.288466612497965,2.489159470918012,9,3,2019,0,16.041332244873047
2019-09-23,2991.780029296875,7818.60986328125,14.90999984741211,2.13,256.036,3.6,0.2535231296753704,-0.009693591923765066,-0.06314194361349834,-2.4249895148037104,-0.5310523689140867,16.23561886378697,15.302288881937663,2.474326714886762,9,3,2019,0,16.082000732421875
2019-09-24,2966.60009765625,7710.0400390625,17.049999237060547,2.13,256.036,3.6,-7.4700531334503495,-0.8416371322106486,-1.3886077719343581,0.2535231296753704,1.2772552981913154,16.0261903490339,15.289400005340577,2.7988552456019686,9,3,2019,0,14.880666732788086
2019-09-25,2984.8701171875,7803.5400390625,15.960000038146973,2.13,256.036,3.6,2.459568391983602,0.6158571742003405,1.2127044675032561,-7.4700531334503495,-2.4249895148037104,15.891809599740165,15.275400002797445,2.7938770751038775,9,3,2019,0,15.24666690826416
2019-09-26,2977.6201171875,7771.990234375,16.06999969482422,2.13,256.036,3.6,6.0603458159791845,-0.2428916406865711,-0.4043011829191645,2.459568391983602,0.2535231296753704,15.87057181767055,15.3263778368632,2.730922134748129,9,3,2019,0,16.17066764831543
2019-09-27,2961.7900390625,7681.580078125,17.219999313354492,2.13,256.036,3.6,-0.17728055869207227,-0.5316352490240539,-1.1632819075109158,6.0603458159791845,-7.4700531334503495,15.857619285583496,15.385244496663411,2.7020744674367125,9,3,2019,0,16.142000198364258
2019-09-30,2976.739990234375,7749.4501953125,16.239999771118164,2.13,256.036,3.6,-0.5203793381044264,0.5047606675254723,0.8835437045143335,-0.17728055869207227,2.459568391983602,15.803047861371722,15.431755606333414,2.6906191124037324,9,3,2019,0,16.058000564575195
2019-10-01,2940.25,7684.14013671875,18.559999465942383,1.83,257.155,3.6,1.5859214917846032,-1.2258373372913245,-0.842770221728184,-0.5203793381044264,6.0603458159791845,15.84181009020124,15.471444543202718,2.649743405471489,10,4,2019,0,16.312667846679688
2019-10-02,2887.610107421875,7550.7900390625,20.559999465942383,1.83,257.155,3.6,-0.6375418940066435,-1.7903202985502964,-1.7353938799090196,1.5859214917846032,-0.17728055869207227,15.85990537915911,15.509822368621826,2.651972133934776,10,4,2019,0,16.208667755126953
2019-10-03,2910.6298828125,7638.39013671875,19.1200008392334,1.83,257.155,3.6,-4.154166681375992,0.797191259701524,1.1601447954858735,-0.6375418940066435,-0.5203793381044264,15.953429085867745,15.536933453877767,2.7367805704340036,10,4,2019,0,15.535332679748535
2019-10-04,2952.010009765625,7754.10009765625,17.040000915527344,1.83,257.155,3.6,-0.6866001099940289,1.4216897585460186,1.5148474857452854,-4.154166681375992,1.5859214917846032,15.979429108755928,15.557555675506592,2.7406442508210858,10,4,2019,0,15.428667068481444
2019-10-07,2938.7900390625,7725.1298828125,17.860000610351562,1.83,257.155,3.6,2.7178790132110553,-0.4478294673592398,-0.37361156651184446,-0.6866001099940289,-0.6375418940066435,15.933333669389997,15.61604455312093,2.6081655647568835,10,4,2019,0,15.847999572753906
2019-10-08,2893.06005859375,7604.27001953125,20.280000686645508,1.83,257.155,3.6,0.9801398882838708,-1.5560819201407838,-1.5645026700476405,2.7178790132110553,-4.154166681375992,15.913523946489606,15.671711190541584,2.599276736930223,10,4,2019,0,16.003332138061523
2019-10-09,2919.39990234375,7690.52978515625,18.63999938964844,1.83,257.155,3.6,1.8662857531057897,0.9104492549941501,1.1343595822274288,0.9801398882838708,-0.6866001099940289,15.94838101523263,15.739377848307292,2.607786418726588,10,4,2019,0,16.302000045776367
2019-10-10,2938.1298828125,7740.35986328125,17.56999969482422,1.83,257.155,3.6,0.08587865860343324,0.6415695380997066,0.6479407728343878,1.8662857531057897,2.7178790132110553,15.948857034955706,15.804155604044597,2.608371493319405,10,4,2019,0,16.31599998474121
2019-10-11,2970.27001953125,7843.8798828125,15.579999923706056,1.83,257.155,3.6,1.2870745566869735,1.0938977513132997,1.3374057713043674,0.08587865860343324,0.9801398882838708,15.994190079825264,15.862333329518636,2.5746761897067683,10,4,2019,0,16.525999069213867
2019-10-14,2966.14990234375,7842.330078125,14.56999969482422,1.83,257.155,3.6,3.6588871936986234,-0.13871187334510982,-0.019758138965075833,1.2870745566869735,1.8662857531057897,16.2220949445452,15.932000001271566,2.6318590531774566,10,4,2019,0,17.130666732788086
2019-10-15,2995.679931640625,7942.85009765625,13.539999961853027,1.83,257.155,3.6,0.36192563678525413,0.9955676641137279,1.2817621616263652,3.6588871936986234,0.08587865860343324,16.474094935825892,16.005066680908204,2.628312699799955,10,4,2019,0,17.19266700744629
2019-10-16,2989.68994140625,7920.2099609375,13.68000030517578,1.83,257.155,3.6,0.7212409177860479,-0.19995427986508885,-0.2850379453268381,0.36192563678525413,1.2870745566869735,16.68390464782715,16.09188893636068,2.5886207256908818,10,4,2019,0,17.316667556762695
2019-10-17,2997.949951171875,7942.14013671875,13.789999961853027,1.83,257.155,3.6,0.8546610329575488,0.27628315736780706,0.2768888184708551,0.7212409177860479,3.6588871936986234,16.89266668047224,16.16386671066284,2.5060416944992627,10,4,2019,0,17.46466636657715
2019-10-18,2986.199951171875,7868.490234375,14.25,1.83,257.155,3.6,-1.9162530722660276,-0.39193449495069643,-0.9273306826109273,0.8546610329575488,0.36192563678525413,17.010952268327987,16.229422251383465,2.531443026102014,10,4,2019,0,17.1299991607666
2019-10-21,3006.719970703125,7940.330078125,14.0,1.83,257.155,3.6,-1.342671065408474,0.6871616056117524,0.9130067091670746,-1.9162530722660276,0.7212409177860479,17.09438078744071,16.277666664123537,2.535940181664228,10,4,2019,0,16.899999618530273
2019-10-22,2995.989990234375,7874.6201171875,14.460000038146973,1.83,257.155,3.6,0.820521085401027,-0.3568666378412577,-0.8275469695967153,-1.342671065408474,0.8546610329575488,17.167619160243444,16.32220001220703,2.526139011050354,10,4,2019,0,17.038667678833008
2019-10-23,3004.52001953125,7889.47021484375,14.010000228881836,1.83,257.155,3.6,-0.35214826899614415,0.28471487971184484,0.18858176566305396,0.820521085401027,-1.9162530722660276,17.145904813494003,16.339044443766277,2.373478404324989,10,4,2019,0,16.978666305541992
2019-10-24,3010.2900390625,7966.72021484375,13.710000038146973,1.83,257.155,3.6,17.66923235319593,0.192044635873323,0.9791531990913205,-0.35214826899614415,-1.342671065408474,17.54390471322196,16.458622233072916,3.9812503562090757,10,4,2019,1,19.978666305541992
2019-10-25,3022.550048828125,8029.22021484375,12.649999618530272,1.83,257.155,3.6,9.493463935290958,0.4072700506109195,0.7845135553216531,17.66923235319593,0.820521085401027,18.19514274597168,16.64291114807129,4.283888343221778,10,4,2019,1,21.875333786010746
2019-10-28,3039.419921875,8110.669921875,13.109999656677246,1.83,257.155,3.6,-0.1279974888776403,0.5581337868471481,1.0144161556395304,9.493463935290958,-0.35214826899614415,18.821238109043666,16.831577873229982,4.272799640862948,10,4,2019,1,21.84733390808105
2019-10-29,3036.889892578125,8047.509765625,13.199999809265137,1.83,257.155,3.6,-3.506152059118417,-0.08324053147991117,-0.778729215445606,-0.1279974888776403,17.66923235319593,19.385714394705637,16.990311241149904,4.354362351837672,10,4,2019,1,21.08133316040039
2019-10-30,3046.77001953125,8083.10986328125,12.329999923706056,1.83,257.155,3.6,-0.38263988223681267,0.325337015914573,0.4423740845685753,-3.506152059118417,9.493463935290958,19.97152410234724,17.14924456278483,4.352713249371559,10,4,2019,1,21.000667572021484
2019-10-31,3037.56005859375,8083.830078125,13.220000267028809,1.83,257.155,3.6,-0.02857299073112385,-0.3022860563304697,0.00891012068289232,-0.38263988223681267,-0.1279974888776403,20.536666870117188,17.30106678009033,4.3558403611628504,10,4,2019,1,20.994667053222656
2019-11-01,3066.909912109375,8161.169921875,12.300000190734863,1.55,257.879,3.6,-0.511244768449004,0.9662312168146059,0.9567227787145471,-0.02857299073112385,-3.506152059118417,21.095047814505442,17.46260013580322,4.319251073402975,11,4,2019,1,20.88733291625977
2019-11-04,3078.27001953125,8210.66015625,12.829999923706056,1.55,257.879,3.6,1.3277626893232641,0.3704089049704651,0.6064110274477619,-0.511244768449004,-0.38263988223681267,21.26447650364467,17.632022349039712,4.317569617308096,11,4,2019,1,21.1646671295166
2019-11-05,3074.6201171875,8210.1796875,13.100000381469728,1.55,257.879,3.6,-0.07874639488314461,-0.1185699214361291,-0.005851767590625556,1.3277626893232641,-0.02857299073112385,21.160571779523575,17.840933481852215,4.017779927997369,11,4,2019,1,21.14800071716309
2019-11-06,3076.780029296875,8196.0302734375,12.619999885559082,1.55,257.879,3.6,2.9506271080336655,0.07024972279667807,-0.17233988293876568,-0.07874639488314461,-0.511244768449004,21.14980970110212,18.05844456354777,4.023869386371718,11,4,2019,1,21.77199935913086
2019-11-07,3085.179931640625,8219.650390625,12.729999542236328,1.55,257.879,3.6,2.743587753370691,0.27300951851503275,0.28818972599515824,2.9506271080336655,1.3277626893232641,21.33380971636091,18.26506675084432,3.932156386499413,11,4,2019,1,22.369333267211918
2019-11-08,3093.080078125,8255.8896484375,12.06999969482422,1.55,257.879,3.6,0.4768428440276695,0.25606760900243053,0.4408856349150003,2.743587753370691,-0.07874639488314461,21.544571467808314,18.47620007197062,3.9263132076636755,11,4,2019,1,22.47599983215332
2019-11-11,3087.010009765625,8241.91015625,12.6899995803833,1.55,257.879,3.6,2.358073903734903,-0.19624672514313435,-0.1693275077888856,0.4768428440276695,2.9506271080336655,21.831904820033483,18.707800070444744,3.9185271616167494,11,4,2019,1,23.006000518798828
2019-11-12,3091.840087890625,8263.7900390625,12.68000030517578,1.55,257.879,3.6,1.4025304743831235,0.15646460846321375,0.2654710182190989,2.358073903734903,2.743587753370691,22.180666787283762,18.941666698455812,3.918167627109765,11,4,2019,1,23.32866668701172
2019-11-13,3094.0400390625,8259.8095703125,13.0,1.55,257.879,3.6,-1.0916495379750035,0.07115345908383919,-0.048167592971071205,1.4025304743831235,0.4768428440276695,22.453428540910995,19.17051108678182,3.9266526543400584,11,4,2019,1,23.073999404907227
2019-11-14,3096.6298828125,8257.830078125,13.050000190734863,1.55,257.879,3.6,0.9361251460125342,0.08370427393644686,-0.02396534896657032,-1.0916495379750035,2.358073903734903,22.759428569248744,19.429000027974446,3.79262464457857,11,4,2019,1,23.290000915527344
2019-11-15,3120.4599609375,8315.51953125,12.050000190734863,1.55,257.879,3.6,0.8072121852793046,0.7695488006902673,0.6986030540616195,0.9361251460125342,1.4025304743831235,23.003143038068497,19.697311147054037,3.7737324495333517,11,4,2019,1,23.47800064086914
2019-11-18,3122.030029296875,8328.48046875,12.460000038146973,1.55,257.879,3.6,-0.6190230846208622,0.05031528617669423,0.15586443458273092,0.8072121852793046,-1.0916495379750035,23.140762056623185,19.94680004119873,3.7849270355190567,11,4,2019,1,23.332666397094727
2019-11-19,3120.179931640625,8338.740234375,12.859999656677246,1.55,257.879,3.6,2.722937893509192,-0.05925944462060739,0.12318892580100993,-0.6190230846208622,0.9361251460125342,23.35390499659947,20.212288983662923,3.79223954847662,11,4,2019,1,23.968000411987305
2019-11-20,3108.4599609375,8283.75,12.779999732971191,1.55,257.879,3.6,-2.0304890883314552,-0.3756184245747196,-0.6594549395880223,2.722937893509192,0.8072121852793046,23.421809605189733,20.451600074768066,3.8428110609232617,11,4,2019,1,23.481332778930664
2019-11-21,3103.5400390625,8265.6201171875,13.130000114440918,1.55,257.879,3.6,0.741013246629163,-0.15827522106851566,-0.21886081560283932,-2.0304890883314552,-0.6190230846208622,23.468476159232004,20.69624449412028,3.837592067281418,11,4,2019,1,23.655332565307617
2019-11-22,3110.2900390625,8272.0498046875,12.34000015258789,1.55,257.879,3.6,-6.140963459164972,0.21749356911917594,0.07778832572562511,0.741013246629163,2.722937893509192,23.344000135149276,20.88546676635742,4.071711736326975,11,4,2019,1,22.202667236328125
2019-11-25,3133.639892578125,8371.9296875,11.869999885559082,1.55,257.879,3.6,0.9908688492819007,0.7507291353015866,1.2074381219985053,-6.140963459164972,-2.0304890883314552,23.220095225742885,21.061866760253906,4.042108316792119,11,4,2019,1,22.422666549682617
2019-11-26,3140.52001953125,8385.75,11.539999961853027,1.55,257.879,3.6,-2.2061027047189374,0.21955703874654287,0.16507917548131967,0.9908688492819007,0.741013246629163,22.998666490827286,21.219711176554362,4.082529182614002,11,4,2019,1,21.92799949645996
2019-11-27,3153.6298828125,8444.7099609375,11.75,1.55,257.879,3.6,0.7205442797936445,0.4174424362754614,0.7030970508004719,-2.2061027047189374,-6.140963459164972,22.82057135445731,21.378688939412434,4.082530174068868,11,4,2019,1,22.086000442504883
2019-11-29,3140.97998046875,8403.6796875,12.619999885559082,1.55,257.879,3.6,-0.40749864522633406,-0.4011219709926239,-0.485869539952144,0.7205442797936445,0.9908688492819007,22.538857051304408,21.529733403523764,4.08939802145439,11,4,2019,1,21.996000289916992
2019-12-02,3113.8701171875,8309.259765625,14.90999984741211,1.55,257.879,3.6,1.4942111414791182,-0.8631020716408422,-1.1235545069077868,-0.40749864522633406,-2.2061027047189374,22.373619079589844,21.702888997395835,4.057201452878939,12,4,2019,1,22.32466697692871
2019-12-03,3093.199951171875,8254.740234375,15.960000038146973,1.55,257.879,3.6,0.39717016153113516,-0.663809511563529,-0.6561298212813704,1.4942111414791182,0.7205442797936445,22.196190697806223,21.8866668065389,4.0355137575683555,12,4,2019,1,22.413333892822266
2019-12-04,3112.760009765625,8296.5302734375,14.800000190734863,1.55,257.879,3.6,-0.9428951066637326,0.632356747139462,0.5062550471119032,0.39717016153113516,-0.40749864522633406,22.196095330374582,22.058777872721354,4.051316057527574,12,4,2019,1,22.20199966430664
2019-12-05,3117.429931640625,8308.400390625,14.520000457763672,1.55,257.879,3.6,-0.7987205077007897,0.15002511791302187,0.14307327034657202,-0.9428951066637326,1.4942111414791182,22.139238357543945,22.226977920532228,4.057120561866409,12,4,2019,1,22.024667739868164
2019-12-06,3145.909912109375,8397.3701171875,13.619999885559082,1.55,257.879,3.6,1.6708539482366058,0.9135724328457329,1.0708406237004642,-0.7987205077007897,0.39717016153113516,22.20561953953334,22.307444636027018,2.557288730507829,12,4,2019,0,22.392667770385746
2019-12-09,3135.9599609375,8362.740234375,15.859999656677246,1.55,257.879,3.6,1.0836776557687555,-0.316282139344648,-0.4123896211460365,1.6708539482366058,-0.9428951066637326,22.28409549168178,22.33277791341146,1.9052862712668537,12,4,2019,0,22.635332107543945
2019-12-10,3132.52001953125,8354.2900390625,15.68000030517578,1.55,257.879,3.6,2.7420335973247223,-0.10969340964486207,-0.10104577059282249,1.0836776557687555,-0.7987205077007897,22.464095524379186,22.37973346710205,1.9629773408123987,12,4,2019,0,23.256000518798828
2019-12-11,3141.6298828125,8402.6103515625,14.989999771118164,1.55,257.879,3.6,1.1065180701923305,0.2908158040315856,0.578389214093189,2.7420335973247223,1.6708539482366058,22.63390486580985,22.46080010732015,1.8370659411425398,12,4,2019,0,23.51333236694336
2019-12-12,3168.570068359375,8466.8896484375,13.9399995803833,1.55,257.879,3.6,1.9790216517877823,0.8575225775086182,0.7649919987429588,1.1065180701923305,1.0836776557687555,22.85752378191267,22.560066731770835,1.8537334420824636,12,4,2019,0,23.978666305541992
2019-12-13,3168.800048828125,8487.7099609375,12.630000114440918,1.55,257.879,3.6,-0.35864603168680453,0.007258178414493166,0.2459027265560465,1.9790216517877823,2.7420335973247223,23.099047797066827,22.65666675567627,1.8577076551059417,12,4,2019,0,23.892667770385746
2019-12-16,3191.449951171875,8570.330078125,12.140000343322754,1.55,257.879,3.6,6.448273954410255,0.7147785279833618,0.9734088177816735,-0.35864603168680453,1.1065180701923305,23.585999897548135,22.808200073242187,2.1458701435421683,12,4,2019,0,25.433332443237305
2019-12-17,3192.52001953125,8575.7001953125,12.289999961853027,1.55,257.879,3.6,-0.6579228102730705,0.033529222633799094,0.06265939746248339,6.448273954410255,1.9790216517877823,23.996476037161692,22.944911193847656,2.1558288308763123,12,4,2019,0,25.266000747680664
2019-12-18,3191.139892578125,8580.6201171875,12.579999923706056,1.55,257.879,3.6,3.7362396455982383,-0.043230017186479675,0.057370497603081994,-0.6579228102730705,-0.35864603168680453,24.507142748151505,23.113644472757976,2.2249272369889765,12,4,2019,0,26.209999084472656
2019-12-19,3205.3701171875,8641.2900390625,12.5,1.55,257.879,3.6,2.769941872802484,0.4459292004863613,0.7070575441683324,3.7362396455982383,6.448273954410255,25.03285707746233,23.285777854919434,2.218978442830159,12,4,2019,0,26.93600082397461
2019-12-20,3221.219970703125,8678.490234375,12.510000228881836,1.55,257.879,3.6,0.3836223506470837,0.4944781081796634,0.43049353909356824,2.769941872802484,-0.6579228102730705,25.536571502685547,23.44144452412923,2.186945811538231,12,4,2019,0,27.03933334350586
2019-12-23,3224.010009765625,8696.009765625,12.609999656677246,1.55,257.879,3.6,3.360536294198302,0.08661436002121992,0.20187303064080897,0.3836223506470837,3.7362396455982383,26.103619166782924,23.62384452819824,2.2414431841960996,12,4,2019,0,27.947999954223636
2019-12-24,3223.3798828125,8699.509765625,12.670000076293944,1.55,257.879,3.6,1.4383871042812801,-0.019544819997963092,0.04024834486542339,3.360536294198302,2.769941872802484,26.74038096836635,23.80197785695394,2.2249658468417626,12,4,2019,0,28.350000381469727
2019-12-26,3239.909912109375,8778.3095703125,12.649999618530272,1.55,257.879,3.6,1.3380370052541446,0.5128166675301138,0.9057959219594958,1.4383871042812801,0.3836223506470837,27.211238316127233,23.982000096639,2.224317294378856,12,4,2019,0,28.72933387756348
2019-12-27,3240.02001953125,8770.98046875,13.43000030517578,1.55,257.879,3.6,-0.12995234173470704,0.003398471712534601,-0.08349103553246806,1.3380370052541446,3.360536294198302,27.700666700090682,24.169266764322916,2.204139506057903,12,4,2019,0,28.691999435424805
2019-12-30,3221.2900390625,8709.73046875,14.81999969482422,1.55,257.879,3.6,-3.643287242176041,-0.5780822450430323,-0.698325577376746,-0.12995234173470704,1.4383871042812801,27.90590504237584,24.3144889831543,2.345052716169457,12,4,2019,0,27.64666748046875
2019-12-31,3230.780029296875,8733.0703125,13.779999732971191,1.55,257.879,3.6,0.8753267375039453,0.2946021661910603,0.2679743516029731,-3.643287242176041,1.3380370052541446,28.04200008937291,24.461511166890464,2.3452933663798055,12,4,2019,0,27.8886661529541
2020-01-02,3257.85009765625,8872.2197265625,12.470000267028809,1.55,257.879,3.6,2.85181750157113,0.8378802677341701,1.593361888582634,0.8753267375039453,-0.12995234173470704,28.276952471051896,24.639888954162597,2.3684710067191923,1,1,2020,0,28.68400001525879
2020-01-03,3234.85009765625,8793.900390625,14.020000457763672,1.55,257.879,3.6,2.963325829792085,-0.7059870562045378,-0.8827479295065221,2.85181750157113,-3.643287242176041,28.503523962838308,24.825422286987305,2.3758836146024302,1,1,2020,0,29.53400039672852
2020-01-06,3246.280029296875,8848.51953125,13.850000381469728,1.55,257.879,3.6,1.925463704513497,0.35333728907271933,0.6211025619897725,2.963325829792085,0.8753267375039453,28.75390488760812,25.04613342285156,2.3269043239299565,1,1,2020,0,30.1026668548584
2020-01-07,3237.179931640625,8846.4501953125,13.789999961853027,1.55,257.879,3.6,3.880052465815398,-0.2803238652896223,-0.02338623913517024,1.925463704513497,2.85181750157113,29.116952351161412,25.29997787475586,2.3911661882364452,1,1,2020,0,31.270666122436523
2020-01-08,3253.050048828125,8912.3701171875,13.449999809265137,1.55,257.879,3.6,4.920482578812169,0.49024513689781557,0.7451567625388122,3.880052465815398,2.963325829792085,29.705142974853516,25.65353342692057,2.0922207712889964,1,1,2020,0,32.80933380126953
2020-01-09,3274.699951171875,8989.6298828125,12.539999961853027,1.55,257.879,3.6,-2.1945011900097344,0.6655262605488987,0.8668823737022047,4.920482578812169,1.925463704513497,30.33980941772461,25.975755627950033,2.1886839709703323,1,1,2020,0,32.089332580566406
2020-01-10,3265.35009765625,8966.6396484375,12.5600004196167,1.55,257.879,3.6,-0.6627297633174156,-0.2855178689662563,-0.2557417232377457,-2.1945011900097344,3.880052465815398,30.909523827689036,26.30737787882487,2.1223917586936407,1,1,2020,0,31.87666702270508
2020-01-13,3288.1298828125,9070.650390625,12.31999969482422,1.55,257.879,3.6,9.76889588509331,0.6976215252569862,1.159974597681357,-0.6627297633174156,4.920482578812169,31.81047603062221,26.737533378601075,2.6242756407030816,1,1,2020,0,34.990665435791016
2020-01-14,3283.14990234375,9033.419921875,12.390000343322754,1.55,257.879,3.6,2.4882822120200876,-0.1514532772802224,-0.41044982605084046,9.76889588509331,-2.1945011900097344,32.7143805367606,27.199711100260416,2.6018904552050897,1,1,2020,0,35.861331939697266
2020-01-15,3289.2900390625,9035.669921875,12.420000076293944,1.55,257.879,3.6,-3.6102013513057862,0.18701968845122874,0.02490751032786509,2.4882822120200876,-0.6627297633174156,33.352094650268555,27.607777722676595,2.775208863343701,1,1,2020,0,34.56666564941406
2020-01-16,3316.81005859375,9125.0,12.31999969482422,1.55,257.879,3.6,-0.9662477636014799,0.8366553026468271,0.9886381297388391,-3.6102013513057862,9.76889588509331,33.77523749215262,28.001755460103354,2.8049688572921263,1,1,2020,0,34.232666015625
2020-01-17,3329.6201171875,9173.73046875,12.100000381469728,1.55,257.879,3.6,-0.5822894156913949,0.3862162248501333,0.5340325342465757,-0.9662477636014799,2.4882822120200876,33.950094495500835,28.3961332321167,2.795076890920617,1,1,2020,0,34.03333282470703
2020-01-21,3320.7900390625,9166.6298828125,12.850000381469728,1.55,257.879,3.6,7.1890306192789355,-0.26519776473655776,-0.07740129232800541,-0.5822894156913949,-3.6102013513057862,34.57733263288225,28.87797762552897,2.947708648961834,1,1,2020,0,36.47999954223633
2020-01-22,3321.75,9188.580078125,12.90999984741211,1.55,257.879,3.6,4.086264444061727,0.02890760711180551,0.23945763702815093,7.1890306192789355,-0.9662477636014799,35.44790431431362,29.3972443262736,2.9786605739589334,1,1,2020,0,37.97066879272461
2020-01-23,3325.5400390625,9216.98046875,12.979999542236328,1.55,257.879,3.6,0.4635122144013071,0.11409766124783616,0.30908356224279565,4.086264444061727,-0.5822894156913949,35.89876174926758,29.914288838704426,2.986072829023159,1,1,2020,0,38.14666748046875
2020-01-24,3295.469970703125,9141.4697265625,14.5600004196167,1.55,257.879,3.6,-1.2897603180825445,-0.9042160974207403,-0.8192568319257854,0.4635122144013071,7.1890306192789355,36.15495245797293,30.394244384765624,3.032441040165903,1,1,2020,0,37.654666900634766
2020-01-27,3243.6298828125,8952.1796875,18.229999542236328,1.55,257.879,3.6,-1.2039272835579373,-1.5730711659182384,-2.070674024248831,-1.2897603180825445,4.086264444061727,36.53133337838309,30.850511042277017,3.0760756246688863,1,1,2020,0,37.20133209228516
2020-01-28,3276.239990234375,9090.9296875,16.280000686645508,1.55,257.879,3.6,1.5913383222044608,1.0053584595046017,1.5499018657292751,-1.2039272835579373,0.4635122144013071,37.03999982561384,31.310999870300293,3.0751799162845406,1,1,2020,0,37.79333114624024
2020-01-29,3273.39990234375,9101.6103515625,16.389999389648438,1.55,257.879,3.6,2.4854513769903663,-0.08668741908683941,0.11748703850593678,1.5913383222044608,-1.2897603180825445,37.71133313860212,31.805666478474937,3.0573761112521822,1,1,2020,0,38.732666015625
2020-01-30,3283.659912109375,9136.08984375,15.489999771118164,1.55,257.879,3.6,10.296225866535558,0.3134358792605374,0.37882848040819983,2.4854513769903663,-1.2039272835579373,38.602857317243306,32.381911023457846,3.333140069388229,1,1,2020,0,42.72066879272461
2020-01-31,3225.52001953125,8991.509765625,18.84000015258789,1.55,257.879,3.6,1.5230690473505115,-1.770582037552626,-1.5825159406013034,10.296225866535558,1.5913383222044608,39.374380929129465,32.985422134399414,3.301411943982547,1,1,2020,0,43.37133407592773
2020-02-03,3248.919921875,9126.23046875,17.969999313354492,1.55,257.879,3.6,19.894859376394926,0.7254613892351713,1.4983101463120763,1.5230690473505115,2.4854513769903663,41.353428431919646,33.84508883158366,4.656626396170136,2,1,2020,1,52.0
2020-02-04,3297.590087890625,9334.0595703125,16.049999237060547,1.55,257.879,3.6,13.725640223576473,1.4980414164082134,2.277272114419504,19.894859376394926,10.296225866535558,44.42238071986607,34.918466567993164,5.0950250981378495,2,1,2020,1,59.137332916259766
2020-02-05,3334.68994140625,9367.48046875,15.149999618530272,1.55,257.879,3.6,-17.17583947927872,1.125059589785371,0.358053194172836,13.725640223576473,1.5230690473505115,46.10504749843052,35.64982210795085,6.255373255587597,2,1,2020,1,48.97999954223633
2020-02-06,3345.780029296875,9445.919921875,14.960000038146973,1.55,257.879,3.6,1.9409316942544441,0.3325672876785646,0.8373591318036278,-17.17583947927872,19.894859376394926,47.8389527457101,36.3825777053833,6.251557239496236,2,1,2020,1,49.93066787719727
2020-02-07,3327.7099609375,9401.099609375,15.470000267028809,1.55,257.879,3.6,-0.1188323805631386,-0.5400853672730133,-0.4744938859390979,1.9409316942544441,13.725640223576473,49.43019104003906,37.099955495198564,6.264032578944545,2,1,2020,1,49.87133407592773
2020-02-10,3352.090087890625,9516.83984375,15.039999961853027,1.55,257.879,3.6,3.1026496329857656,0.7326397804890528,1.2311350712589153,-0.1188323805631386,-17.17583947927872,50.67276218959263,37.85626659393311,6.26503548519806,2,1,2020,1,51.41866683959961
2020-02-11,3357.75,9517.8603515625,15.18000030517578,1.55,257.879,3.6,0.4019260937028868,0.16884725532351208,0.010723179429894536,3.1026496329857656,1.9409316942544441,51.8519047328404,38.62071100870768,6.25912104247247,2,1,2020,1,51.62533187866211
2020-02-12,3379.449951171875,9613.2001953125,13.739999771118164,1.55,257.879,3.6,-0.9155657933695438,0.6462646466197652,1.0016940806906183,0.4019260937028868,-0.1188323805631386,51.73085730416434,39.40424435933431,6.1912929830290135,2,1,2020,1,51.15266799926758
2020-02-13,3373.93994140625,9595.7001953125,14.149999618530272,1.55,257.879,3.6,4.78436525517798,-0.16304457368023773,-0.18204135609839467,-0.9155657933695438,3.1026496329857656,50.93980952671596,40.261288770039876,6.2023765765118615,2,1,2020,1,53.59999847412109
2020-02-14,3380.159912109375,9623.580078125,13.68000030517578,1.55,257.879,3.6,-0.49377556683484203,0.18435333204338544,0.29054558026020416,4.78436525517798,0.4019260937028868,51.5620002746582,41.08299992879232,6.223742538694815,2,1,2020,1,53.33533477783203
2020-02-18,3370.2900390625,9629.7998046875,14.829999923706056,1.55,257.879,3.6,7.29597130158357,-0.2919942636890105,0.06463007022343703,-0.49377556683484203,-0.9155657933695438,52.6042856488909,42.00608876546224,6.2902058863319645,2,1,2020,1,57.22666549682617
2020-02-19,3386.14990234375,9718.73046875,14.380000114440918,1.55,257.879,3.6,6.8755808953255615,0.4705785881164548,0.9234944221707675,7.29597130158357,4.78436525517798,54.21714237758091,43.04137757619222,6.341546407991391,2,1,2020,1,61.16133117675781
2020-02-20,3373.22998046875,9627.830078125,15.5600004196167,1.55,257.879,3.6,-1.9631105097986157,-0.381551976362815,-0.9353113651755729,6.8755808953255615,-0.49377556683484203,55.43742806570871,43.997710927327475,6.389895134816129,2,1,2020,1,59.96066665649414
2020-02-21,3337.75,9446.6904296875,17.079999923706055,1.55,257.879,3.6,0.17678087791648256,-1.051810302712286,-1.881417172588662,-1.9631105097986157,7.29597130158357,56.64333289010184,44.906288655598956,6.383771351444194,2,1,2020,1,60.06666564941406
2020-02-24,3225.889892578125,9079.6298828125,25.030000686645508,1.55,257.879,3.6,-7.459490327646511,-3.351362667122315,-3.8855994023204388,0.17678087791648256,6.8755808953255615,57.27666582380022,45.689510854085285,6.579001296621587,2,1,2020,1,55.58599853515625
2020-02-25,3128.2099609375,8834.8701171875,27.850000381469727,1.55,257.879,3.6,-4.06337396414489,-3.0279995565056117,-2.6957020141131993,-7.459490327646511,-1.9631105097986157,57.23771340506418,46.404533004760744,6.656283585148469,2,1,2020,1,53.32733154296875
2020-02-26,3116.389892578125,8873.759765625,27.559999465942383,1.55,257.879,3.6,-2.6390470576789893,-0.37785406053220116,0.44018358981694483,-4.06337396414489,0.17678087791648256,57.0355224609375,46.96884409586588,6.537587310880768,2,1,2020,1,51.91999816894531
2020-02-27,2978.760009765625,8436.669921875,39.15999984741211,1.55,257.879,3.6,-12.814583958462688,-4.416324258407911,-4.925644318693301,-2.6390470576789893,-7.459490327646511,55.32695116315569,47.282355244954424,7.037935294732399,2,1,2020,1,45.26666641235352
2020-02-28,2954.219970703125,8461.830078125,40.11000061035156,1.55,257.879,3.6,-1.6215047800994253,-0.8238340444361891,0.2982237835898127,-12.814583958462688,-4.06337396414489,52.9514274597168,47.614555231730144,7.002114692856675,2,1,2020,1,44.53266525268555
2020-03-02,3090.22998046875,8877.98046875,33.41999816894531,1.55,257.879,3.6,11.322034293215232,4.603922900611002,4.917971488234052,-1.6215047800994253,-2.6390470576789893,51.46771349225725,48.12595532735189,7.233623621940985,3,1,2020,1,49.574668884277344
2020-03-03,3003.3701171875,8594.490234375,36.81999969482422,1.55,257.879,3.6,0.25416095259802596,-2.8107896121075893,-3.193183803150612,11.322034293215232,-12.814583958462688,49.98685673304966,48.64819984436035,7.22695437565186,3,1,2020,1,49.70066833496094
2020-03-04,3130.1201171875,8949.2802734375,31.989999771118164,1.55,257.879,3.6,0.5352017372066697,4.220259077449118,4.128110328678503,0.25416095259802596,-1.6215047800994253,49.184095110212056,49.097755432128906,7.1487061034897215,3,1,2020,1,49.96666717529297
2020-03-05,3023.93994140625,8671.66015625,39.619998931884766,1.55,257.879,3.6,-3.3302230445070524,-3.3922077046888544,-3.102150214375432,0.5352017372066697,11.322034293215232,48.466285705566406,49.442155329386395,7.177207172910897,3,1,2020,1,48.30266571044922
2020-03-06,2972.3701171875,8530.33984375,41.93999862670898,1.55,257.879,3.6,-2.9066704869448956,-1.7053852000370129,-1.6296800145949586,-3.3302230445070524,0.25416095259802596,47.74895259312221,49.73388862609863,7.213033160770966,3,1,2020,1,46.89866638183594
2020-03-09,2746.56005859375,7948.02978515625,54.459999084472656,1.55,257.879,3.6,-13.572525720249962,-7.5969697477450975,-6.826340676454956,-2.9066704869448956,0.5352017372066697,47.07276208060129,49.82984415690104,7.677618280431117,3,1,2020,1,40.53333282470703
2020-03-10,2882.22998046875,8372.26953125,47.29999923706055,1.55,257.879,3.6,6.139802382366311,4.939630628156144,5.337671820078738,-13.572525720249962,-3.3302230445070524,46.85695266723633,50.02386639912923,7.737238618821957,3,1,2020,1,43.02199935913086
2020-03-11,2741.3798828125,8006.1201171875,53.900001525878906,1.55,257.879,3.6,-1.7200452670558586,-4.886844513127397,-4.373359131545218,6.139802382366311,-2.9066704869448956,45.81514304024832,50.173488744099934,7.748813146641017,3,1,2020,1,42.28200149536133
2020-03-12,2480.639892578125,7263.64990234375,75.47000122070312,1.55,257.879,3.6,-11.617242301113507,-9.511268097833659,-9.273783105624645,-1.7200452670558586,-13.572525720249962,44.05361883980887,50.12806650797526,8.056264239516569,3,1,2020,1,37.369998931884766
2020-03-13,2711.02001953125,7995.259765625,57.83000183105469,1.55,257.879,3.6,-2.48505535904755,9.287124972971839,10.072207128886856,-11.617242301113507,6.139802382366311,42.12142835344587,49.91875534057617,7.838691066584838,3,1,2020,1,36.44133377075195
2020-03-16,2386.1298828125,7020.3798828125,82.69000244140625,1.55,257.879,3.6,-18.57780645558401,-11.984055240393443,-12.1932233772306,-2.48505535904755,-1.7200452670558586,39.45980943952288,49.46208864847819,8.51363163553638,3,1,2020,1,29.67133331298828
2020-03-17,2529.18994140625,7473.9501953125,75.91000366210938,1.55,257.879,3.6,-3.341046380880208,5.995484974402432,6.460765942459101,-18.57780645558401,-11.617242301113507,36.857142857142854,48.68475532531738,7.560042437042936,3,1,2020,1,28.68000030517578
2020-03-18,2398.10009765625,7175.18017578125,76.44999694824219,1.55,257.879,3.6,-16.03440409986845,-5.1830762729157875,-3.9974847533588376,-3.341046380880208,-2.48505535904755,34.506857190813335,47.51622200012207,7.42071320764619,3,1,2020,1,24.08133316040039
2020-03-19,2409.389892578125,7288.52001953125,72.0,1.55,257.879,3.6,18.387684215678778,0.47078080405855705,1.5796097237050777,-16.03440409986845,-18.57780645558401,32.43361909048898,46.83386643727621,7.851207915486613,3,1,2020,1,28.50933265686035
2020-03-20,2304.919921875,6994.2900390625,66.04000091552734,1.55,257.879,3.6,-0.025717361513777348,-4.335951230846192,-4.0368961007213215,18.387684215678778,-3.341046380880208,30.465047563825333,46.11957753499349,7.829824161527541,3,1,2020,1,28.50200080871582
2020-03-23,2237.39990234375,7006.919921875,61.59000015258789,1.55,257.879,3.6,1.5811747064244486,-2.929386782180443,0.18057419326282798,-0.025717361513777348,-16.03440409986845,29.262571607317245,45.42228864034017,7.846653793480753,3,1,2020,1,28.952667236328125
2020-03-24,2447.330078125,7553.830078125,61.66999816894531,1.55,257.879,3.6,16.281749323562988,9.382773976227554,7.8052862362903985,1.5811747064244486,18.387684215678778,28.86619077410017,44.83055534362793,8.457812707556704,3,1,2020,1,33.66666793823242
2020-03-25,2475.56005859375,7469.6201171875,63.95000076293945,1.55,257.879,3.6,6.782176450892674,1.1535011448222,-1.1147981893498304,16.281749323562988,-0.025717361513777348,29.763143266950333,44.308044306437175,8.575024467600777,3,1,2020,1,35.95000076293945
2020-03-26,2630.070068359375,7897.1298828125,61.0,1.55,257.879,3.6,-2.0565621439638027,6.2414163303876835,5.723313353530601,6.782176450892674,1.5811747064244486,30.696095602852957,43.77664426167806,8.577906487181817,3,1,2020,1,35.21066665649414
2020-03-27,2541.469970703125,7588.3701171875,65.54000091552734,1.55,257.879,3.6,-2.6128393930185068,-3.3687352562252526,-3.9097719070949055,-2.0565621439638027,16.281749323562988,32.15457207815988,43.132999928792316,8.515653449840348,3,1,2020,1,34.29066848754883
2020-03-30,2626.64990234375,7889.009765625,57.08000183105469,1.55,257.879,3.6,-2.377714859552571,3.351600948370015,3.9618474559715677,-2.6128393930185068,6.782176450892674,32.864000865391326,42.47099990844727,8.517796256841352,3,1,2020,1,33.47533416748047
2020-03-31,2584.590087890625,7813.5,53.540000915527344,1.55,257.879,3.6,4.355446239344318,-1.6012721914555605,-0.9571513772745011,-2.377714859552571,-2.0565621439638027,33.782762799944194,41.727888870239255,8.433322662051435,3,1,2020,1,34.93333435058594
2020-04-01,2470.5,7486.2900390625,57.060001373291016,0.05,256.032,14.8,-8.099239055277142,-4.414243033166542,-4.1877514678121175,4.355446239344318,-2.6128393930185068,34.232953207833425,40.75931116739909,8.376678884930062,4,2,2020,1,32.104000091552734
2020-04-02,2526.89990234375,7635.66015625,50.90999984741211,0.05,256.032,14.8,-5.625466454987249,2.282934723487151,1.9952488670370139,-8.099239055277142,-2.377714859552571,33.75171497889927,39.770555623372395,8.406023724707401,4,2,2020,1,30.29800033569336
2020-04-03,2488.64990234375,7528.10986328125,46.79999923706055,0.05,256.032,14.8,5.619734693587186,-1.5137125124949469,-1.408526450469605,-5.625466454987249,4.355446239344318,33.18752452305385,38.835022354125975,8.510604566982025,4,2,2020,1,32.000667572021484
2020-04-06,2663.679931640625,8081.66015625,45.2400016784668,0.05,256.032,14.8,7.547757523349929,7.033131865275055,7.353111246007726,5.619734693587186,-8.099239055277142,33.074000767299104,38.12935574849447,8.602415650293027,4,2,2020,1,34.41600036621094
2020-04-07,2659.409912109375,8049.31005859375,46.70000076293945,0.05,256.032,14.8,5.658223700690801,-0.16030527844311804,-0.40029025015648756,7.547757523349929,-5.625466454987249,33.370095934186665,37.56388918558756,8.674564372486374,4,2,2020,1,36.36333465576172
2020-04-08,2749.97998046875,8229.5400390625,43.34999847412109,0.05,256.032,14.8,0.6214994497730331,3.405645287963033,2.2390736492543084,5.658223700690801,5.619734693587186,33.8149528503418,37.05286699930827,8.67244671450344,4,2,2020,1,36.589332580566406
2020-04-09,2789.820068359375,8238.5302734375,41.66999816894531,0.05,256.032,14.8,4.402015748241661,1.4487410153376512,0.10924346114518091,0.6214994497730331,7.547757523349929,34.28161948067801,36.817311477661136,8.415198463417811,4,2,2020,1,38.20000076293945
2020-04-13,2761.6298828125,8332.740234375,41.16999816894531,0.05,256.032,14.8,13.603839302984921,-1.0104660822607414,1.1435287340176403,4.402015748241661,5.658223700690801,35.894857679094585,36.77944488525391,8.77883976642572,4,2,2020,1,43.39666748046875
2020-04-14,2846.06005859375,8692.16015625,37.7599983215332,0.05,256.032,14.8,9.054457315006381,3.0572589146256046,4.313346051426015,13.603839302984921,0.6214994497730331,38.3274290902274,36.70448926289876,8.689892740158733,4,2,2020,1,47.32600021362305
2020-04-15,2783.360107421875,8591.9599609375,40.84000015258789,0.05,256.032,14.8,2.8088878270565276,-2.2030438529415775,-1.1527651758746371,9.054457315006381,4.402015748241661,40.70666721888951,36.66964480082194,8.702800392915806,4,2,2020,1,48.65533447265625
2020-04-16,2799.550048828125,8757.830078125,40.11000061035156,0.05,256.032,14.8,2.107340162500071,0.5816689462164515,1.9305271200239726,2.8088878270565276,13.603839302984921,42.88733400617327,36.66011149088542,8.708997293224144,4,2,2020,1,49.68066787719727
2020-04-17,2874.56005859375,8832.41015625,38.150001525878906,0.05,256.032,14.8,1.164772358620625,2.679359484822341,0.8515816984310254,2.107340162500071,9.054457315006381,44.87247685023716,36.725333786010744,8.682082120631248,4,2,2020,1,50.25933456420898
2020-04-20,2823.159912109375,8726.509765625,43.83000183105469,0.05,256.032,14.8,-0.9988248360572882,-1.788104803401469,-1.1989976546782355,1.164772358620625,2.8088878270565276,46.75361960274832,36.8206226348877,8.663218965641871,4,2,2020,1,49.75733184814453
2020-04-21,2736.56005859375,8403.0,45.40999984741211,0.05,256.032,14.8,-7.990777996173771,-3.0674795694063395,-3.707206825108389,-0.9988248360572882,2.107340162500071,47.83666719709124,36.99555600484212,8.405200530292491,4,2,2020,1,45.78133392333984
2020-04-22,2799.31005859375,8664.6396484375,41.97999954223633,0.05,256.032,14.8,6.609682849410836,2.2930247703843776,3.113645703171497,-7.990777996173771,1.164772358620625,48.609619685581755,37.18840052286784,8.416017877569006,4,2,2020,1,48.80733489990234
2020-04-23,2797.800048828125,8641.5,41.380001068115234,0.05,256.032,14.8,-3.6169462779073736,-0.053942211974311594,-0.26705840492365907,6.609682849410836,-0.9988248360572882,48.56904820033482,37.34706713358561,8.442435366757165,4,2,2020,1,47.04199981689453
2020-04-24,2836.739990234375,8786.599609375,35.93000030517578,0.05,256.032,14.8,2.766324531628772,1.3918057304545428,1.6791021162414044,-3.6169462779073736,-7.990777996173771,48.52447673252651,37.71284497578939,8.120863192433113,4,2,2020,1,48.34333419799805
2020-04-27,2878.47998046875,8837.66015625,33.290000915527344,0.05,256.032,14.8,10.149622245552825,1.4714069804799612,0.5811183978443824,2.766324531628772,6.609682849410836,49.03438132149832,38.27313385009766,8.25062486981523,4,2,2020,1,53.25
2020-04-28,2863.389892578125,8677.599609375,33.56999969482422,0.05,256.032,14.8,-3.7095477323576875,-0.5242380698498916,-1.811119052386334,10.149622245552825,-3.6169462779073736,49.17942864554269,38.99324493408203,7.399082721793887,4,2,2020,1,51.27466583251953
2020-04-29,2939.510009765625,8982.759765625,31.229999542236328,0.05,256.032,14.8,4.081287692467694,2.6583916282167053,3.516642504688905,-3.7095477323576875,2.766324531628772,49.695143018450054,39.816156005859376,7.334669429451967,4,2,2020,1,53.367332458496094
2020-04-30,2912.429931640625,9000.509765625,34.150001525878906,0.05,256.032,14.8,-2.327267492336982,-0.9212446303987654,0.19760074256829352,4.081287692467694,10.149622245552825,50.60142844063895,40.750955963134764,6.533231691711584,4,2,2020,1,52.12533187866211
2020-05-01,2830.7099609375,8718.1796875,37.18999862670898,0.05,255.802,13.2,-10.303371336624089,-2.8059034078492195,-3.136823196429195,-2.327267492336982,-3.7095477323576875,50.3081899370466,41.35913372039795,6.268054417861655,5,2,2020,1,46.75466537475586
2020-05-04,2842.739990234375,8834.1103515625,35.970001220703125,0.05,255.802,13.2,8.536758793631606,0.42498275919764517,1.3297576812820289,-10.303371336624089,4.081287692467694,50.837332589285715,42.10060030619304,6.3738279563182,5,2,2020,1,50.74599838256836
2020-05-05,2868.43994140625,8930.6201171875,33.61000061035156,0.05,255.802,13.2,0.9222447764407393,0.9040556385797371,1.0924672862834495,8.536758793631606,-2.327267492336982,51.247427804129465,42.842644755045576,6.376932590279562,5,2,2020,1,51.2140007019043
2020-05-06,2848.419921875,8984.8603515625,34.119998931884766,0.05,255.802,13.2,1.8705825945557253,-0.6979410390386298,0.6073512663539615,0.9222447764407393,-10.303371336624089,51.09342793055943,43.45948918660482,5.7883414936519655,5,2,2020,1,52.172000885009766
2020-05-07,2881.18994140625,9101.8798828125,31.440000534057617,0.05,255.802,13.2,-0.3245695176505081,1.1504630788313985,1.3024079025296231,1.8705825945557253,8.536758793631606,51.19742802211216,43.99457804361979,5.71523916988909,5,2,2020,1,52.00266647338867
2020-05-08,2929.800048828125,9220.349609375,27.979999542236328,0.05,255.802,13.2,5.048456274844226,1.6871538638701944,1.3015962426202954,-0.3245695176505081,0.9222447764407393,51.37752314976284,44.64182243347168,5.714508298834196,5,2,2020,1,54.62799835205078
2020-05-11,2930.18994140625,9298.919921875,27.56999969482422,0.05,255.802,13.2,-0.9921648847567299,0.013307822091168653,0.8521402748124851,5.048456274844226,1.8705825945557253,51.657618386404856,45.301666768391925,5.680561166307694,5,2,2020,1,54.08599853515625
2020-05-12,2870.1201171875,9112.4501953125,33.040000915527344,0.05,255.802,13.2,-0.2317270311292141,-2.0500317528877154,-2.0052837117550015,-0.9921648847567299,-0.3245695176505081,52.687047140938894,45.98451118469238,5.641005337616837,5,2,2020,1,53.96066665649414
2020-05-13,2820.0,9000.080078125,35.279998779296875,0.05,255.802,13.2,-2.279437261341355,-1.7462724604228042,-1.2331493152665352,-0.2317270311292141,5.048456274844226,52.97057124546596,46.57775561014811,5.665626484966037,5,2,2020,1,52.73066711425781
2020-05-14,2852.5,9094.419921875,32.61000061035156,0.05,255.802,13.2,1.5639192802040291,1.152482269503552,1.0482111595795374,-2.279437261341355,-0.9921648847567299,53.30504717145647,47.29280001322429,5.365710236833563,5,2,2020,1,53.55533218383789
2020-05-15,2863.699951171875,9152.6396484375,31.88999938964844,0.05,255.802,13.2,-0.5178425650618879,0.39263632504382695,0.640169764126064,1.5639192802040291,-0.2317270311292141,53.46304702758789,48.058799997965494,5.198501856146918,5,2,2020,1,53.27799987792969
2020-05-18,2953.909912109375,9331.9296875,29.299999237060547,0.05,255.802,13.2,1.8093785504579962,3.1501191631680747,1.9588888664824333,-0.5178425650618879,-2.279437261341355,53.782951899937224,48.80017776489258,5.154083597103891,5,2,2020,1,54.242000579833984
2020-05-19,2922.93994140625,9298.5400390625,30.530000686645508,0.05,255.802,13.2,-0.6907343337870575,-1.0484399194493177,-0.3578000430310202,1.8093785504579962,1.5639192802040291,53.67428534371512,49.44855550130208,5.061497862196608,5,2,2020,1,53.867332458496094
2020-05-20,2971.610107421875,9485.01953125,27.989999771118164,0.05,255.802,13.2,0.934395713390801,1.665110025908012,2.0054706588788385,-0.6907343337870575,-0.5178425650618879,53.714952196393696,50.04879989624023,5.004910665948377,5,2,2020,1,54.37066650390625
2020-05-21,2948.510009765625,9377.990234375,29.530000686645508,0.05,255.802,13.2,1.476284478490908,-0.7773596407737116,-1.128403547534862,0.934395713390801,1.8093785504579962,53.88819013323103,50.66826655069987,5.002351531944307,5,2,2020,1,55.17333221435547
2020-05-22,2955.449951171875,9413.990234375,28.15999984741211,0.05,255.802,13.2,-1.2953077701596039,0.2353711326488428,0.38387755905355814,1.476284478490908,-0.6907343337870575,54.1350473676409,51.21022211710612,4.996427894704218,5,2,2020,1,54.45866775512695
2020-05-26,2991.77001953125,9389.98046875,28.01000022888184,0.05,255.802,13.2,0.24360442933193394,1.2289184036080147,-0.25504345157836283,-1.2953077701596039,0.934395713390801,54.283047267368865,51.583377583821616,4.425438652349126,5,2,2020,1,54.5913314819336
2020-05-27,3036.1298828125,9442.0498046875,27.6200008392334,0.05,255.802,13.2,0.16608447192640874,1.4827297215913804,0.5545201729735938,0.24360442933193394,1.476284478490908,54.4836186000279,51.82857755025228,4.146834401946754,5,2,2020,1,54.68199920654297
2020-05-28,3029.72998046875,9416.7099609375,28.59000015258789,0.05,255.802,13.2,-1.7580381620416863,-0.21079145460738413,-0.2683722737558569,0.16608447192640874,-1.2953077701596039,54.40914263044085,51.99742202758789,4.145485907937056,5,2,2020,1,53.72066879272461
2020-05-29,3044.31005859375,9555.5302734375,27.51000022888184,0.05,255.802,13.2,3.6224402808837652,0.48123358249714254,1.4741912310759941,-1.7580381620416863,0.24360442933193394,54.66619055611746,52.19695536295573,4.175946339777067,5,2,2020,1,55.66666793823242
2020-06-01,3055.72998046875,9598.8896484375,28.229999542236328,0.08,257.042,11.0,7.556883131087,0.3751234813537785,0.4537621017279392,3.6224402808837652,0.16608447192640874,55.45228576660156,52.51742197672526,4.3714169230239905,6,2,2020,1,59.87333297729492
2020-06-02,3080.820068359375,9657.3095703125,26.84000015258789,0.08,257.042,11.0,-1.8416628784101774,0.8210832780053412,0.6086112458278947,7.556883131087,-1.7580381620416863,55.96619088309152,52.817866516113284,4.3852477078031535,6,2,2020,1,58.77066802978516
2020-06-03,3122.8701171875,9704.6904296875,25.65999984741211,0.08,257.042,11.0,0.15880436011630472,1.3648979133831007,0.4906217309285976,-1.8416628784101774,3.6224402808837652,56.595523834228516,53.25395533243815,4.072860343399826,6,2,2020,1,58.86399841308594
2020-06-04,3112.35009765625,9629.66015625,25.809999465942383,0.08,257.042,11.0,-2.1042854169221026,-0.33687022311144066,-0.7731341249997636,0.15880436011630472,7.556883131087,57.02895246233259,53.547888565063474,3.9623947781978717,6,2,2020,1,57.62533187866211
2020-06-05,3193.929931640625,9824.3896484375,24.520000457763672,0.08,257.042,11.0,2.4618805538279664,2.6211650818398713,2.0221844699380487,-2.1042854169221026,-1.8416628784101774,57.65209524972098,53.94795519510905,3.8925142692543537,6,2,2020,1,59.04399871826172
2020-06-08,3232.389892578125,9901.51953125,25.809999465942383,0.08,257.042,11.0,7.25560681818036,1.2041579421169235,0.7850857465203198,2.4618805538279664,0.15880436011630472,59.024571010044646,54.44744402567546,4.052405850948107,6,2,2020,1,63.32799911499024
2020-06-09,3207.179931640625,9967.169921875,27.56999969482422,0.08,257.042,11.0,-0.9737634144336149,-0.7799170822611612,0.6630334911505553,7.25560681818036,-2.1042854169221026,60.030951908656526,54.76282183329264,3.676156688811776,6,2,2020,1,62.711334228515625
2020-06-10,3190.139892578125,10094.259765625,27.56999969482422,0.08,257.042,11.0,8.970205725269786,-0.5313091072437381,1.2750845500393737,-0.9737634144336149,2.4618805538279664,61.24000004359654,55.33155530293782,3.885140886402925,6,2,2020,1,68.336669921875
2020-06-11,3002.10009765625,9588.48046875,40.790000915527344,0.08,257.042,11.0,-5.09341048991272,-5.894405927443824,-5.010563514497434,8.970205725269786,7.25560681818036,62.10933358328683,55.714510981241865,3.9965503961134377,6,2,2020,1,64.85600280761719
2020-06-12,3041.31005859375,9663.7802734375,36.09000015258789,0.08,257.042,11.0,-3.860863311078977,1.3060843963234703,0.7853153055159323,-5.09341048991272,-0.9737634144336149,62.60761969430106,56.05539995829265,4.046484618346873,6,2,2020,1,62.35200119018555
2020-06-15,3066.590087890625,9776.8896484375,34.400001525878906,0.08,257.042,11.0,5.94687627923618,0.8312217041285264,1.1704464691824512,-3.860863311078977,8.970205725269786,63.81257193429129,56.69891103108724,3.587457733826978,6,2,2020,1,66.05999755859375
2020-06-16,3124.739990234375,9949.3701171875,33.66999816894531,0.08,257.042,11.0,-0.8850490655781473,1.896239819380252,1.7641650356313932,5.94687627923618,-5.09341048991272,64.73133414132255,57.18988889058431,3.3277869200883576,6,2,2020,0,65.47533416748047
2020-06-17,3113.489990234375,9982.48046875,33.470001220703125,0.08,257.042,11.0,0.9835722116904755,-0.3600299556174025,0.3327884194930242,-0.8850490655781473,-3.860863311078977,65.13009589059013,57.68673324584961,3.327816529036864,6,2,2020,0,66.11933135986328
2020-06-18,3115.340087890625,10012.0498046875,32.939998626708984,0.08,257.042,11.0,1.2270733625858066,0.05942198825281686,0.296212309456223,0.9835722116904755,5.94687627923618,65.73285729544503,58.17868868509928,3.323464690185454,6,2,2020,0,66.9306640625
2020-06-19,3097.739990234375,10008.6396484375,35.119998931884766,0.08,257.042,11.0,-0.30478518902198326,-0.5649494809462974,-0.03406052023835482,1.2270733625858066,-0.8850490655781473,65.50285720825195,58.66948877970378,3.323218169671866,6,2,2020,0,66.72666931152344
2020-06-22,3117.860107421875,10130.330078125,31.770000457763672,0.08,257.042,11.0,-0.6574092516371532,0.6495095537691675,1.2158538419004605,-0.30478518902198326,0.9835722116904755,65.70742852347237,59.05815556844075,3.2390221337882603,6,2,2020,0,66.28800201416016
2020-06-23,3131.2900390625,10209.8203125,31.3700008392334,0.08,257.042,11.0,0.7502559992799585,0.4307419569164139,0.7846756597462479,-0.6574092516371532,1.2270733625858066,66.34076145717076,59.481466674804686,3.22328428625238,6,2,2020,0,66.78533172607422
2020-06-24,3050.330078125,10002.7001953125,33.84000015258789,0.08,257.042,11.0,-4.085729818760941,-2.585514593906457,-2.028636262421979,0.7502559992799585,-0.30478518902198326,66.05457087925502,59.817999903361006,3.3386804587378696,6,2,2020,0,64.0566635131836
2020-06-25,3083.760009765625,10101.830078125,32.220001220703125,0.08,257.042,11.0,2.615401198303724,1.095944726780984,0.9910312303367252,-4.085729818760941,-0.6574092516371532,66.09123774937221,60.251377741495766,3.3112903829221567,6,2,2020,0,65.73200225830078
2020-06-26,3009.050048828125,9849.3603515625,34.72999954223633,0.08,257.042,11.0,-2.6613159231048233,-2.4226905044785974,-2.4992474097263906,2.615401198303724,0.7502559992799585,65.78599984305245,60.59895553588867,3.3665946941869764,6,2,2020,0,63.982666015625
2020-06-29,3053.239990234375,9961.16015625,31.780000686645508,0.08,257.042,11.0,5.169110801188981,1.4685678433118632,1.1350971098317508,-2.6613159231048233,-4.085729818760941,65.83733367919922,61.06602223714193,3.457549459572996,6,2,2020,0,67.29000091552734
2020-06-30,3100.2900390625,10156.849609375,30.43000030517578,0.08,257.042,11.0,6.98073149894527,1.5409875731554612,1.9645247145456013,5.169110801188981,2.615401198303724,66.58885737827846,61.65753339131673,3.6321575910475272,6,2,2020,1,71.98733520507812
2020-07-01,3115.860107421875,10279.25,28.6200008392334,0.09,258.352,10.2,3.687680726581788,0.5022132820864389,1.2051019295591603,6.98073149894527,-2.6613159231048233,67.78228541782924,62.35002225240071,3.6493785603524485,7,3,2020,1,74.64199829101562
2020-07-02,3130.010009765625,10341.8896484375,27.68000030517578,0.09,258.352,10.2,7.951734128033849,0.45412508443640753,0.609379560157608,3.687680726581788,5.169110801188981,69.75257110595703,63.2235777537028,3.853837968941627,7,3,2020,1,80.57733154296875
2020-07-06,3179.719970703125,10604.0595703125,27.940000534057617,0.09,258.352,10.2,13.47939370342961,1.588172586745884,2.5350291947333847,7.951734128033849,6.98073149894527,73.66428593226841,64.43242225646972,4.441385946649808,7,3,2020,1,91.43866729736328
2020-07-07,3145.320068359375,10524.009765625,29.43000030517578,0.09,258.352,10.2,1.3327688522591696,-1.0818532028197159,-0.7548977272026081,13.47939370342961,3.687680726581788,77.51076180594308,65.70571111043294,4.404191079004923,7,3,2020,1,92.65733337402344
2020-07-08,3169.93994140625,10666.7001953125,28.07999992370605,0.09,258.352,10.2,-1.725350030984485,0.7827461915415501,1.3558561125016855,1.3327688522591696,7.951734128033849,81.37876238141742,66.9212890625,4.443875734821147,7,3,2020,1,91.05867004394533
2020-07-09,3152.050048828125,10754.58984375,29.26000022888184,0.09,258.352,10.2,2.079245649145589,-0.5643606159361103,0.8239628641304009,-1.725350030984485,13.47939370342961,85.04476274762835,68.19695587158203,4.433153596563778,7,3,2020,1,92.9520034790039
2020-07-10,3185.0400390625,10836.330078125,27.290000915527344,0.09,258.352,10.2,10.784776505418648,1.046620127324438,0.7600497607307855,2.079245649145589,1.3327688522591696,89.47181047712054,69.838822555542,4.664060448216193,7,3,2020,1,102.97666931152344
2020-07-13,3155.219970703125,10602.2099609375,32.189998626708984,0.09,258.352,10.2,-3.080958510547016,-0.9362541127788226,-2.160511127841258,10.784776505418648,-1.725350030984485,93.0663822719029,71.31006698608398,4.757854756913505,7,3,2020,1,99.8040008544922
2020-07-14,3197.52001953125,10689.51953125,29.520000457763672,0.09,258.352,10.2,1.3185863099901995,1.3406370782667931,0.8235035019508397,-3.080958510547016,2.079245649145589,96.0010495867048,72.68495597839356,4.644785890944866,7,3,2020,1,101.12000274658205
2020-07-15,3226.56005859375,10701.6796875,27.76000022888184,0.09,258.352,10.2,1.9257581163604653,0.9082050740923053,0.11375774387660798,1.3185863099901995,10.784776505418648,97.66228703090123,74.16151135762533,4.5918070654792915,7,3,2020,1,103.06732940673828
2020-07-16,3215.570068359375,10626.4599609375,28.0,0.09,258.352,10.2,-2.934650436689956,-0.34061012455366413,-0.7028777608655168,1.9257581163604653,-3.080958510547016,98.71733420235772,75.53413352966308,4.668400632331117,7,3,2020,1,100.04266357421876
2020-07-17,3224.72998046875,10645.2197265625,25.68000030517578,0.09,258.352,10.2,0.013330494375241031,0.2848612194617406,0.1765382422176387,-2.934650436689956,1.3185863099901995,100.00266701834543,76.94848912556967,4.6217768101269066,7,3,2020,1,100.05599975585938
2020-07-20,3251.840087890625,10952.080078125,24.459999084472656,0.09,258.352,10.2,9.472028755869456,0.84069387471426,2.882611720985029,0.013330494375241031,1.9257581163604653,102.37142835344589,78.63146692911783,4.821163297831729,7,3,2020,1,109.53333282470705
2020-07-21,3257.300048828125,10833.0703125,24.84000015258789,0.09,258.352,10.2,-4.542907438750266,0.16790373419135474,-1.0866407547795665,9.472028755869456,-2.934650436689956,102.5972377232143,80.00577812194824,4.874569105163205,7,3,2020,1,104.55733489990234
2020-07-22,3276.02001953125,10870.75,24.31999969482422,0.09,258.352,10.2,1.5283476518254124,0.5747082068739751,0.34782094469121283,-4.542907438750266,0.013330494375241031,103.50457109723774,81.4539114634196,4.846869832592441,7,3,2020,1,106.15533447265624
2020-07-23,3235.659912109375,10580.58984375,26.07999992370605,0.09,258.352,10.2,-4.977615338574271,-1.2319859824193036,-2.669182496607869,1.5283476518254124,9.472028755869456,103.46904645647321,82.53840014139811,4.8120859143798755,7,3,2020,1,100.87133026123048
2020-07-24,3215.6298828125,10483.1298828125,25.84000015258789,0.09,258.352,10.2,-6.34933937061315,-0.6190400054688405,-0.9211203002549961,-4.977615338574271,-4.542907438750266,102.2403804234096,83.52542228698731,4.87569911905336,7,3,2020,1,94.46666717529295
2020-07-27,3239.409912109375,10674.3798828125,24.739999771118164,0.09,258.352,10.2,8.652080631985237,0.7395138795039502,1.8243597297555425,-6.34933937061315,1.5283476518254124,102.61142839704242,84.86835556030273,4.947242835275092,7,3,2020,1,102.63999938964844
2020-07-28,3218.43994140625,10532.5,25.440000534057617,0.09,258.352,10.2,-4.099112257799797,-0.6473392152297919,-1.3291627651452642,8.652080631985237,-4.977615338574271,102.37952423095703,85.94744466145833,4.99591157181625,7,3,2020,1,98.43267059326172
2020-07-29,3258.43994140625,10662.98046875,24.100000381469727,0.09,258.352,10.2,1.532007204904584,1.242838167815008,1.238836636601004,-4.099112257799797,-6.34933937061315,101.00914328438895,87.0962890625,4.9763252623411605,7,3,2020,1,99.94066619873048
2020-07-30,3246.219970703125,10715.509765625,24.76000022888184,0.09,258.352,10.2,-0.7751257440881343,-0.3750251937389204,0.49263240262840124,1.532007204904584,8.652080631985237,100.23895263671875,88.19784469604492,4.99338118063008,7,3,2020,1,99.16600036621094
2020-07-31,3271.1201171875,10905.8798828125,24.459999084472656,0.09,258.352,10.2,-3.8138047987188117,0.7670504990141325,1.7765847948568947,-0.7751257440881343,-4.099112257799797,98.70019095284599,89.14628931681315,5.086030935861936,7,3,2020,1,95.38400268554688
2020-08-03,3294.610107421875,11055.080078125,24.280000686645508,0.09,258.352,10.2,3.7909892777031162,0.718102343932614,1.3680711406663937,-3.8138047987188117,1.532007204904584,98.43285805838448,90.22206700642904,5.096184264118303,8,3,2020,1,99.0
2020-08-04,3306.510009765625,11096.5400390625,23.76000022888184,0.09,258.352,10.2,0.13467807962437295,0.36119303819721615,0.37503085137788883,3.7909892777031162,-0.7751257440881343,99.09952436174665,91.31691131591796,5.086957823307086,8,3,2020,1,99.13333129882812
2020-08-05,3327.77001953125,11125.4404296875,22.989999771118164,0.09,258.352,10.2,-0.1331501252462508,0.6429743053199433,0.2604450623641563,0.13467807962437295,-3.8138047987188117,98.57971518380302,92.39077809651693,5.093830695460138,8,3,2020,1,99.00133514404295
2020-08-06,3349.159912109375,11267.080078125,22.649999618530277,0.09,258.352,10.2,0.3070674289896047,0.642769555966427,1.2731149776286088,-0.1331501252462508,3.7909892777031162,98.70438167027065,93.56573384602865,4.99155309878504,8,3,2020,1,99.30533599853516
2020-08-07,3351.280029296875,11139.3896484375,22.209999084472656,0.09,258.352,10.2,-2.4751944680412197,0.06330295486443038,-1.1333054243167329,0.3070674289896047,0.13467807962437295,98.26247732979911,94.60291163126628,5.041723350505097,8,3,2020,1,96.84733581542967
2020-08-10,3360.469970703125,11085.169921875,22.1299991607666,0.09,258.352,10.2,-2.3500914685975927,0.2742218294476073,-0.48673875565620195,-2.4751944680412197,-0.1331501252462508,97.60609654017857,95.62253392537436,5.033351055391403,8,3,2020,1,94.5713348388672
2020-08-11,3333.68994140625,10876.080078125,24.030000686645508,0.09,258.352,10.2,-3.1144060652225525,-0.7969132154236114,-1.8862123469789216,-2.3500914685975927,0.3070674289896047,97.0692389351981,96.43373387654623,5.048311901165347,8,3,2020,1,91.6259994506836
2020-08-12,3380.35009765625,11157.7197265625,22.280000686645508,0.09,258.352,10.2,13.123639474177452,1.3996549490237653,2.5895326847028333,-3.1144060652225525,-2.4751944680412197,97.7336196899414,97.48917821248372,5.404819558886039,8,3,2020,1,103.65066528320312
2020-08-13,3373.429931640625,11178.3701171875,22.1299991607666,0.09,258.352,10.2,4.260465047807616,-0.2047174350497949,0.1850771585151012,13.123639474177452,-2.3500914685975927,99.00981031145368,98.603333791097,5.414336086763115,8,3,2020,1,108.06666564941406
2020-08-14,3372.85009765625,11164.4501953125,22.049999237060547,0.09,258.352,10.2,1.832819678811437,-0.017188262276812694,-0.12452550532029427,4.260465047807616,-3.1144060652225525,100.58780997140067,99.58566716512044,5.271493754802114,8,3,2020,1,110.04733276367188
2020-08-17,3381.989990234375,11288.5703125,21.350000381469727,0.09,258.352,10.2,11.203058154519475,0.2709842511078753,1.111744107556789,1.832819678811437,13.123639474177452,103.8836190359933,100.61691157023112,5.101905375953579,8,3,2020,1,122.3759994506836
2020-08-18,3389.780029296875,11399.0302734375,21.51000022888184,0.09,258.352,10.2,2.802837419569393,0.2303389154016955,0.9785115198794214,11.203058154519475,4.260465047807616,108.02057102748326,101.72186711629232,5.111295803151057,8,3,2020,1,125.80599975585938
2020-08-19,3374.85009765625,11318.6396484375,22.540000915527344,0.09,258.352,10.2,-0.45360591168615016,-0.44043954214108005,-0.7052409114776115,2.802837419569393,1.832819678811437,112.40114266531808,102.86108932495117,5.091894597394062,8,3,2020,1,125.23533630371094
2020-08-20,3385.510009765625,11477.0498046875,22.71999931335449,0.09,258.352,10.2,6.563643667445929,0.31586327691348615,1.39955119316717,-0.45360591168615016,11.203058154519475,118.37676239013672,104.21120045979818,5.183929817046541,8,3,2020,1,133.45533752441406
2020-08-21,3397.159912109375,11555.16015625,22.540000915527344,0.09,258.352,10.2,2.4052926729070556,0.34411070444764214,0.6805786582070761,6.563643667445929,2.802837419569393,123.09314291817802,105.3341557820638,4.873861179483816,8,3,2020,1,136.6653289794922
2020-08-24,3431.280029296875,11626.169921875,22.3700008392334,0.09,258.352,10.2,-1.7453806448256226,1.0043718303008653,0.6145286146171935,2.4052926729070556,-0.45360591168615016,126.83790479387555,106.48335571289063,4.840729829431636,8,3,2020,1,134.27999877929688
2020-08-25,3443.6201171875,11721.8095703125,22.030000686645508,0.09,258.352,10.2,0.45377511853743613,0.35963511532906,0.8226238656425577,-1.7453806448256226,6.563643667445929,130.38676125662667,107.60899988810222,4.841979093588741,8,3,2020,1,134.8893280029297
2020-08-26,3478.72998046875,11971.9404296875,23.270000457763672,0.09,258.352,10.2,6.416619165356252,1.0195626139483993,2.133892876134924,0.45377511853743613,2.4052926729070556,133.41085597446985,108.95824432373047,4.937676025596341,8,3,2020,1,143.54466247558594
2020-08-27,3484.550048828125,11926.16015625,24.46999931335449,0.09,258.352,10.2,3.9746079206424145,0.16730440109038458,-0.3823964352844267,6.416619165356252,-1.7453806448256226,136.75999886648995,110.5984888712565,4.897976637282778,8,3,2020,1,149.25
2020-08-28,3508.010009765625,11995.849609375,22.959999084472656,0.09,258.352,10.2,-1.1323299439907841,0.673256535528588,0.5843410805487004,3.9746079206424145,0.45377511853743613,139.94923618861608,112.181955464681,4.914041255912746,8,3,2020,1,147.55999755859375
2020-08-31,3500.31005859375,12110.7001953125,26.40999984741211,0.09,258.352,10.2,12.56890549105465,-0.21949627140287475,0.9574193548387067,-1.1323299439907841,6.416619165356252,144.61371285574776,114.06773351033529,5.117420552766927,8,3,2020,1,166.10667419433594
2020-09-01,3526.64990234375,12292.8603515625,26.1200008392334,0.09,259.997,7.8,-4.669690804684601,0.7525003016613407,1.5041257178548983,12.56890549105465,3.9746079206424145,147.7115238734654,115.86082255045572,5.122649487004115,9,3,2020,1,158.35000610351562
2020-09-02,3580.840087890625,12420.5400390625,26.56999969482422,0.09,259.997,7.8,-5.826756524083643,1.5365910154807594,1.0386491333058245,-4.669690804684601,-1.1323299439907841,149.83200073242188,117.2930892944336,5.295113009761816,9,3,2020,1,149.1233367919922
2020-09-03,3455.06005859375,11771.3701171875,33.599998474121094,0.09,259.997,7.8,-9.023849203316047,-3.512584371534122,-5.226583705969034,-5.826756524083643,12.56890549105465,149.94304983956474,118.45293401082357,5.507033712028216,9,3,2020,1,135.6666717529297
2020-09-04,3426.9599609375,11622.1298828125,30.75,0.09,259.997,7.8,2.7813247275265907,-0.8133027264274895,-1.2678238207555204,-9.023849203316047,-4.669690804684601,149.35666983468192,119.95204518636068,5.328533434655462,9,3,2020,1,139.44000244140625
2020-09-08,3331.840087890625,11068.259765625,31.459999084472656,0.09,259.997,7.8,-21.062824320390796,-2.7756342102361,-4.765650726435233,2.7813247275265907,-5.826756524083643,143.7595269339425,120.19971186319987,6.560903154846303,9,3,2020,1,110.06999969482422
2020-09-09,3398.9599609375,11395.849609375,28.809999465942383,0.09,259.997,7.8,10.923349433825734,2.014498633677464,2.959723124383151,-21.062824320390796,-9.023849203316047,140.1214316231864,120.98840052286783,6.771685041174491,9,3,2020,1,122.09333038330078
2020-09-10,3339.18994140625,11154.1201171875,29.709999084472656,0.09,259.997,7.8,1.3814582587770685,-1.758479659017942,-2.1212064082403947,10.923349433825734,2.7813247275265907,134.07476370675224,121.78304494222006,6.7712946034896,9,3,2020,1,123.77999877929688
2020-09-11,3340.969970703125,11087.400390625,26.8700008392334,0.09,259.997,7.8,0.3716263443279244,0.053307219059406385,-0.5981621666391268,1.3814582587770685,-21.062824320390796,129.2019053867885,122.61884485880533,6.764483072906508,9,3,2020,1,124.23999786376952
2020-09-14,3383.5400390625,11277.759765625,25.850000381469727,0.09,259.997,7.8,12.583177074234019,1.2741829089357504,1.7168981753464818,0.3716263443279244,10.923349433825734,127.88047681535993,124.10182266235351,7.021091128912325,9,3,2020,1,139.8733367919922
2020-09-15,3401.199951171875,11438.8701171875,25.59000015258789,0.09,259.997,7.8,7.182685140266343,0.5219359577689042,1.4285669752743813,12.583177074234019,1.3814582587770685,129.91666630336218,125.7991559346517,7.085767713188788,9,3,2020,1,149.9199981689453
2020-09-16,3385.489990234375,11247.599609375,26.040000915527344,0.09,259.997,7.8,-1.7787298462508039,-0.4618946596211537,-1.6721101459584387,7.182685140266343,0.3716263443279244,131.03285544259208,127.40315577189128,7.108385974680708,9,3,2020,1,147.25332641601562
2020-09-17,3357.010009765625,11080.9501953125,26.459999084472656,0.09,259.997,7.8,-4.149312452942333,-0.8412365876402483,-1.481644260554904,-1.7787298462508039,12.583177074234019,135.4719020298549,128.80788879394532,7.179208315555121,9,3,2020,1,141.14332580566406
2020-09-18,3319.469970703125,10936.98046875,25.82999992370605,0.09,259.997,7.8,4.421041843491591,-1.1182581807410497,-1.2992543421357694,-4.149312452942333,7.182685140266343,139.08475930350167,130.4104886372884,7.195991598597413,9,3,2020,1,147.38333129882812
2020-09-21,3281.06005859375,10980.2197265625,27.780000686645508,0.09,259.997,7.8,1.6374511668703073,-1.1571097930805796,0.3953491362268302,4.421041843491591,-1.7787298462508039,142.80142538888114,132.17546615600585,7.155086867507868,9,3,2020,1,149.79666137695312
2020-09-22,3315.570068359375,11186.3701171875,26.86000061035156,0.09,259.997,7.8,-5.5986946823462835,1.0517945160813724,1.8774705402870628,1.6374511668703073,-4.149312452942333,145.25428336007255,133.73675511678059,7.24284303775262,9,3,2020,1,141.41000366210938
2020-09-23,3236.919921875,10833.330078125,28.57999992370605,0.09,259.997,7.8,-10.341090738483928,-2.3721455093028143,-3.155983892577141,-5.5986946823462835,4.421041843491591,143.384759085519,134.90877736409504,7.520289153552793,9,3,2020,1,126.7866668701172
2020-09-24,3246.590087890625,10896.4697265625,28.51000022888184,0.09,259.997,7.8,1.95341463945935,0.29874591429570607,0.5828276991669767,-10.341090738483928,1.6374511668703073,140.43380737304688,135.76253306070964,7.187453210296168,9,3,2020,1,129.26333618164062
2020-09-25,3298.4599609375,11151.1298828125,26.3799991607666,0.09,259.997,7.8,5.041385121376596,1.59767237756141,2.3370886410046365,1.95341463945935,-5.5986946823462835,138.79476056780135,136.68631083170573,7.201078052323234,9,3,2020,1,135.77999877929688
2020-09-28,3351.60009765625,11364.4501953125,26.190000534057617,0.09,259.997,7.8,3.4025594039789775,1.6110590199083896,1.912992806484981,5.041385121376596,-10.341090738483928,138.6885702950614,137.69806620279948,7.212852142027051,9,3,2020,1,140.39999389648438
2020-09-29,3335.469970703125,11322.9501953125,26.270000457763672,0.09,259.997,7.8,-0.5056919415549199,-0.48126645432444715,-0.36517384727611235,3.4025594039789775,1.95341463945935,137.5895233154297,138.27519963582355,6.958277388475467,9,3,2020,1,139.69000244140625
2020-09-30,3363.0,11418.0595703125,26.3700008392334,0.09,259.997,7.8,2.371912031427703,0.8253718228220741,0.839969913842542,-0.5056919415549199,5.041385121376596,136.6190468924386,138.84844385782878,6.954200245430336,9,3,2020,1,143.00332641601562
2020-10-01,3380.800048828125,11583.2001953125,26.700000762939453,0.09,260.319,6.9,4.463774876849502,0.5292907769290922,1.4463107674562714,2.371912031427703,3.4025594039789775,137.7585710797991,139.65348841349285,6.9846510978267,10,4,2020,1,149.3866729736328
2020-10-02,3348.419921875,11255.6904296875,27.6299991607666,0.09,260.319,6.9,-7.379069181901709,-0.9577652178616392,-2.827454935619056,4.463774876849502,-0.5056919415549199,139.4123796735491,139.81708806355795,7.0538848870243855,10,4,2020,1,138.3633270263672
2020-10-05,3408.60009765625,11509.0595703125,27.959999084472656,0.09,260.319,6.9,2.5512531789757986,1.797270867614209,2.2510315311864426,-7.379069181901709,2.371912031427703,141.21666390555245,139.99135462443033,7.055386798061309,10,4,2020,1,141.89332580566406
2020-10-06,3360.969970703125,11291.26953125,29.479999542236328,0.09,260.319,6.9,-2.748539351192436,-1.3973515692226712,-1.8923356659330093,2.5512531789757986,4.463774876849502,141.53285435267858,140.11513239542643,7.068151183080847,10,4,2020,1,137.9933319091797
2020-10-07,3419.43994140625,11503.1904296875,28.059999465942383,0.09,260.319,6.9,2.7344297266189477,1.739675486921799,1.876856254746051,-2.748539351192436,-7.379069181901709,141.72809273856026,140.34437688191733,7.081645413528756,10,4,2020,1,141.76666259765625
2020-10-08,3446.830078125,11550.9404296875,26.36000061035156,0.09,260.319,6.9,0.14577830589765917,0.8010123642494982,0.41510223004539437,2.7344297266189477,2.5512531789757986,142.05428205217635,140.29199905395507,6.990444414831381,10,4,2020,1,141.97332763671875
2020-10-09,3477.139892578125,11725.849609375,25.0,0.09,260.319,6.9,1.8970775433979181,0.879353312061526,1.5142418987631467,0.14577830589765917,-2.748539351192436,142.29190281459265,140.13922144571941,6.962088233493955,10,4,2020,1,144.6666717529297
2020-10-12,3534.219970703125,12088.1103515625,25.06999969482422,0.09,260.319,6.9,1.9124395163948371,1.641581296364758,3.08941999305421,1.8970775433979181,2.7344297266189477,142.01285443987166,140.1349993387858,6.965095263867868,10,4,2020,1,147.43333435058594
2020-10-13,3511.929931640625,12083.169921875,26.06999969482422,0.09,260.319,6.9,0.9834932884270176,-0.6306918994084421,-0.040870157070183044,1.9124395163948371,0.14577830589765917,143.51571219308036,139.56088790893554,6.5678746096678084,10,4,2020,1,148.88333129882812
2020-10-14,3488.669921875,11985.3603515625,26.399999618530277,0.09,260.319,6.9,3.2799718116372834,-0.6623141753502759,-0.809469459958756,0.9834932884270176,1.8970775433979181,145.21190316336495,139.40810979207356,6.539325365814726,10,4,2020,1,153.76666259765625
2020-10-15,3483.340087890625,11898.5703125,26.96999931335449,0.09,260.319,6.9,-2.692390743031925,-0.15277553060997207,-0.7241337474778953,3.2799718116372834,1.9124395163948371,146.8738076346261,139.42488733927408,6.465658913273763,10,4,2020,1,149.6266632080078
2020-10-16,3483.81005859375,11852.169921875,27.40999984741211,0.09,260.319,6.9,-2.051768046956881,0.013491955745537076,-0.38996610018141586,-2.692390743031925,0.9834932884270176,147.55809456961495,139.78788731892902,6.24324369376045,10,4,2020,1,146.55667114257812
2020-10-19,3426.919921875,11634.349609375,29.18000030517578,0.09,260.319,6.9,-2.0106014344170586,-1.6329861778318078,-1.8378095651327087,-2.051768046956881,3.2799718116372834,147.79190499441964,139.92688725789387,6.243027261657537,10,4,2020,1,143.61000061035156
2020-10-20,3443.1201171875,11677.83984375,29.350000381469727,0.09,260.319,6.9,-2.0634587544658856,0.4727334073110212,0.3738089006707801,-2.0106014344170586,-2.692390743031925,147.21761866978235,140.94610951741535,4.797885010411683,10,4,2020,1,140.64666748046875
2020-10-21,3435.56005859375,11665.3701171875,28.649999618530277,0.09,260.319,6.9,0.16590325709362475,-0.21956999281005363,-0.10678110617499126,-2.0634587544658856,-2.051768046956881,146.28142874581474,141.57233200073242,4.411756562104625,10,4,2020,1,140.8800048828125
2020-10-22,3453.489990234375,11662.91015625,28.11000061035156,0.09,260.319,6.9,0.7453064711647084,0.5218925396392127,-0.021087723002255476,0.16590325709362475,-2.0106014344170586,145.28809465680803,142.1773317972819,4.409260117590803,10,4,2020,1,141.92999267578125
2020-10-23,3465.389892578125,11692.5703125,27.549999237060547,0.09,260.319,6.9,-1.2118551755604834,0.3445761353703114,0.25431179570654106,0.7453064711647084,-2.0634587544658856,143.35142953055245,142.70966542561848,4.420941852931471,10,4,2020,1,140.2100067138672
2020-10-26,3400.969970703125,11504.51953125,32.459999084472656,0.09,260.319,6.9,-0.08320996760948773,-1.8589516294535646,-1.6082929263975698,-1.2118551755604834,0.16590325709362475,141.9895259312221,142.7169987996419,3.78625932745869,10,4,2020,1,140.0933380126953
2020-10-27,3390.679931640625,11598.9501953125,33.349998474121094,0.09,260.319,6.9,1.0469159823756513,-0.30256189119989285,0.8208136272531474,-0.08320996760948773,0.7453064711647084,141.27571541922433,142.4383321126302,3.547305719498839,10,4,2020,1,141.55999755859375
2020-10-28,3271.030029296875,11142.759765625,40.27999877929688,0.09,260.319,6.9,-4.393897519056244,-3.5287878760604796,-3.933032058986341,1.0469159823756513,-1.2118551755604834,140.0942862374442,142.04122111002604,3.6206277832256895,10,4,2020,1,135.33999633789062
2020-10-29,3310.110107421875,11350.740234375,37.59000015258789,0.09,260.319,6.9,1.1846701366300838,1.1947330894238384,1.8665076975958206,-4.393897519056244,-0.08320996760948773,139.56523786272322,141.9012212117513,3.5511064888116253,10,4,2020,1,136.94332885742188
2020-10-30,3269.9599609375,11052.9501953125,38.02000045776367,0.09,260.319,6.9,-5.547305218949495,-1.2129550130175693,-2.6235296810040776,1.1846701366300838,1.0469159823756513,137.91761779785156,141.29999898274738,3.5856827221446665,10,4,2020,1,129.34666442871094
2020-11-02,3310.239990234375,11084.759765625,37.130001068115234,0.09,260.319,6.9,3.213582666134873,1.231820260127181,0.2877925780031987,-5.547305218949495,-4.393897519056244,136.71380833217077,140.75688781738282,3.6274191864542455,11,4,2020,1,133.50332641601562
2020-11-03,3369.159912109375,11279.91015625,35.54999923706055,0.09,260.319,6.9,5.840061701119437,1.779929009643455,1.7605288229175953,3.213582666134873,1.1846701366300838,136.86952209472656,140.7532211303711,3.6542682211024373,11,4,2020,1,141.3000030517578
2020-11-04,3443.43994140625,11777.01953125,29.56999969482422,0.09,260.319,6.9,-0.6888484603579825,2.204704770168342,4.40703310677133,5.840061701119437,-5.547305218949495,136.9028538295201,141.20455423990884,3.0875811940390383,11,4,2020,0,140.32666015625
2020-11-05,3510.449951171875,12078.0703125,27.57999992370605,0.09,260.319,6.9,4.064330054386223,1.9460194138962938,2.556256109206334,-0.6888484603579825,3.213582666134873,137.54142543247767,141.76344299316406,3.1480128261430815,11,4,2020,0,146.02999877929688
2020-11-06,3509.43994140625,12091.349609375,24.86000061035156,0.09,260.319,6.9,-1.858065570474754,-0.028771518741854685,0.10994551721774659,4.064330054386223,5.840061701119437,138.68094961983817,142.01466522216796,3.0520006438859637,11,4,2020,0,143.31666564941406
2020-11-09,3550.5,11830.3896484375,25.75,0.09,260.319,6.9,-2.021165833954497,1.169988923568721,-2.1582368335058777,-1.858065570474754,-0.6888484603579825,139.1776166643415,142.01533203125,3.0177699580915043,11,4,2020,0,140.4199981689453
2020-11-10,3545.530029296875,11624.2900390625,24.799999237060547,0.09,260.319,6.9,-2.587474253102262,-0.13997945931910616,-1.7421202132781866,-2.021165833954497,4.064330054386223,140.240474155971,141.9185541788737,3.0545762123359212,11,4,2020,0,136.7866668701172
2020-11-11,3572.659912109375,11892.9296875,23.450000762939453,0.09,260.319,6.9,1.64977197153513,0.7651855318760337,2.3110198346286692,-2.587474253102262,-1.858065570474754,141.03190394810267,141.78655446370442,3.037839342231749,11,4,2020,0,139.0433349609375
2020-11-12,3537.010009765625,11827.1396484375,25.350000381469727,0.09,260.319,6.9,-1.2873745767280065,-0.9978532303877019,-0.5531861432902296,1.64977197153513,-2.021165833954497,140.4538072858538,141.38210957845052,2.922538686027869,11,4,2020,0,137.25332641601562
2020-11-13,3585.14990234375,11937.83984375,23.100000381469727,0.09,260.319,6.9,-0.7917146283160204,1.3610335409063534,0.9359845119197852,-1.2873745767280065,-2.587474253102262,139.8595232282366,141.30888773600262,2.597026058773739,11,4,2020,0,136.1666717529297
2020-11-16,3626.909912109375,12013.3798828125,22.450000762939453,0.09,260.319,6.9,-0.10037182511209997,1.1648051240012336,0.632778124444755,-0.7917146283160204,1.64977197153513,138.43095179966517,141.11344350179036,2.5511898671730635,11,4,2020,0,136.02999877929688
2020-11-17,3609.530029296875,11977.490234375,22.709999084472656,0.09,260.319,6.9,8.213879250177957,-0.4791925698091615,-0.2987473033200905,-0.10037182511209997,-1.2873745767280065,138.98619079589844,141.42044372558593,2.918720797997134,11,4,2020,0,147.20333862304688
2020-11-18,3567.7900390625,11894.7099609375,23.84000015258789,0.09,260.319,6.9,10.196775866118779,-1.1563829610944043,-0.6911320470120108,8.213879250177957,-0.7917146283160204,142.09952436174666,142.10199940999348,3.4132862004713824,11,4,2020,0,162.2133331298828
2020-11-19,3581.8701171875,11985.4296875,23.11000061035156,0.09,260.319,6.9,2.5953518324515645,0.3946442467421596,0.7626896902944713,10.196775866118779,-0.10037182511209997,146.33333478655135,142.91699981689453,3.4336348506615555,11,4,2020,0,166.42333984375
2020-11-20,3557.5400390625,11906.4404296875,23.700000762939453,0.09,260.319,6.9,-1.9348255020757876,-0.6792562915180156,-0.6590440215496041,2.5953518324515645,8.213879250177957,149.7847638811384,143.5348887125651,3.4544169854134377,11,4,2020,0,163.20333862304688
2020-11-23,3577.590087890625,11905.9404296875,22.65999984741211,0.09,260.319,6.9,6.584827501609536,0.5635930617216234,-0.004199407899885266,-1.9348255020757876,10.196775866118779,155.0271453857422,144.4187774658203,3.6234059866473523,11,4,2020,1,173.9499969482422
2020-11-24,3635.409912109375,12079.8095703125,21.63999938964844,0.09,260.319,6.9,6.425217853318599,1.6161668273416252,1.4603562116895619,6.584827501609536,2.5953518324515645,162.02142987932478,145.62688852945965,3.775521265438647,11,4,2020,1,185.1266632080078
2020-11-25,3629.64990234375,12152.2197265625,21.25,0.09,260.319,6.9,3.3526586238356693,-0.1584418237524976,0.5994312727243267,6.425217853318599,-1.9348255020757876,169.92190551757812,146.87911071777344,3.7771931941133783,11,4,2020,1,191.3333282470703
2020-11-27,3638.35009765625,12258.2099609375,20.84000015258789,0.09,260.319,6.9,2.048779585270877,0.2396979198154181,0.8721882648593304,3.3526586238356693,6.584827501609536,176.78618948800224,148.3999994913737,3.724921099993548,11,4,2020,1,195.2533264160156
2020-11-30,3621.6298828125,12268.3203125,20.56999969482422,0.09,260.319,6.9,-3.100243964538618,-0.45955486401709766,0.08247820517610638,2.048779585270877,6.425217853318599,180.64142717633928,149.82144368489583,3.7588837622340865,11,4,2020,1,189.1999969482422
2020-12-01,3662.449951171875,12455.330078125,20.770000457763672,0.09,262.045,6.7,3.0232565079099327,1.1271187194776155,1.5243306407190849,-3.100243964538618,3.3526586238356693,184.7123783656529,151.53177693684896,3.735762082628603,12,4,2020,1,194.9199981689453
2020-12-02,3669.010009765625,12456.41015625,21.170000076293945,0.09,262.045,6.7,-2.7258998689319025,0.17911667548251575,0.008671613824962066,3.0232565079099327,2.048779585270877,188.48428344726562,153.16377716064454,3.7569382981463195,12,4,2020,1,189.60667419433597
2020-12-03,3666.719970703125,12467.1298828125,21.280000686645508,0.09,262.045,6.7,4.31770706457868,-0.062415721309150296,0.0860579125770089,-2.7258998689319025,-3.100243964538618,191.8904745919364,155.0608881632487,3.798824742015809,12,4,2020,1,197.7933349609375
2020-12-04,3699.1201171875,12528.48046875,20.790000915527344,0.09,262.045,6.7,0.953853028069096,0.8836275129611826,0.49209871489410695,4.31770706457868,3.0232565079099327,193.96952165876115,156.9858881632487,3.798143967711198,12,4,2020,1,199.67999267578125
2020-12-07,3691.9599609375,12596.4697265625,21.299999237060547,0.09,262.045,6.7,7.131413268972531,-0.19356376714373402,0.5426776054932247,0.953853028069096,-2.7258998689319025,197.1961887904576,159.44288787841796,3.918058495138673,12,4,2020,1,213.9199981689453
2020-12-08,3702.25,12635.7197265625,20.68000030517578,0.09,262.045,6.7,1.265269756091203,0.2787148065356293,0.3115952393965893,7.131413268972531,4.31770706457868,200.24952261788505,161.9939987182617,3.907098548130975,12,4,2020,1,216.6266632080078
2020-12-09,3672.820068359375,12364.6396484375,22.270000457763672,0.09,262.045,6.7,-6.985904262531573,-0.7949201604598555,-2.145347348557769,1.265269756091203,0.953853028069096,202.0057133265904,163.9917765299479,4.205600459101581,12,4,2020,1,201.4933319091797
2020-12-10,3668.10009765625,12401.740234375,22.520000457763672,0.09,262.045,6.7,3.7370957678594108,-0.12851080682624305,0.3000539198260377,-6.985904262531573,7.131413268972531,204.02047511509485,166.44788767496746,4.088510717423985,12,4,2020,1,209.02333068847656
2020-12-11,3663.4599609375,12375.41015625,23.309999465942383,0.09,262.045,6.7,-2.723776737586814,-0.12649972997506032,-0.21230954388173906,3.7370957678594108,1.265269756091203,205.98095049176897,168.66077677408853,4.161805037017121,12,4,2020,1,203.3300018310547
2020-12-14,3647.489990234375,12462.2099609375,24.71999931335449,0.09,262.045,6.7,4.891885330572698,-0.4359258971957769,0.7013893163263285,-2.723776737586814,-6.985904262531573,208.19285583496094,171.45844370524088,3.9931498453537877,12,4,2020,1,213.27667236328125
2020-12-15,3694.6201171875,12595.919921875,22.88999938964844,0.09,262.045,6.7,-1.0284031966116491,1.2921249154708825,1.0729233527328574,4.891885330572698,3.7370957678594108,209.8219037737165,174.04444376627603,4.014827409846503,12,4,2020,1,211.0833282470703
2020-12-16,3701.169921875,12668.16015625,22.5,0.09,262.045,6.7,-1.6549539644792555,0.17727951669590514,0.5735209085407256,-1.0284031966116491,-2.723776737586814,208.91761779785156,176.25411020914714,3.9758725312029815,12,4,2020,1,207.58999633789065
2020-12-17,3722.47998046875,12752.0595703125,21.93000030517578,0.09,262.045,6.7,5.319781856425476,0.5757654753379748,0.6622857070614829,-1.6549539644792555,4.891885330572698,209.20428466796875,178.8643325805664,4.019918650812186,12,4,2020,1,218.63333129882807
2020-12-18,3709.409912109375,12738.1796875,21.56999969482422,0.09,262.045,6.7,5.96127789695875,-0.3511118509152866,-0.10884424383347246,5.319781856425476,-1.0284031966116491,213.51476178850447,181.71888834635416,4.075116044738228,12,4,2020,1,231.6666717529297
2020-12-21,3694.919921875,12690.259765625,25.15999984741211,0.09,262.045,6.7,-6.494968189377415,-0.39062790518439305,-0.3761912851804383,5.96127789695875,-1.6549539644792555,214.5999995640346,184.1623326619466,4.293992057884127,12,4,2020,1,216.6199951171875
2020-12-22,3687.260009765625,12717.5595703125,24.229999542236328,0.09,262.045,6.7,-1.464926902636221,-0.2073092860288006,0.21512408092267954,-6.494968189377415,5.319781856425476,216.0452379499163,186.596555074056,4.279554540571954,12,4,2020,1,213.44667053222656
2020-12-23,3690.010009765625,12653.1396484375,23.309999465942383,0.09,262.045,6.7,0.8807772074100217,0.0745811250824957,-0.5065431108762453,-1.464926902636221,5.96127789695875,216.33809334891183,189.2145548502604,4.211835061975493,12,4,2020,1,215.32666015625
2020-12-24,3703.06005859375,12711.009765625,21.530000686645508,0.09,262.045,6.7,2.444349518922251,0.35365890047962534,0.457357768865263,0.8807772074100217,-6.494968189377415,217.6961887904576,191.93277689615886,4.214600707446651,12,4,2020,1,220.58999633789065
2020-12-28,3735.360107421875,12838.8603515625,21.700000762939453,0.09,262.045,6.7,0.2901307404113096,0.8722529021144565,1.0058255661423043,2.444349518922251,-1.464926902636221,219.64476013183594,194.73199920654298,4.1866301173738965,12,4,2020,1,221.22999572753903
2020-12-29,3727.0400390625,12843.490234375,23.07999992370605,0.09,262.045,6.7,0.3465523985226593,-0.222738052560012,0.03606147808856708,0.2901307404113096,0.8807772074100217,220.12523760114397,197.59299926757814,4.168504556873308,12,4,2020,1,221.9966735839844
2020-12-30,3732.0400390625,12845.3603515625,22.770000457763672,0.09,262.045,6.7,4.322886588244468,0.13415471654707467,0.014560817607778276,0.3465523985226593,2.444349518922251,220.11476135253906,200.7784439086914,4.1799045129959005,12,4,2020,1,231.5933380126953
2020-12-31,3756.070068359375,12888.2802734375,22.75,0.09,262.045,6.7,1.5673981191222541,0.6438845522919845,0.3341278150268412,4.322886588244468,0.2901307404113096,222.77238028390067,203.71244354248046,4.004697637726144,12,4,2020,1,235.22332763671875
2021-01-04,3700.64990234375,12694.66015625,26.96999931335449,0.09,262.045,6.7,3.415197180829077,-1.4754827521051062,-1.5022959858077223,1.5673981191222541,0.3465523985226593,227.03095136369978,206.41388804117838,3.684289280530506,1,1,2021,1,243.2566680908203
2021-01-05,3726.860107421875,12802.3798828125,25.34000015258789,0.09,262.045,6.7,0.7317368906131216,0.7082595157549276,0.8485436020866377,3.415197180829077,4.322886588244468,231.27523803710938,209.03433227539062,3.6795905924585655,1,1,2021,1,245.0366668701172
2021-01-06,3748.139892578125,12623.349609375,25.06999969482422,0.09,262.045,6.7,2.8390302267496503,0.5709842747752214,-1.3984140064290163,0.7317368906131216,1.5673981191222541,235.7614288330078,211.9939987182617,3.6349974275959553,1,1,2021,1,251.9933319091797
2021-01-07,3803.7900390625,12939.5703125,22.3700008392334,0.09,262.045,6.7,7.9446563608581044,1.4847403800101189,2.505045910240433,2.8390302267496503,3.415197180829077,243.01619175502233,215.26277669270834,3.7080459993710932,1,1,2021,1,272.0133361816406
2021-01-08,3824.679931640625,13105.2001953125,21.559999465942383,0.09,262.045,6.7,7.840299470467449,0.5491862685268911,1.2800261431594517,7.9446563608581044,0.7317368906131216,253.20809500558036,218.86988779703776,3.7802652069698968,1,1,2021,1,293.3399963378906
2021-01-11,3799.610107421875,12902.490234375,24.07999992370605,0.09,262.045,6.7,-7.8214117215008265,-0.6554750898592476,-1.5467902658213961,7.840299470467449,2.8390302267496503,258.75142778669084,221.50533243815104,4.136814794186049,1,1,2021,1,270.39666748046875
2021-01-12,3801.18994140625,12892.08984375,23.32999992370605,0.09,262.045,6.7,4.7152947996006445,0.04157884466327033,-0.08060762252926068,-7.8214117215008265,7.9446563608581044,265.59761919294084,224.43511047363282,4.183124769823249,1,1,2021,1,283.14666748046875
2021-01-13,3809.840087890625,12973.6298828125,22.209999084472656,0.09,262.045,6.7,0.5850950889994211,0.22756417379066196,0.6324811574442313,4.7152947996006445,7.840299470467449,271.5328587123326,227.62188873291015,4.101819946576122,1,1,2021,1,284.8033447265625
2021-01-14,3795.5400390625,12898.6904296875,23.25,0.09,262.045,6.7,-1.1013523157297866,-0.37534511943366766,-0.577629035219207,0.5850950889994211,-7.8214117215008265,276.7657143729074,230.51344401041666,4.116511543424304,1,1,2021,1,281.6666564941406
2021-01-15,3768.25,12803.9296875,24.34000015258789,0.09,262.045,6.7,-2.229585445953408,-0.7190027975370938,-0.7346539767277394,-1.1013523157297866,4.7152947996006445,280.1076180594308,233.3727767944336,4.100671506073434,1,1,2021,1,275.3866577148437
2021-01-19,3798.909912109375,12996.5400390625,23.239999771118164,0.09,262.045,6.7,2.2259629183488006,0.8136379515524483,1.504306539191158,-2.229585445953408,0.5850950889994211,281.4652361188616,236.1635543823242,4.065810563332808,1,1,2021,1,281.51666259765625
2021-01-20,3851.85009765625,13296.4501953125,21.57999992370605,0.09,262.045,6.7,0.6985997867906768,1.3935625421946263,2.3076153756968143,2.2259629183488006,-1.1013523157297866,280.057141985212,238.95699920654297,4.066747849239706,1,1,2021,1,283.4833374023437
2021-01-21,3853.070068359375,13404.990234375,21.31999969482422,0.09,262.045,6.7,-0.6420156263489907,0.03167233075522802,0.8163083941063132,0.6985997867906768,-2.229585445953408,281.66666521344865,241.2151102701823,3.9245760863262613,1,1,2021,1,281.663330078125
2021-01-22,3841.469970703125,13366.400390625,21.90999984741211,0.09,262.045,6.7,0.19526425140827808,-0.30106116552376383,-0.28787670170055124,-0.6420156263489907,2.2259629183488006,281.5333295549665,243.40133209228514,3.926904753201879,1,1,2021,1,282.2133178710937
2021-01-25,3855.360107421875,13483.2900390625,23.190000534057617,0.09,262.045,6.7,4.034780611460387,0.36158389430824833,0.8745035688103808,0.19526425140827808,0.6985997867906768,282.7899954659598,246.4715545654297,3.664653264112575,1,1,2021,1,293.6000061035156
2021-01-26,3849.6201171875,13490.1904296875,23.020000457763672,0.09,262.045,6.7,0.25999188207492807,-0.14888337468982327,0.05117735066892948,4.034780611460387,-0.6420156263489907,284.6038077218192,249.31622161865235,3.640725679946955,1,1,2021,1,294.36334228515625
2021-01-27,3750.77001953125,13112.650390625,37.209999084472656,0.09,262.045,6.7,-2.143608477064074,-2.5677883699462,-2.798626461429765,0.25999188207492807,0.19526425140827808,286.41333443777904,252.1403330485026,3.6205856579714304,1,1,2021,1,288.0533447265625
2021-01-28,3787.3798828125,13201.5302734375,30.209999084472656,0.09,262.045,6.7,-3.3246240146660666,0.9760625975629766,0.6778178336550811,-2.143608477064074,4.034780611460387,285.9790475027902,254.31366577148438,3.644796405795152,1,1,2021,1,278.4766540527344
2021-01-29,3714.239990234375,12925.3798828125,33.09000015258789,0.09,262.045,6.7,-5.015373491403896,-1.9311475173124593,-2.0918059111725507,-3.3246240146660666,0.25999188207492807,283.26857212611606,256.0945551554362,3.789504987568506,1,1,2021,1,264.510009765625
2021-02-01,3773.860107421875,13248.900390625,30.239999771118164,0.08,263.579,6.2,5.832167286763457,1.6051767614439383,2.5029864556839865,-5.015373491403896,-2.143608477064074,283.0219072614397,258.50611114501953,3.8663666347342045,2,1,2021,1,279.9366760253906
2021-02-02,3826.31005859375,13456.1201171875,25.559999465942383,0.08,263.579,6.2,3.9270726531715816,1.3898223484416938,1.5640522643609822,5.832167286763457,-3.3246240146660666,284.2671465192522,260.9159998575846,3.8217301867138422,2,1,2021,1,290.92999267578125
2021-02-03,3830.169921875,13402.3701171875,22.90999984741211,0.08,263.579,6.2,-2.0738065332563282,0.10087690809532646,-0.3994464937284947,3.9270726531715816,-5.015373491403896,283.0238124302455,262.6903330485026,3.744810439808919,2,1,2021,1,284.89666748046875
2021-02-04,3871.739990234375,13560.8896484375,21.770000457763672,0.08,263.579,6.2,-0.5499119810906672,1.0853322230420792,1.1827723743184082,-2.0738065332563282,5.832167286763457,281.44761875697543,264.91399943033855,3.496764283493655,2,1,2021,0,283.3299865722656
2021-02-05,3886.830078125,13603.9599609375,20.8700008392334,0.08,263.579,6.2,0.26353496607176563,0.3897495164625342,0.31760683566186554,-0.5499119810906672,3.9270726531715816,280.87952096121654,267.268332417806,3.4696052347868727,2,1,2021,0,284.07666015625
2021-02-08,3915.590087890625,13695.01953125,21.239999771118164,0.08,263.579,6.2,1.31302972383458,0.7399348360373592,0.669360763880289,0.26353496607176563,-2.0738065332563282,282.2123805454799,269.68433278401693,3.4699248229469166,2,1,2021,0,287.8066711425781
2021-02-09,3911.22998046875,13687.080078125,21.6299991607666,0.08,263.579,6.2,-1.6168321643152184,-0.11135249921484514,-0.05797328807661817,1.31302972383458,-0.5499119810906672,284.8757106236049,271.76977691650393,3.491981892552104,2,1,2021,0,283.1533203125
2021-02-10,3909.8798828125,13655.26953125,21.989999771118164,0.08,263.579,6.2,-5.255094430399831,-0.03451849323593548,-0.2324129521667717,-1.6168321643152184,0.26353496607176563,283.2095206124442,273.3378885904948,3.6674225882687965,2,1,2021,1,268.2733459472656
2021-02-11,3916.3798828125,13734.349609375,21.25,0.08,263.579,6.2,0.8498789811735685,0.16624551635393559,0.5791176654845742,-5.255094430399831,1.31302972383458,280.29857090541293,274.9564442952474,3.666856201524178,2,1,2021,1,270.5533447265625
2021-02-12,3934.830078125,13807.7001953125,19.96999931335449,0.08,263.579,6.2,0.5494900903412869,0.47110331133788375,0.5340666869833477,0.8498789811735685,-1.6168321643152184,278.461905343192,276.3046666463216,3.603399837164763,2,1,2021,1,272.0400085449219
2021-02-16,3932.590087890625,13773.76953125,21.459999084472656,0.08,263.579,6.2,-2.4383660823671938,-0.056927241835114106,-0.24573725951856362,0.5494900903412869,-5.255094430399831,275.9014325823103,277.31077829996747,3.6403634183481217,2,1,2021,1,265.4066772460937
2021-02-17,3931.330078125,13699.7099609375,21.5,0.08,263.579,6.2,0.24238672272685058,-0.03204020092266724,-0.537685563450685,-2.4383660823671938,0.8498789811735685,273.3261936732701,278.0705556233724,3.5975948167400564,2,1,2021,1,266.04998779296875
2021-02-18,3913.969970703125,13637.509765625,22.489999771118164,0.08,263.579,6.2,-1.3493691045324274,-0.4415835627354592,-0.45402563623502257,0.24238672272685058,0.5494900903412869,269.70523943219865,278.65133310953775,3.6102458991947772,2,1,2021,1,262.4599914550781
2021-02-19,3906.7099609375,13580.7802734375,22.049999237060547,0.08,263.579,6.2,-0.7721833533733569,-0.18548966445751658,-0.415981313028968,-1.3493691045324274,-2.4383660823671938,266.4595249720982,278.932666015625,3.582484480672825,2,1,2021,1,260.4333190917969
2021-02-22,3876.5,13223.740234375,23.450000762939453,0.08,263.579,6.2,-8.549845855559933,-0.773283945815384,-2.629009761396628,-0.7721833533733569,0.24238672272685058,262.1585715157645,277.80444386800133,3.613964702060565,2,1,2021,1,238.1666717529297
2021-02-23,3881.3701171875,13194.7099609375,23.11000061035156,0.08,263.579,6.2,-2.1917429429917368,0.12563181187927874,-0.21953148597123606,-8.549845855559933,-1.3493691045324274,256.7861894880022,275.7913330078125,3.2755569669536326,2,1,2021,0,232.94667053222656
2021-02-24,3925.429931640625,13302.1904296875,21.34000015258789,0.08,263.579,6.2,6.178807266392283,1.135161376597904,0.8145724238592056,-2.1917429429917368,-0.7721833533733569,253.2576163155692,275.0227773030599,3.224774523478173,2,1,2021,0,247.33999633789065
2021-02-25,3829.340087890625,12828.3095703125,28.88999938964844,0.08,263.579,6.2,-8.059082496045278,-2.447880752512621,-3.562427270003621,6.178807266392283,-8.549845855559933,247.82904270717077,273.1647771199544,3.3864041919395445,2,1,2021,0,227.4066619873047
2021-02-26,3811.14990234375,12909.4404296875,27.950000762939453,0.08,263.579,6.2,-0.9850152211020369,-0.47502141699028444,0.6324360893406711,-8.059082496045278,-2.1917429429917368,241.98856898716517,271.17688802083336,3.378431205182917,2,1,2021,0,225.1666717529297
2021-03-01,3901.820068359375,13282.9501953125,23.350000381469727,0.07,264.961,6.1,6.3552911481925545,2.3790763506800205,2.893307170511039,-0.9850152211020369,6.178807266392283,238.70523725237166,269.7705551147461,3.615694287579721,3,1,2021,1,239.47666931152344
2021-03-02,3870.2900390625,13059.9501953125,24.100000381469727,0.07,264.961,6.1,-4.452763648659907,-0.8080851690870694,-1.6788439068204597,6.3552911481925545,-8.059082496045278,234.18809727260046,268.2181111653646,3.6751748697825923,3,1,2021,1,228.81333923339844
2021-03-03,3819.719970703125,12683.330078125,26.670000076293945,0.07,264.961,6.1,-4.8423758283395735,-1.306622187199813,-2.8837791228536025,-4.452763648659907,-0.9850152211020369,231.26904950823103,266.0920003255208,3.717417809453355,3,1,2021,1,217.73333740234372
2021-03-04,3768.469970703125,12464.0,28.56999969482422,0.07,264.961,6.1,-4.862218183112743,-1.3417213930100202,-1.729278326543593,-4.8423758283395735,6.3552911481925545,227.58333478655135,263.5474446614583,3.7789991369784524,3,1,2021,1,207.14666748046875
2021-03-05,3841.93994140625,12668.509765625,24.65999984741211,0.07,264.961,6.1,-3.7799313531282963,1.949596819778221,1.6408036394817138,-4.862218183112743,-4.452763648659907,220.72285897391183,260.802555847168,3.812861217148663,3,1,2021,1,199.3166656494141
2021-03-08,3821.35009765625,12299.080078125,25.46999931335449,0.07,264.961,6.1,-5.84496728285433,-0.5359231030161227,-2.9161258453809458,-3.7799313531282963,-4.8423758283395735,215.04571751185827,257.6510009765625,3.901891987417637,3,1,2021,1,187.6666717529297
2021-03-09,3875.43994140625,12794.490234375,24.030000686645508,0.07,264.961,6.1,19.64120760817838,1.415464230382213,4.028026105229854,-5.84496728285433,-4.862218183112743,214.95428902762276,255.3485565185547,5.390752255571599,3,1,2021,1,224.52667236328125
2021-03-10,3898.81005859375,12752.0703125,22.559999465942383,0.07,264.961,6.1,-0.8195069108326458,0.6030313342701321,-0.3315483547834508,19.64120760817838,-3.7799313531282963,212.55571637834822,252.95933380126954,5.387335117660475,3,1,2021,1,222.6866607666016
2021-03-11,3939.340087890625,13052.900390625,21.90999984741211,0.07,264.961,6.1,4.721134236531421,1.0395487004435822,2.3590685336020822,-0.8195069108326458,-5.84496728285433,213.18238176618303,251.13088887532552,5.473072909132589,3,1,2021,1,233.1999969482422
2021-03-12,3943.340087890625,12937.2900390625,20.690000534057617,0.07,264.961,6.1,-0.8390501992574073,0.10153984958789497,-0.88570622698948,4.721134236531421,19.64120760817838,215.1123809814453,249.5564448038737,5.448594047320165,3,1,2021,1,231.2433319091797
2021-03-15,3968.93994140625,13082.5400390625,20.030000686645508,0.07,264.961,6.1,2.0483461206222575,0.6491921301497117,1.1227235345380393,-0.8390501992574073,-0.8195069108326458,219.23142787388392,248.6054443359375,5.398272038741941,3,1,2021,1,235.97999572753903
2021-03-16,3962.7099609375,13152.2802734375,19.790000915527344,0.07,264.961,6.1,-4.387377195940423,-0.15696837343783798,0.5330787000595194,2.0483461206222575,4.721134236531421,222.98999895368303,246.79511057535808,5.323462357507936,3,1,2021,1,225.6266632080078
2021-03-17,3974.1201171875,13202.3798828125,19.229999542236328,0.07,264.961,6.1,3.6830742610117317,0.287938213053085,0.3809195693326384,-4.387377195940423,-0.8390501992574073,229.5999973842076,244.89533284505208,5.316511334951239,3,1,2021,1,233.9366607666016
2021-03-18,3915.4599609375,12789.1396484375,21.57999992370605,0.07,264.961,6.1,-6.93207276395118,-1.4760539319459198,-3.1300435076328625,3.6830742610117317,2.0483461206222575,228.62761579241072,242.65611063639324,5.43579139733325,3,1,2021,1,217.72000122070312
2021-03-19,3913.10009765625,12866.990234375,20.950000762939453,0.07,264.961,6.1,0.26180050626212203,-0.060270397470363335,0.6087241837805069,-6.93207276395118,-4.387377195940423,227.99952043805803,240.4881108601888,5.438872160414466,3,1,2021,1,218.2899932861328
2021-03-22,3940.590087890625,13086.509765625,18.8799991607666,0.07,264.961,6.1,2.3103830299388672,0.7025118077311765,1.706067442746173,0.26180050626212203,3.6830742610117317,226.58999633789062,238.4633331298828,5.464530222802559,3,1,2021,1,223.3333282470703
2021-03-23,3910.52001953125,13017.7900390625,20.299999237060547,0.07,264.961,6.1,-1.170146456365928,-0.7630854183940605,-0.5251188268930895,2.3103830299388672,-6.93207276395118,225.08666338239397,236.22711079915365,5.452394882363652,3,1,2021,1,220.72000122070312
2021-03-24,3889.139892578125,12798.8798828125,21.200000762939453,0.07,264.961,6.1,-4.816058727810213,-0.546733601831495,-1.681623037344404,-1.170146456365928,0.26180050626212203,221.38809204101562,233.79166666666666,5.501132492655548,3,1,2021,1,210.08999633789065
2021-03-25,3909.52001953125,12780.509765625,19.809999465942383,0.07,264.961,6.1,1.6056627401557888,0.5240265846959469,-0.14352910063769597,-4.816058727810213,2.3103830299388672,219.65047345842635,231.96466623942058,5.454103739823,3,1,2021,1,213.4633331298828
2021-03-26,3974.5400390625,12979.1201171875,18.86000061035156,0.07,264.961,6.1,-3.385438241576766,1.6631202604519668,1.5540096225010513,1.6056627401557888,-1.170146456365928,215.6933310372489,229.8207768758138,5.4694977343041185,3,1,2021,1,206.23666381835935
2021-03-29,3971.090087890625,12965.740234375,20.739999771118164,0.07,264.961,6.1,-1.1992667021112458,-0.08680126852336212,-0.10308774933658338,-3.385438241576766,-4.816058727810213,213.69952174595423,227.54488779703777,5.464347431693913,3,1,2021,1,203.76333618164065
2021-03-30,3958.550048828125,12896.5302734375,19.61000061035156,0.07,264.961,6.1,3.98010788512122,-0.31578329337678124,-0.5337910500012089,-1.1992667021112458,1.6056627401557888,212.78285653250558,225.76044311523438,5.524162183295575,3,1,2021,1,211.8733367919922
2021-03-31,3972.889892578125,13091.4404296875,19.399999618530277,0.07,264.961,6.1,5.083220558444035,0.36224990395776757,1.5113379499557933,3.98010788512122,-3.385438241576766,212.68428475516183,224.3135543823242,5.619702915391524,3,1,2021,1,222.6433258056641
2021-04-01,4019.8701171875,13329.51953125,17.329999923706055,0.07,266.614,6.1,-0.9252455923120073,1.1825201774944727,1.818585990145194,5.083220558444035,-1.1992667021112458,212.66476004464286,222.91766560872395,5.6178842166316505,4,2,2021,1,220.5833282470703
2021-04-05,4077.909912109375,13598.16015625,17.90999984741211,0.07,266.614,6.1,4.427659122771899,1.4438226417743616,2.01538115736426,-0.9252455923120073,3.98010788512122,215.55904715401786,221.91488850911458,5.6868033578362756,4,2,2021,1,230.3500061035156
2021-04-06,4073.93994140625,13578.4599609375,18.1200008392334,0.07,266.614,6.1,0.08247761127986308,-0.09735307519511682,-0.14487397623011988,4.427659122771899,5.083220558444035,217.99857003348214,221.6606658935547,5.466930903341399,4,2,2021,1,230.5399932861328
2021-04-07,4079.949951171875,13616.7001953125,17.15999984741211,0.07,266.614,6.1,-2.985742820893089,0.1475232784985625,0.2816242378370637,0.08247761127986308,-0.9252455923120073,220.48714120047433,221.3509989420573,5.479962016331421,4,2,2021,1,223.6566619873047
2021-04-08,4097.169921875,13758.509765625,16.950000762939453,0.07,266.614,6.1,1.912159613436426,0.42206328286402695,1.0414385884864874,-2.985742820893089,4.427659122771899,223.93999808175224,220.70411020914713,5.368387163489615,4,2,2021,1,227.93333435058597
2021-04-09,4128.7998046875,13845.0595703125,16.690000534057617,0.07,266.614,6.1,-0.9915155733034919,0.7719934348738189,0.6290638024166073,1.912159613436426,0.08247761127986308,225.9114270891462,220.64633280436198,5.159870556398566,4,2,2021,1,225.67333984375
2021-04-12,4127.990234375,13819.349609375,16.90999984741211,0.07,266.614,6.1,3.686741230129442,-0.019607884876882142,-0.1856977270984772,-0.9915155733034919,-2.985742820893089,227.53285653250558,220.9405548095703,5.196473177662776,4,2,2021,1,233.9933319091797
2021-04-13,4141.58984375,13986.490234375,16.649999618530273,0.07,266.614,6.1,8.595690364784803,0.32944868090414303,1.20946809889384,3.686741230129442,1.912159613436426,232.32190595354353,221.4282216389974,5.302229620659234,4,2,2021,1,254.10667419433597
2021-04-14,4124.66015625,13803.91015625,16.989999771118164,0.07,266.614,6.1,-3.947166704647509,-0.40877267278285334,-1.3054031073232886,8.595690364784803,-0.9915155733034919,234.28285653250558,221.93699900309244,5.287296109530078,4,2,2021,1,244.07666015625
2021-04-15,4170.419921875,14026.1904296875,16.56999969482422,0.07,266.614,6.1,0.9040931223980753,1.109419052516647,1.610270357612098,-3.947166704647509,3.686741230129442,236.5319061279297,222.88866577148437,5.196242701772046,4,2,2021,1,246.2833404541016
2021-04-16,4185.47021484375,14041.91015625,16.25,0.07,266.614,6.1,0.12587029151958085,0.36088195555097347,0.11207409910269917,0.9040931223980753,8.595690364784803,239.80857413155692,224.20355478922525,5.096423985179102,4,2,2021,1,246.5933380126953
2021-04-19,4163.259765625,13907.669921875,17.290000915527344,0.07,266.614,6.1,-3.3996584686308617,-0.5306560094486046,-0.9559969611061092,0.12587029151958085,-3.947166704647509,241.27667018345423,225.4999994913737,5.085354259120462,4,2,2021,1,238.2100067138672
2021-04-20,4134.93994140625,13809.2998046875,18.68000030517578,0.07,266.614,6.1,0.6101017267521991,-0.6802319771775922,-0.7073083970218219,-3.3996584686308617,0.9040931223980753,243.2752402169364,227.23322143554688,4.932520731775482,4,2,2021,1,239.663330078125
2021-04-21,4173.419921875,13935.150390625,17.5,0.07,266.614,6.1,3.4951793439894185,0.9306055472153574,0.9113466121923208,0.6101017267521991,0.12587029151958085,245.2819061279297,228.01699879964193,3.490500302983281,4,2,2021,0,248.0399932861328
2021-04-22,4134.97998046875,13762.3603515625,18.709999084472656,0.07,266.614,6.1,-3.283069676699324,-0.9210657476561801,-1.239958193624846,3.4951793439894185,-3.3996584686308617,243.2519051688058,228.59066569010417,3.5484636348251035,4,2,2021,1,239.89666748046875
2021-04-23,4180.169921875,13941.4404296875,17.329999923706055,0.07,266.614,6.1,1.3491908213451254,1.0928696540176919,1.3012308466742617,-3.283069676699324,0.6101017267521991,243.11714390345983,228.9217768351237,3.456092694444117,4,2,2021,0,243.13333129882807
2021-04-26,4187.6201171875,14026.16015625,17.639999389648438,0.07,266.614,6.1,1.2064715006025795,0.1782270924804541,0.607682735437387,1.3491908213451254,3.4951793439894185,243.08619035993303,229.41588795979817,3.455132394278538,4,2,2021,0,246.0666656494141
2021-04-27,4186.72021484375,13960.2802734375,17.559999465942383,0.07,266.614,6.1,-4.532647907368292,-0.021489588801437698,-0.46969293148377833,1.2064715006025795,-3.283069676699324,241.41761779785156,229.38033243815104,3.545719719692782,4,2,2021,1,234.913330078125
2021-04-28,4183.18017578125,13901.6201171875,17.280000686645508,0.07,266.614,6.1,-1.4672094304228334,-0.08455399168898481,-0.420193256159862,-4.532647907368292,1.3491908213451254,240.45428248814173,229.5749989827474,3.458849056222534,4,2,2021,0,231.46665954589844
2021-04-29,4211.47021484375,13970.2001953125,17.610000610351562,0.07,266.614,6.1,-2.505755171974844,0.6762806734045723,0.49332435749851467,-1.4672094304228334,1.2064715006025795,238.4547598702567,229.29933268229166,3.4248096616126262,4,2,2021,0,225.6666717529297
2021-04-30,4181.169921875,13860.759765625,18.61000061035156,0.07,266.614,6.1,4.791723957558203,-0.7194706699326425,-0.7833848345582095,-2.505755171974844,-4.532647907368292,236.80333164760046,229.92466583251954,3.2798444333484165,4,2,2021,0,236.47999572753903
2021-05-03,4192.66015625,13799.7197265625,18.309999465942383,0.07,266.614,6.1,-3.4590632711300584,0.2748090747253684,-0.44038018185612593,4.791723957558203,-1.4672094304228334,235.14666530064173,230.25833282470703,3.3519676151482587,5,2,2021,0,228.3000030517578
2021-05-04,4164.66015625,13544.669921875,19.479999542236328,0.07,266.614,6.1,-1.6498740899281938,-0.6678337608227225,-1.8482245273182318,-3.4590632711300584,-2.505755171974844,232.4895237513951,230.29833323160807,3.34409681039555,5,2,2021,0,224.5333404541016
2021-05-05,4167.58984375,13503.3701171875,19.149999618530277,0.07,266.614,6.1,-0.39489590803736263,0.07034637617677753,-0.3049155492582334,-1.6498740899281938,4.791723957558203,229.2866668701172,230.39588877360026,3.3371610001453607,5,2,2021,0,223.64666748046875
2021-05-06,4201.6201171875,13613.73046875,18.38999938964844,0.07,266.614,6.1,-1.1029338520784915,0.8165456466051824,0.8172800612347153,-0.39489590803736263,-3.4590632711300584,227.32476152692522,230.76555531819662,3.215285985697265,5,2,2021,0,221.17999267578125
2021-05-07,4232.60009765625,13719.6298828125,16.690000534057617,0.07,266.614,6.1,1.3307460953421169,0.7373341616968343,0.7778868129172167,-1.1029338520784915,-1.6498740899281938,226.27571541922433,231.12088877360026,3.211592815051981,5,2,2021,0,224.1233367919922
2021-05-10,4188.43017578125,13359.080078125,19.65999984741211,0.07,266.614,6.1,-6.444373139784076,-1.0435647322188157,-2.627984922094617,1.3307460953421169,-0.39489590803736263,223.99190412248885,231.23566640218098,3.374180467221371,5,2,2021,0,209.67999267578125
2021-05-11,4152.10009765625,13351.26953125,21.84000015258789,0.07,266.614,6.1,-1.8822278764288547,-0.867391280271812,-0.05846620298196603,-6.444373139784076,-1.1029338520784915,219.59952436174666,231.30133310953775,3.3856016001318774,5,2,2021,0,205.73333740234372
2021-05-12,4063.0400390625,13001.6298828125,27.59000015258789,0.07,266.614,6.1,-4.42482129268541,-2.144940066450274,-2.6187745488856495,-1.8822278764288547,1.3307460953421169,215.07523890904017,230.79322204589843,3.4000616576377714,5,2,2021,0,196.6300048828125
2021-05-13,4112.5,13109.150390625,23.1299991607666,0.07,266.614,6.1,-3.0853203980896415,1.2173141406923493,0.8269771465701847,-4.42482129268541,-6.444373139784076,210.22238159179688,229.72388916015626,3.288183384778071,5,2,2021,0,190.56333923339844
2021-05-14,4173.85009765625,13393.1201171875,18.809999465942383,0.07,266.614,6.1,3.157303299711356,1.4917956876899785,2.166194742609573,-3.0853203980896415,-1.8822278764288547,206.35571507045202,228.92377827962238,3.352352145901417,5,2,2021,0,196.5800018310547
2021-05-17,4163.2900390625,13312.91015625,19.71999931335449,0.07,266.614,6.1,-2.189098294684022,-0.25300521932207776,-0.5988892822260783,3.157303299711356,-4.42482129268541,202.22666931152344,227.65466715494793,3.244516145815226,5,2,2021,0,192.27667236328125
2021-05-18,4127.830078125,13217.6796875,21.34000015258789,0.07,266.614,6.1,0.18029458511532592,-0.8517292959364653,-0.7153242050934483,-2.189098294684022,-3.0853203980896415,197.72666931152344,226.39077860514323,3.2452226607550334,5,2,2021,0,192.6233367919922
2021-05-19,4115.68017578125,13237.91015625,22.18000030517578,0.07,266.614,6.1,-2.493638386588848,-0.2943411456817757,0.15305612806710833,0.18029458511532592,3.157303299711356,194.60381426130022,225.19622344970702,3.2336920357669037,5,2,2021,0,187.82000732421875
2021-05-20,4159.1201171875,13494.08984375,20.670000076293945,0.07,266.614,6.1,4.138712802336375,1.0554741756143349,1.9351973572584669,-2.493638386588848,-2.189098294684022,193.15524291992188,224.11822357177735,3.316181794416886,5,2,2021,0,195.5933380126953
2021-05-21,4155.85986328125,13411.740234375,20.149999618530277,0.07,266.614,6.1,-1.0054917128925145,-0.07838806801412357,-0.610264273682315,4.138712802336375,0.18029458511532592,192.72619410923548,223.0500010172526,3.3162605953167,5,2,2021,0,193.6266632080078
2021-05-24,4197.0498046875,13641.75,18.399999618530277,0.07,266.614,6.1,4.40022264046771,0.9911292190138532,1.714988223791214,-1.0054917128925145,-2.493638386588848,194.3809552873884,221.9884455362956,3.349391556433559,5,2,2021,0,202.14666748046875
2021-05-25,4188.1298828125,13657.73046875,18.84000015258789,0.07,266.614,6.1,-0.2885668382965889,-0.21252837802967495,0.11714383235288395,4.40022264046771,4.138712802336375,195.09286063058036,220.23700103759765,2.884033627853122,5,2,2021,0,201.56333923339844
2021-05-26,4195.990234375,13702.740234375,17.360000610351562,0.07,266.614,6.1,2.3879957500782645,0.18768165702687245,0.3295552341436636,-0.2885668382965889,-1.0054917128925145,197.10714503696985,218.98033447265624,2.872169518133776,5,2,2021,0,206.3766632080078
2021-05-27,4200.8798828125,13657.849609375,16.739999771118164,0.07,266.614,6.1,1.8929840154243704,0.11653145418315525,-0.3276032693620423,2.3879957500782645,4.40022264046771,199.63000270298548,217.78033447265625,2.8946363134669824,5,2,2021,0,210.2833404541016
2021-05-28,4204.10986328125,13686.509765625,16.760000228881836,0.07,266.614,6.1,-0.8924522802159496,0.07688818911402162,0.20984384123199362,1.8929840154243704,-0.2885668382965889,202.57095336914062,216.5074452718099,2.8931995438363547,5,2,2021,0,208.4066619873047
2021-06-01,4202.0400390625,13654.58984375,17.899999618530273,0.08,270.654,5.9,-0.2111268599623961,-0.04923335226864056,-0.2332217813132309,-0.8924522802159496,2.3879957500782645,204.33857073102678,215.49933369954428,2.8418250370932303,6,2,2021,0,207.96665954589844
2021-06-02,4208.1201171875,13675.7900390625,17.479999542236328,0.08,270.654,5.9,-3.0100952337768105,0.14469348384307246,0.15526057944688088,-0.2111268599623961,1.8929840154243704,205.49285670689173,214.2341115315755,2.873594730034243,6,2,2021,0,201.7066650390625
2021-06-03,4192.85009765625,13529.6796875,18.040000915527344,0.08,270.654,5.9,-5.334476431283097,-0.36287033416374515,-1.0683869169178628,-3.0100952337768105,-0.8924522802159496,203.89285714285714,212.33100077311198,2.8988520835393805,6,2,2021,0,190.94667053222656
2021-06-04,4229.89013671875,13770.76953125,16.420000076293945,0.08,270.654,5.9,4.575447057551552,0.8834095710505974,1.7819331227238333,-5.334476431283097,-0.2111268599623961,203.62428501674108,210.9905563354492,3.021752133616727,6,2,2021,0,199.68333435058597
2021-06-07,4226.52001953125,13802.8896484375,16.420000076293945,0.08,270.654,5.9,1.0149431698305733,-0.07967387044511831,0.23324852772106386,4.575447057551552,-3.0100952337768105,202.9576198032924,209.60977884928386,3.0150580338668127,6,2,2021,0,201.7100067138672
2021-06-08,4227.259765625,13810.8603515625,17.06999969482422,0.08,270.654,5.9,-0.2544921741878703,0.01750248645058239,0.05774662645297024,1.0149431698305733,-5.334476431283097,201.6595241001674,208.1141123453776,2.997010069950993,6,2,2021,0,201.19667053222656
2021-06-09,4219.5498046875,13814.9404296875,17.889999389648438,0.08,270.654,5.9,-0.7968981371759054,-0.18238673194856947,0.02954253407201346,-0.2544921741878703,4.575447057551552,200.40047781808036,206.93677927652996,2.905266876153029,6,2,2021,0,199.5933380126953
2021-06-10,4239.18017578125,13960.349609375,16.100000381469727,0.08,270.654,5.9,1.8938501740255687,0.46522430122621916,1.052550175135214,-0.7968981371759054,1.0149431698305733,199.7442888532366,206.00033518473307,2.9314006760157634,6,2,2021,0,203.3733367919922
2021-06-11,4247.43994140625,13998.2998046875,15.649999618530272,0.08,270.654,5.9,-0.03770180312155924,0.19484346695590737,0.27184272868792103,1.8938501740255687,-0.2544921741878703,199.971431187221,205.25466817220052,2.9044465563255817,6,2,2021,0,203.29666137695312
2021-06-14,4255.14990234375,14128.2001953125,16.389999389648438,0.08,270.654,5.9,1.2789221849023313,0.18152018730952513,0.9279726283723422,-0.03770180312155924,-0.7968981371759054,202.10714503696985,204.23522389729817,2.7589929863314584,6,2,2021,0,205.89666748046875
2021-06-15,4246.58984375,14030.41015625,17.020000457763672,0.08,270.654,5.9,-2.967508257962048,-0.20116937805257917,-0.6921620426566744,1.2789221849023313,1.8938501740255687,202.12190682547433,203.28477935791017,2.7417496490179074,6,2,2021,0,199.7866668701172
2021-06-16,4223.7001953125,13983.009765625,18.149999618530277,0.08,270.654,5.9,0.9193155632698069,-0.5390124612855707,-0.3378403774167982,-2.967508257962048,-0.03770180312155924,202.1095254080636,202.52111256917317,2.7417190580416713,6,2,2021,0,201.6233367919922
2021-06-17,4221.85986328125,14163.8095703125,17.75,0.08,270.654,5.9,1.9392614586788648,-0.043571559205179966,1.292996341402608,0.9193155632698069,1.2789221849023313,202.72904968261722,201.9173350016276,2.7725115185966667,6,2,2021,0,205.5333404541016
2021-06-18,4166.4501953125,14049.580078125,20.700000762939453,0.08,270.654,5.9,1.0882243306208572,-1.3124468779900589,-0.8064884776968873,1.9392614586788648,-2.967508257962048,203.8971448625837,201.4703353881836,2.777952090639922,6,2,2021,0,207.7700042724609
2021-06-21,4224.7900390625,14137.23046875,17.889999389648438,0.08,270.654,5.9,-0.39788005873790944,1.4002289962720793,0.6238648424907067,1.0882243306208572,0.9193155632698069,204.40714372907365,200.89766845703124,2.763626364608696,6,2,2021,0,206.94332885742188
2021-06-22,4246.43994140625,14270.419921875,16.65999984741211,0.08,270.654,5.9,0.4638983624973836,0.5124491902218642,0.9421184256662718,-0.39788005873790944,1.9392614586788648,205.0652400425502,200.83844655354818,2.503376438211067,6,2,2021,0,207.90333557128903
2021-06-23,4241.83984375,14274.240234375,16.31999969482422,0.08,270.654,5.9,5.2684766182075515,-0.10832833431588806,0.026770848516832757,0.4638983624973836,1.0882243306208572,206.91666957310267,201.27589111328126,2.6536972048557863,6,2,2021,0,218.85667419433597
2021-06-24,4266.490234375,14365.9599609375,15.970000267028809,0.08,270.654,5.9,3.5411302984154513,0.5811249724885448,0.6425541749088826,5.2684766182075515,-0.39788005873790944,210.74809919084825,202.27511342366537,2.5679549501078207,6,2,2021,0,226.60667419433597
2021-06-25,4280.7001953125,14345.1796875,15.619999885559082,0.08,270.654,5.9,-1.1694312026312326,0.33305973193167304,-0.14464938990504939,3.5411302984154513,0.4638983624973836,213.9385746547154,203.38822428385416,2.4984477947654273,6,2,2021,0,223.9566650390625
2021-06-28,4290.60986328125,14524.98046875,15.760000228881836,0.08,270.654,5.9,2.5079265670402195,0.23149642620619026,1.253388142685119,-1.1694312026312326,5.2684766182075515,217.37285940987724,204.48800201416014,2.477985999863071,6,2,2021,0,229.5733337402344
2021-06-29,4291.7998046875,14572.75,16.020000457763672,0.08,270.654,5.9,-1.1557681931349095,0.027733619326086867,0.3288784542793355,2.5079265670402195,3.5411302984154513,220.10857282366072,205.6427795410156,2.4455967550537747,6,2,2021,0,226.9199981689453
2021-06-30,4297.5,14554.7998046875,15.829999923706056,0.08,270.654,5.9,-0.15570796861551495,0.1328159646746485,-0.12317644447684684,-1.1557681931349095,-1.1694312026312326,222.91190665108817,206.77422383626302,2.448270352585269,6,2,2021,0,226.5666656494141
2021-07-01,4319.93994140625,14560.0498046875,15.479999542236328,0.1,271.903,5.4,-0.26188230779432553,0.522162685427574,0.03607057513981271,-0.15570796861551495,2.5079265670402195,225.49333408900674,208.046001180013,2.385017637387537,7,3,2021,0,225.97332763671875
2021-07-02,4352.33984375,14727.6298828125,15.06999969482422,0.1,271.903,5.4,0.14456370513082906,0.7500081663913916,1.1509581380075184,-0.26188230779432553,-1.1557681931349095,226.5566667829241,209.0695566813151,2.2930134601303696,7,3,2021,0,226.3000030517578
2021-07-06,4343.5400390625,14786.3603515625,16.440000534057617,0.1,271.903,5.4,-2.8457809785947363,-0.20218560598241897,0.39877746261494096,0.14456370513082906,-0.15570796861551495,225.59285627092635,209.94400126139323,2.3587007213242197,7,3,2021,0,219.8600006103516
2021-07-07,4358.1298828125,14810.5400390625,16.200000762939453,0.1,271.903,5.4,-2.2635628571399224,0.3358975310182588,0.1635269730014821,-2.8457809785947363,-0.26188230779432553,224.29666573660714,210.3685567220052,2.2866643295633193,7,3,2021,0,214.88333129882807
2021-07-08,4320.81982421875,14722.1396484375,19.0,0.1,271.903,5.4,1.2658037290573354,-0.8561024934316985,-0.5968748633867871,-2.2635628571399224,0.14456370513082906,222.586665562221,210.9032231648763,2.2921331431200707,7,3,2021,0,217.60333251953125
2021-07-09,4369.5498046875,14826.08984375,16.18000030517578,0.1,271.903,5.4,0.6341837079579582,1.1277947808795874,0.7060807586044993,1.2658037290573354,-2.8457809785947363,221.4528568812779,211.32344563802084,2.258660716433898,7,3,2021,0,218.98333740234372
2021-07-12,4384.6298828125,14877.8896484375,16.170000076293945,0.1,271.903,5.4,4.3762819403298625,0.34511743312370946,0.3493827788271231,0.6341837079579582,-2.2635628571399224,221.7385711669922,211.93288981119792,2.3649951911787213,7,3,2021,0,228.5666656494141
2021-07-13,4369.2099609375,14874.5400390625,17.1200008392334,0.1,271.903,5.4,-2.5025526817094024,-0.3516812658565627,-0.02251400873477527,4.3762819403298625,1.2658037290573354,221.29190499441964,212.41422322591146,2.410935664418026,7,3,2021,0,222.8466644287109
2021-07-14,4374.2998046875,14900.4404296875,16.329999923706055,0.1,271.903,5.4,-2.267626253562338,0.11649345752446916,0.17412565737819907,-2.5025526817094024,0.6341837079579582,220.07666669573103,212.7417790730794,2.4534074622931423,7,3,2021,0,217.7933349609375
2021-07-15,4360.02978515625,14794.6904296875,17.010000228881836,0.1,271.903,5.4,-0.4254796226577984,-0.32622408541723713,-0.7097105652615787,-2.267626253562338,4.3762819403298625,219.6490478515625,213.2471125284831,2.381745258814126,7,3,2021,0,216.86666870117188
2021-07-16,4327.16015625,14681.3798828125,18.450000762939453,0.1,271.903,5.4,-0.9806316575730611,-0.7538854211077806,-0.7658865686545724,-0.4254796226577984,-2.5025526817094024,219.62857273646765,214.04022369384765,2.1498819451003843,7,3,2021,0,214.7400054931641
2021-07-19,4258.490234375,14549.08984375,22.5,0.1,271.903,5.4,0.3104482057777691,-1.5869512427409305,-0.9010736056041413,-0.9806316575730611,-2.267626253562338,219.31476266043526,214.5643346150716,2.0010960026136195,7,3,2021,0,215.4066619873047
2021-07-20,4323.06005859375,14728.2099609375,19.729999542236328,0.1,271.903,5.4,2.209778342837665,1.5162609437855634,1.2311431100581638,0.3104482057777691,-0.4254796226577984,219.4838104248047,215.17955678304037,2.028097964108054,7,3,2021,0,220.1666717529297
2021-07-21,4358.68994140625,14842.6298828125,17.90999984741211,0.1,271.903,5.4,-0.7888019850240235,0.8241819990835397,0.7768759555877303,2.209778342837665,-0.9806316575730611,218.03571428571428,215.75400085449218,2.0355763796001622,7,3,2021,0,218.42999267578125
2021-07-22,4367.47998046875,14940.169921875,17.690000534057617,0.1,271.903,5.4,-0.9202007847976312,0.20166699583279435,0.657161431852793,-0.7888019850240235,0.3104482057777691,217.11761910574776,216.31488952636718,2.0379783983462683,7,3,2021,0,216.4199981689453
2021-07-23,4411.7900390625,15111.7900390625,17.200000762939453,0.1,271.903,5.4,-0.9056424875986235,1.0145452020822843,1.148715965647873,-0.9202007847976312,2.209778342837665,216.6414293561663,216.6844451904297,2.0260680330802465,7,3,2021,0,214.4600067138672
2021-07-26,4422.2998046875,15125.9501953125,17.579999923706055,0.1,271.903,5.4,2.2133069927244398,0.23821998626283314,0.09370270638617839,-0.9056424875986235,-0.7888019850240235,216.97571454729353,217.21477864583332,2.0585088201112254,7,3,2021,0,219.2066650390625
2021-07-27,4401.4599609375,14956.9697265625,19.36000061035156,0.1,271.903,5.4,-1.9524948196872671,-0.47124448070912095,-1.117156056763735,2.2133069927244398,-0.9202007847976312,217.00238037109375,217.51577860514323,2.0883190785834236,7,3,2021,0,214.9266662597656
2021-07-28,4400.64013671875,15018.099609375,18.309999465942383,0.1,271.903,5.4,0.34120354402995545,-0.01862618826539153,0.40870499793776993,-1.9524948196872671,-0.9056424875986235,217.03857203892298,218.04488983154297,2.0028513742541225,7,3,2021,0,215.66000366210935
2021-07-29,4419.14990234375,15048.3603515625,17.700000762939453,0.1,271.903,5.4,4.694118807423009,0.42061529800074826,0.20149514901746102,0.34120354402995545,2.2133069927244398,217.84095328194755,218.8502232869466,2.1573805554038916,7,3,2021,0,225.7833404541016
2021-07-30,4395.259765625,14959.900390625,18.239999771118164,0.1,271.903,5.4,1.4541928508582602,-0.540604805147693,-0.5878378698468301,4.694118807423009,-1.9524948196872671,219.3604779924665,219.6346674601237,2.147241659573284,7,3,2021,0,229.0666656494141
2021-08-02,4387.16015625,14963.6201171875,19.459999084472656,0.1,271.903,5.4,3.2697928666004294,-0.1842805614891363,0.024864647927946848,1.4541928508582602,0.34120354402995545,222.23714556012834,220.59422302246094,2.2079946361654503,8,3,2021,0,236.55667114257807
2021-08-03,4423.14990234375,15061.419921875,18.040000915527344,0.1,271.903,5.4,0.009862621233192037,0.82034265474622,0.653583851511752,3.2697928666004294,4.694118807423009,225.3971448625837,221.58211212158204,2.2038036541584116,8,3,2021,0,236.5800018310547
2021-08-04,4402.66015625,15083.3896484375,17.969999313354492,0.1,271.903,5.4,0.1662548831768751,-0.4632387901412294,0.1458675654517183,0.009862621233192037,1.4541928508582602,227.93523951939173,222.55111185709634,2.204503410163833,8,3,2021,0,236.97332763671875
2021-08-05,4429.10009765625,15181.6396484375,17.280000686645508,0.1,271.903,5.4,0.5218642492307302,0.6005446813494242,0.6513787834830476,0.1662548831768751,3.2697928666004294,231.26143101283483,223.19622294108072,2.0092056591995875,8,3,2021,0,238.2100067138672
2021-08-06,4436.52001953125,15109.3603515625,16.149999618530273,0.1,271.903,5.4,-2.1731523084098203,0.1675266241764728,-0.4760967757684753,0.5218642492307302,0.009862621233192037,233.7433362688337,223.4104451497396,1.961862727057548,8,3,2021,0,233.0333404541016
2021-08-09,4432.35009765625,15133.1103515625,16.719999313354492,0.1,271.903,5.4,2.096977928274679,-0.09399082741974318,0.15718732922762602,-2.1731523084098203,0.1662548831768751,235.4771445138114,223.87588958740236,1.978876972456722,8,3,2021,0,237.9199981689453
2021-08-10,4436.75,15053.580078125,16.790000915527344,0.1,271.903,5.4,-0.5281893495678203,0.09926793341701323,-0.525538184747909,2.096977928274679,0.5218642492307302,236.5623822893415,224.11222279866536,1.9350138336777256,8,3,2021,0,236.663330078125
2021-08-11,4442.41015625,15027.759765625,16.170000076293945,0.1,271.903,5.4,-0.3056357047287239,0.12757437876824707,-0.17152273655832717,-0.5281893495678203,-2.1731523084098203,236.47428676060267,224.4128896077474,1.9218762002883167,8,3,2021,0,235.94000244140625
2021-08-12,4460.830078125,15088.98046875,15.59000015258789,0.1,271.903,5.4,2.0386528392057013,0.4146380281677686,0.4073840950334917,-0.3056357047287239,2.096977928274679,237.07000078473772,224.8856674194336,1.9514603892623616,8,3,2021,0,240.75
2021-08-13,4468.0,15136.6796875,15.449999809265137,0.1,271.903,5.4,-0.7033557040174165,0.1607306655808216,0.31611956055472845,2.0386528392057013,-0.5281893495678203,237.36762128557476,225.3217788696289,1.9568832138537413,8,3,2021,0,239.05667114257807
2021-08-16,4479.7099609375,15140.76953125,16.1200008392334,0.1,271.903,5.4,-4.322549735370618,0.2620850702215849,0.027019424566265826,-0.7033557040174165,-0.3056357047287239,236.01238141741072,225.40255635579427,2.1245074764949607,8,3,2021,0,228.72332763671875
2021-08-17,4448.080078125,15002.830078125,17.90999984741211,0.1,271.903,5.4,-2.981764971635037,-0.706069881494753,-0.9110465147778468,-4.322549735370618,2.0386528392057013,234.42238071986603,225.47066752115884,2.1310498572664707,8,3,2021,0,221.90333557128903
2021-08-18,4400.27001953125,14857.919921875,21.56999969482422,0.1,271.903,5.4,3.497015710402862,-1.0748470745585936,-0.9658854729101218,-2.981764971635037,-0.7033557040174165,233.2428567068917,225.9633341471354,2.174237040364199,8,3,2021,0,229.663330078125
2021-08-19,4405.7998046875,14933.9404296875,21.670000076293945,0.1,271.903,5.4,-2.2525688289902868,0.12566922329095842,0.5116497343654158,3.497015710402862,-4.322549735370618,231.50381033761158,226.19288991292316,2.2118264949206514,8,3,2021,0,224.4900054931641
2021-08-20,4441.669921875,15092.5703125,18.559999465942383,0.1,271.903,5.4,1.0082056516856452,0.8141567655737925,1.062210496682825,-2.2525688289902868,-2.981764971635037,230.19142804827007,226.45188954671224,2.2158318319999175,8,3,2021,0,226.7533264160156
2021-08-23,4479.52978515625,15312.8203125,17.149999618530273,0.1,271.903,5.4,3.827951753459824,0.8523790364248329,1.4593273076725977,1.0082056516856452,3.497015710402862,229.43190438406805,226.68077850341797,2.1816807303585026,8,3,2021,0,235.43333435058597
2021-08-24,4486.22998046875,15357.6796875,17.219999313354492,0.1,271.903,5.4,0.31006472789956163,0.14957363013194946,0.2929530555738413,3.827951753459824,-2.2525688289902868,229.01856994628906,227.12466735839843,2.1247122110250705,8,3,2021,0,236.163330078125
2021-08-25,4496.18994140625,15368.919921875,16.790000915527344,0.1,271.903,5.4,0.38250458739308435,0.2220118224179668,0.07318966539033855,0.31006472789956163,1.0082056516856452,230.2104753766741,227.767111714681,2.072364355150877,8,3,2021,0,237.0666656494141
2021-08-26,4470.0,15278.51953125,18.84000015258789,0.1,271.903,5.4,-1.411697599720818,-0.5824918819612557,-0.5882026263688833,0.38250458739308435,3.827951753459824,231.89857046944755,228.32888946533203,2.09205920367112,8,3,2021,0,233.72000122070312
2021-08-27,4509.3701171875,15432.9501953125,16.389999389648438,0.1,271.903,5.4,1.534601190801821,0.8807632480425154,1.0107698180221947,-1.411697599720818,0.31006472789956163,232.99047633579798,229.08111165364582,2.0905750628888353,8,3,2021,0,237.30667114257807
2021-08-30,4528.7900390625,15605.08984375,16.190000534057617,0.1,271.903,5.4,2.6674352644943333,0.4306570844779589,1.115403382107627,1.534601190801821,0.38250458739308435,235.72571454729353,230.02211201985676,2.1327193714611754,8,3,2021,0,243.6366729736328
2021-08-31,4522.68017578125,15582.509765625,16.479999542236328,0.1,271.903,5.4,0.6580834075438302,-0.13491160395050494,-0.14469687999933978,2.6674352644943333,-1.411697599720818,238.36666870117188,230.8578898111979,2.106807750163412,8,3,2021,0,245.2400054931641
2021-09-01,4524.08984375,15611.5703125,16.110000610351562,0.08,273.91,4.7,-0.22155233598405433,0.03116886257619189,0.18649464888580436,0.6580834075438302,1.534601190801821,239.69000244140625,231.7334457397461,2.098470941444198,9,3,2021,0,244.69667053222656
2021-09-02,4536.9501953125,15604.25,16.40999984741211,0.08,273.91,4.7,-0.2315788147756681,0.2842638410522902,-0.046890302214752655,-0.22155233598405433,2.6674352644943333,240.8280988420759,232.65711263020833,2.0872632930660213,9,3,2021,0,244.1300048828125
2021-09-03,4535.43017578125,15652.8603515625,16.40999984741211,0.08,273.91,4.7,0.16111325842673718,-0.03350311257153127,0.3115199484915898,-0.2315788147756681,0.6580834075438302,241.8933367047991,233.659223429362,2.0728781284069693,9,3,2021,0,244.52333068847656
2021-09-07,4520.02978515625,15675.759765625,18.13999938964844,0.08,273.91,4.7,2.637783858939624,-0.3395574405981705,0.14629539616517473,0.16111325842673718,-0.22155233598405433,244.35809762137276,234.71811218261718,2.086668903041133,9,3,2021,0,250.97332763671875
2021-09-08,4514.06982421875,15620.849609375,17.959999084472656,0.08,273.91,4.7,0.12617502122473923,-0.1318566739775151,-0.35028704873629746,2.637783858939624,-0.2315788147756681,246.35571507045202,235.9302230834961,2.037275264589671,9,3,2021,0,251.2899932861328
2021-09-09,4493.27978515625,15561.0498046875,18.799999237060547,0.08,273.91,4.7,0.1313231087076927,-0.4605608657393345,-0.3828204366784882,0.12617502122473923,0.16111325842673718,247.4961896623884,237.12888946533204,2.03835005804248,9,3,2021,0,251.6199951171875
2021-09-10,4458.580078125,15440.75,20.950000762939453,0.08,273.91,4.7,-2.4627038366134335,-0.7722578759925436,-0.7730828330827721,0.1313231087076927,2.637783858939624,247.52238028390067,237.78355611165364,1.951812345544782,9,3,2021,0,245.42333984375
2021-09-13,4468.72998046875,15434.5,19.3700008392334,0.08,273.91,4.7,0.914066245943812,0.22764876184568905,-0.040477308420894254,-2.4627038366134335,0.12617502122473923,247.94666617257255,238.40355631510417,1.9432406831766529,9,3,2021,0,247.6666717529297
2021-09-14,4443.0498046875,15382.900390625,19.459999084472656,0.08,273.91,4.7,0.20053498586631857,-0.574663850657553,-0.3343134495772504,0.914066245943812,0.1313231087076927,248.5228554861886,238.79044494628906,1.859325261109017,9,3,2021,0,248.163330078125
2021-09-15,4480.7001953125,15503.5302734375,18.18000030517578,0.08,273.91,4.7,1.5231899000174076,0.8473996979569742,0.7841816546248825,0.20053498586631857,-2.4627038366134335,249.58285522460938,239.30255584716798,1.8751093443219344,9,3,2021,0,251.94332885742188
2021-09-16,4473.75,15515.91015625,18.690000534057617,0.08,273.91,4.7,0.15347617076681974,-0.15511404489350067,0.07985202463023366,1.5231899000174076,0.914066245943812,249.77666582380022,239.81444498697917,1.875125063166681,9,3,2021,0,252.3300018310547
2021-09-17,4432.990234375,15333.4697265625,20.809999465942383,0.08,273.91,4.7,0.33025333532406,-0.9110872450405094,-1.1758280877516625,0.15347617076681974,0.20053498586631857,250.0442853655134,240.3128890991211,1.874410649397837,9,3,2021,0,253.163330078125
2021-09-20,4357.72998046875,15012.1904296875,25.709999084472656,0.08,273.91,4.7,-3.860484330594227,-1.697731100841482,-2.0952811242613945,0.33025333532406,1.5231899000174076,248.86857169015067,240.65811106363932,1.971502479623418,9,3,2021,0,243.38999938964844
2021-09-21,4354.18994140625,15027.76953125,24.36000061035156,0.08,273.91,4.7,1.2613531089680885,-0.08123585165593639,0.103776338539463,-3.860484330594227,0.15347617076681974,249.01666695731026,240.94277801513672,1.949024463911641,9,3,2021,0,246.4600067138672
2021-09-22,4395.64013671875,15176.509765625,20.8700008392334,0.08,273.91,4.7,1.69871810945057,0.9519611195260236,0.9897692007166947,1.2613531089680885,0.33025333532406,249.44238063267298,241.4088892618815,1.965193490117403,9,3,2021,0,250.64666748046875
2021-09-23,4448.97998046875,15316.580078125,18.6299991607666,0.08,273.91,4.7,0.22608146164888598,1.2134715784494876,0.9229415370407557,1.69871810945057,-3.860484330594227,249.87809535435267,241.91800028483073,1.9627762468790366,9,3,2021,0,251.2133331298828
2021-09-24,4455.47998046875,15329.6796875,17.75,0.08,273.91,4.7,2.7533059916662994,0.1461009046688222,0.0855256807210436,0.22608146164888598,1.2613531089680885,250.76190621512276,242.4973337809245,1.9896620229543767,9,3,2021,0,258.1300048828125
2021-09-27,4443.10986328125,15204.8203125,18.76000022888184,0.08,273.91,4.7,2.191406322043732,-0.27763826213396126,-0.8144943504710733,2.7533059916662994,1.69871810945057,252.39857482910156,243.32166748046876,2.011811102366264,9,3,2021,0,263.78668212890625
2021-09-28,4352.6298828125,14770.2998046875,23.25,0.08,273.91,4.7,-1.7438356123178789,-2.0364110556098214,-2.8577812751609866,2.191406322043732,0.22608146164888598,253.25905282156808,244.3371124267578,1.854282471489841,9,3,2021,0,259.1866760253906
2021-09-29,4359.4599609375,14752.8896484375,22.559999465942383,0.08,273.91,4.7,0.4822778775393388,0.15691842194003325,-0.11787273433999657,-1.7438356123178789,2.7533059916662994,255.69429234095983,245.6215571085612,1.7384642651072575,9,3,2021,0,260.4366760253906
2021-09-30,4307.5400390625,14689.6201171875,23.13999938964844,0.08,273.91,4.7,-0.7461809477373404,-1.1909714125195148,-0.4288619569299157,0.4822778775393388,2.191406322043732,257.41334097726,246.58255767822266,1.661308027804436,9,3,2021,0,258.49334716796875
2021-10-01,4357.0400390625,14791.8701171875,21.100000381469727,0.08,276.55,4.5,-0.033528879108346565,1.149147763018199,0.6960697362102808,-0.7461809477373404,-1.7438356123178789,258.52191380092074,247.7131134033203,1.5864642273447453,10,4,2021,0,258.4066772460937
2021-10-04,4300.4599609375,14472.1201171875,22.959999084472656,0.08,276.55,4.5,0.8139621398127517,-1.2985898136748442,-2.161660408500099,-0.033528879108346565,0.4822778775393388,259.85001046316967,248.8383361816406,1.5846390911017527,10,4,2021,0,260.510009765625
2021-10-05,4345.72021484375,14674.150390625,21.299999237060547,0.08,276.55,4.5,-0.1202850103416031,1.0524514660609219,1.3959963834017763,0.8139621398127517,-0.7461809477373404,260.14524623325894,249.66378021240234,1.4553131366796124,10,4,2021,0,260.1966552734375
2021-10-06,4363.5498046875,14766.75,21.0,0.08,276.55,4.5,0.27671424905384434,0.41027928541854664,0.6310389829053298,-0.1202850103416031,-0.033528879108346565,259.73524257114957,250.4888910929362,1.4553528447312734,10,4,2021,0,260.9166564941406
2021-10-07,4399.759765625,14897.1298828125,19.540000915527344,0.08,276.55,4.5,1.3874260399496352,0.8298280656405366,0.8829287609832814,0.27671424905384434,0.8139621398127517,260.49952915736606,251.40455830891926,1.4678031881385079,10,4,2021,0,264.53668212890625
2021-10-08,4391.33984375,14820.75,18.770000457763672,0.08,276.55,4.5,-1.0231834522373306,-0.19137230947889883,-0.512715425141208,1.3874260399496352,-0.1202850103416031,260.69857352120533,252.34155782063803,1.4531215912403475,10,4,2021,0,261.8299865722656
2021-10-11,4361.18994140625,14713.73046875,20.0,0.08,276.55,4.5,0.8211528565575943,-0.6865763848056816,-0.7220925476106088,-1.0231834522373306,0.27671424905384434,261.48238263811385,253.230669148763,1.4395096625810049,10,4,2021,0,263.9800109863281
2021-10-12,4350.64990234375,14662.1103515625,19.850000381469727,0.08,276.55,4.5,1.7400267303360861,-0.24167805585421087,-0.35082956900110984,0.8211528565575943,1.3874260399496352,262.9347621372768,254.0618911743164,1.3977280318772354,10,4,2021,0,268.5733337402344
2021-10-13,4363.7998046875,14774.599609375,18.63999938964844,0.08,276.55,4.5,0.6652379022320076,0.302251448379387,0.7672105523371053,1.7400267303360861,-1.0231834522373306,264.34190150669644,254.89922383626302,1.3977856959322033,10,4,2021,0,270.3599853515625
2021-10-14,4438.259765625,15052.419921875,16.860000610351562,0.08,276.55,4.5,0.8926471099504285,1.7063101945583359,1.8803914816325262,0.6652379022320076,0.8211528565575943,266.1385716029576,255.83511301676432,1.3972881661452015,10,4,2021,0,272.7733459472656
2021-10-15,4471.3701171875,15146.919921875,16.299999237060547,0.08,276.55,4.5,3.0195999501915205,0.7460210377712606,0.6278060304620414,0.8926471099504285,1.7400267303360861,269.00905064174106,257.06444651285807,1.472878424981406,10,4,2021,0,281.010009765625
2021-10-18,4486.4599609375,15300.8896484375,16.309999465942383,0.08,276.55,4.5,3.212224493643445,0.337476955709759,1.0165084872478802,3.0195999501915205,0.6652379022320076,272.6519077845982,258.58155822753906,1.5532082770862248,10,4,2021,0,290.03668212890625
2021-10-19,4519.6298828125,15410.7197265625,15.699999809265137,0.08,276.55,4.5,-0.6711860640270406,0.7393339551406308,0.7178019098792454,3.212224493643445,0.8926471099504285,276.40333775111606,259.81878051757815,1.519328362062345,10,4,2021,0,288.0899963378906
2021-10-20,4536.18994140625,15388.7099609375,15.489999771118164,0.08,276.55,4.5,0.1770314041126264,0.36640298040166996,-0.14282114019025238,-0.6711860640270406,3.0195999501915205,279.9204799107143,261.0624476114909,1.5189575329730853,10,4,2021,0,288.6000061035156
2021-10-21,4549.77978515625,15489.58984375,15.010000228881836,0.08,276.55,4.5,3.257101073349511,0.2995871849622578,0.6555447667060621,0.1770314041126264,3.212224493643445,284.1242893763951,262.6084477742513,1.5997222085903198,10,4,2021,0,298.0
2021-10-22,4544.89990234375,15355.0703125,15.43000030517578,0.08,276.55,4.5,1.7539107559511269,-0.10725536274130976,-0.8684512153449786,3.257101073349511,-0.6711860640270406,288.8195277622768,264.5352249145508,1.5058444803239137,10,4,2021,0,303.2266540527344
2021-10-25,4566.47998046875,15514.1904296875,15.239999771118164,0.08,276.55,4.5,12.661598362581984,0.4748196569493546,1.0362708470176507,1.7539107559511269,0.1770314041126264,298.6547633579799,267.66700236002606,2.6507007387566612,10,4,2021,0,341.6199951171875
2021-10-26,4574.7900390625,15559.490234375,15.979999542236328,0.08,276.55,4.5,-0.6274050392506725,0.18197952535197182,0.2919894846773019,12.661598362581984,3.257101073349511,307.00714111328125,270.7107798258464,2.6647691760995094,10,4,2021,0,339.4766540527344
2021-10-27,4551.68017578125,15598.3896484375,16.979999542236328,0.08,276.55,4.5,1.9078438805710585,-0.5051568068462853,0.25000442480154206,-0.6274050392506725,1.7539107559511269,314.99523489815846,273.8444468180339,2.6678866908576286,10,4,2021,0,345.9533386230469
2021-10-28,4596.419921875,15778.16015625,16.530000686645508,0.08,276.55,4.5,3.775074872979922,0.9829281576461124,1.1524940193458288,1.9078438805710585,12.661598362581984,325.1271405901228,277.40055796305336,2.7054755753530544,10,4,2021,0,359.0133361816406
2021-10-29,4605.3798828125,15850.4697265625,16.260000228881836,0.08,276.55,4.5,3.431629436179362,0.1949334719149265,0.4582889867793316,3.775074872979922,-0.6274050392506725,336.9461887904576,281.33955841064454,2.7296104901169347,10,4,2021,0,371.3333435058594
2021-11-01,4613.669921875,15905.2802734375,16.40999984741211,0.08,278.919,4.1,8.49102277797451,0.18000771431341267,0.34579761874908854,3.431629436179362,1.9078438805710585,351.9266662597656,286.65533650716145,2.8502240097408214,11,4,2021,0,402.86334228515625
2021-11-02,4630.64990234375,15972.490234375,16.030000686645508,0.08,278.919,4.1,-3.027499529203259,0.36803630854131963,0.4225638264906406,8.49102277797451,3.775074872979922,364.41809517996654,291.4622248331706,2.979236398260093,11,4,2021,0,390.6666564941406
2021-11-03,4660.56982421875,16144.5,15.100000381469728,0.08,278.919,4.1,3.5716738019734517,0.6461279195357994,1.076912636044769,-3.027499529203259,3.431629436179362,373.41809517996654,296.5946690877279,3.001178196071328,11,4,2021,0,404.6199951171875
2021-11-04,4680.06005859375,16346.240234375,15.4399995803833,0.08,278.919,4.1,1.3222297879683653,0.4181942361150437,1.249591095264635,3.5716738019734517,8.49102277797451,383.4885733468192,301.8865580240885,2.9898894363948383,11,4,2021,0,409.9700012207031
2021-11-05,4697.52978515625,16359.3798828125,16.479999542236328,0.08,278.919,4.1,-0.6358169933862068,0.3732799652949259,0.08038330679778216,1.3222297879683653,-3.027499529203259,392.2614310128348,306.8610026041667,3.012157980447404,11,4,2021,0,407.36334228515625
2021-11-08,4701.7001953125,16336.0302734375,17.219999313354492,0.08,278.919,4.1,-4.8400709533863,0.08877879113036169,-0.14272918376039279,-0.6358169933862068,3.5716738019734517,396.3519069126674,310.9896687825521,3.2282811730944725,11,4,2021,0,387.6466674804688
2021-11-09,4685.25,16219.9404296875,17.780000686645508,0.08,278.919,4.1,-11.990303254359858,-0.3498775895770745,-0.7106368059244028,-4.8400709533863,1.3222297879683653,392.0423801967076,313.7223347981771,4.0125388559040305,11,4,2021,1,341.1666564941406
2021-11-10,4646.7099609375,15985.5703125,18.729999542236328,0.08,278.919,4.1,4.342945192962477,-0.8225823395229703,-1.4449505422259756,-11.990303254359858,-0.6358169933862068,385.3452366420201,316.9072235107422,4.0570847794264475,11,4,2021,1,355.9833374023437
2021-11-11,4649.27001953125,16032.4697265625,17.65999984741211,0.08,278.919,4.1,-0.41575288246014086,0.05509400447352153,0.2933859295956909,4.342945192962477,-4.8400709533863,380.1790466308594,320.10755615234376,4.052270149504814,11,4,2021,1,354.5033264160156
2021-11-12,4682.85009765625,16199.8896484375,16.290000915527344,0.08,278.919,4.1,-2.829310201599211,0.7222656026415475,1.0442553438764213,-0.41575288246014086,-11.990303254359858,371.58666556222096,322.9764444986979,4.111848689778111,11,4,2021,1,344.47332763671875
2021-11-15,4682.7998046875,16189.1201171875,16.489999771118164,0.08,278.919,4.1,-1.938224449936754,-0.0010739820344718431,-0.0664790408065441,-2.829310201599211,4.342945192962477,361.2761884416853,325.55266621907555,4.1477192078192155,11,4,2021,1,337.7966613769531
2021-11-16,4700.89990234375,16309.76953125,16.3700008392334,0.08,278.919,4.1,4.079376842602822,0.3865229864862485,0.7452499776958943,-1.938224449936754,-0.41575288246014086,353.3066624232701,328.5986663818359,4.180985676001399,11,4,2021,1,351.57666015625
2021-11-17,4688.669921875,16308.0703125,17.110000610351562,0.08,278.919,4.1,3.2501208284666294,-0.2601625374463401,-0.010418410552914814,4.079376842602822,-2.829310201599211,349.7861851283482,332.0015553792318,4.196185424656728,11,4,2021,1,363.0033264160156
2021-11-18,4704.5400390625,16482.970703125,17.59000015258789,0.08,278.919,4.1,0.6767610267700563,0.33847802152713324,1.072477535805949,3.2501208284666294,-1.938224449936754,353.2566615513393,335.36566569010415,4.19705023503038,11,4,2021,1,365.4599914550781
2021-11-19,4697.9599609375,16573.33984375,17.90999984741211,0.08,278.919,4.1,3.7103918009204317,-0.1398665559303236,0.5482576063055689,0.6767610267700563,4.079376842602822,356.54761178152904,339.2719991048177,4.200796188392048,11,4,2021,1,379.0199890136719
2021-11-22,4682.93994140625,16380.98046875,19.170000076293945,0.08,278.919,4.1,1.7422122080461122,-0.31971365563219223,-1.1606554672354719,3.7103918009204317,3.2501208284666294,360.99332536969865,343.3267761230469,4.2003440168803365,11,4,2021,1,385.6233215332031
2021-11-23,4690.7001953125,16306.7197265625,19.3799991607666,0.08,278.919,4.1,-4.135293272729212,0.1657132912945114,-0.45333514882803794,1.7422122080461122,0.6767610267700563,364.5938023158482,346.69688720703124,4.317206204064177,11,4,2021,1,369.6766662597656
2021-11-24,4701.4599609375,16367.8095703125,18.57999992370605,0.08,278.919,4.1,0.6284772484400847,0.22938506357221833,0.3746298751335475,-4.135293272729212,3.7103918009204317,369.47999354771207,350.0848876953125,4.317356980682753,11,4,2021,1,372.0
2021-11-26,4594.6201171875,16025.580078125,28.6200008392334,0.08,278.919,4.1,-3.0537595031082,-2.2724822637582465,-2.0908692193500777,0.6284772484400847,1.7422122080461122,370.7747584751674,353.01377665201824,4.3853631264305495,11,4,2021,1,360.6400146484375
2021-11-29,4655.27001953125,16399.240234375,22.959999084472656,0.08,278.919,4.1,5.090022790022752,1.3200199537034996,2.331648242549722,-3.0537595031082,-4.135293272729212,373.0595223563058,356.2799987792969,4.433806808791888,11,4,2021,1,378.9966735839844
2021-11-30,4567.0,16135.919921875,27.190000534057617,0.08,278.919,4.1,0.6833823403773698,-1.896131033450521,-1.6056860484795266,5.090022790022752,0.6284772484400847,375.3633335658482,359.3316650390625,4.416214493475676,11,4,2021,1,381.586669921875
2021-12-01,4513.0400390625,15877.7197265625,31.1200008392334,0.08,280.845,3.9,-4.346763456194869,-1.1815187417889228,-1.6001578872640865,0.6833823403773698,-3.0537595031082,373.36047799246654,361.89533182779945,4.514441848250875,12,4,2021,1,365.0
2021-12-02,4577.10009765625,15990.759765625,27.950000762939453,0.08,280.845,3.9,-0.949773919092467,1.419443613158311,0.7119412674440273,-4.346763456194869,5.090022790022752,369.91904994419644,364.3264424641927,4.525256474793845,12,4,2021,1,361.5333251953125
2021-12-03,4538.43017578125,15712.0400390625,30.670000076293945,0.08,280.845,3.9,-6.419876077133225,-0.8448563730297565,-1.743004901878753,-0.949773919092467,0.6833823403773698,365.44000244140625,365.67055358886716,4.68986909511013,12,4,2021,1,338.3233337402344
2021-12-06,4591.669921875,15846.16015625,27.18000030517578,0.08,280.845,3.9,-0.5872086315763081,1.1730872577451423,0.8536136418571871,-6.419876077133225,-4.346763456194869,360.3452410016741,366.7742207845052,4.688283900206129,12,4,2021,1,336.336669921875
2021-12-07,4686.75,16325.66015625,21.88999938964844,0.08,280.845,3.9,4.235837141187604,2.0707080374404274,3.025969668815165,-0.5872086315763081,-0.949773919092467,358.90857369559154,367.0729990641276,4.1535243984278996,12,4,2021,1,350.5833435058594
2021-12-08,4701.2099609375,16394.33984375,19.899999618530277,0.08,280.845,3.9,1.6363195584229162,0.30852853123166657,0.4206855149665012,4.235837141187604,-6.419876077133225,355.66904994419644,367.6344441731771,4.159071001435593,12,4,2021,1,356.32000732421875
2021-12-09,4667.4501953125,16149.5703125,21.57999992370605,0.08,280.845,3.9,-6.095644581905246,-0.7181080169894716,-1.4930124273550005,1.6363195584229162,-0.5872086315763081,348.95666939871654,367.25599975585936,4.30305227961195,12,4,2021,1,334.6000061035156
2021-12-10,4712.02001953125,16331.98046875,18.690000534057617,0.08,280.845,3.9,1.3179927022311633,0.9549073338481762,1.1295047033468952,-6.095644581905246,4.235837141187604,345.24381365094865,366.58922220865884,4.251402426699581,12,4,2021,1,339.010009765625
2021-12-13,4668.97021484375,16082.5498046875,20.309999465942383,0.08,280.845,3.9,-4.977243020772959,-0.9136167611567658,-1.5272530146589802,1.3179927022311633,1.6363195584229162,339.61571829659596,364.94933268229164,4.287454028342604,12,4,2021,1,322.1366577148437
2021-12-14,4634.08984375,15914.900390625,21.88999938964844,0.08,280.845,3.9,-0.8174578197676308,-0.7470677577436025,-1.0424305604428197,-4.977243020772959,-6.095644581905246,336.9271458217076,362.17066548665366,3.946426086373281,12,4,2021,1,319.5033264160156
2021-12-15,4709.85009765625,16289.58984375,19.290000915527344,0.08,280.845,3.9,1.8236618133556703,1.6348464630746795,2.3543311232140596,-0.8174578197676308,1.3179927022311633,335.3547624860491,359.99277648925784,3.9468345575627883,12,4,2021,1,325.3299865722656
2021-12-16,4668.669921875,15863.9404296875,20.56999969482422,0.08,280.845,3.9,-5.027713279025869,-0.8743415379980468,-2.61301492637529,1.8236618133556703,-4.977243020772959,329.4104745047433,356.80455423990884,3.9508890730052584,12,4,2021,1,308.97332763671875
2021-12-17,4620.64013671875,15801.4599609375,21.56999969482422,0.08,280.845,3.9,0.6095449446181567,-1.0287680637092622,-0.39385213923947004,-5.027713279025869,-0.8174578197676308,322.91571044921875,353.500776163737,3.9397072677369103,12,4,2021,1,310.8566589355469
2021-12-20,4568.02001953125,15627.6396484375,22.8700008392334,0.08,280.845,3.9,-3.498927121736173,-1.138805785140995,-1.1000269147895092,0.6095449446181567,1.8236618133556703,317.9699968610491,349.92133178710935,3.9691314645041635,12,4,2021,1,299.9800109863281
2021-12-21,4649.22998046875,15986.2802734375,21.01000022888184,0.08,280.845,3.9,4.288056302579579,1.7777934551572505,2.2949123032527607,-3.498927121736173,-5.027713279025869,314.23189871651783,347.4278869628906,4.009246245185052,12,4,2021,1,312.84332275390625
2021-12-22,4696.56005859375,16180.1396484375,18.6299991607666,0.08,280.845,3.9,7.494705523716627,1.0180197220578835,1.2126609297731017,4.288056302579579,0.6095449446181567,316.2538059779576,347.26533203125,3.669703381489807,12,4,2021,1,336.2900085449219
2021-12-23,4725.7900390625,16308.2099609375,17.959999084472656,0.08,280.845,3.9,5.761886305530961,0.6223699921661829,0.7915278562652395,7.494705523716627,-3.498927121736173,321.4199959891183,347.25477600097656,3.735925860979984,12,4,2021,1,355.6666564941406
2021-12-27,4791.18994140625,16567.5,17.68000030517578,0.08,280.845,3.9,2.524839149906688,1.383893524747526,1.589935619443028,5.761886305530961,4.288056302579579,327.0366646902902,347.59288736979164,3.7613797537964575,12,4,2021,1,364.6466674804688
2021-12-28,4786.35009765625,16488.66015625,17.540000915527344,0.08,280.845,3.9,-0.500027534279357,-0.10101548486260992,-0.4758704919269663,2.524839149906688,7.494705523716627,334.7295227050781,348.2045542399089,3.7213192789454212,12,4,2021,1,362.8233337402344
2021-12-29,4793.06005859375,16491.009765625,16.950000762939453,0.08,280.845,3.9,-0.20947102761840197,0.14018951394270118,0.014249850216652149,-0.500027534279357,5.761886305530961,342.04476056780135,349.01344299316406,3.699745502863099,12,4,2021,1,362.0633239746094
2021-12-30,4778.72998046875,16429.099609375,17.329999923706055,0.08,280.845,3.9,-1.4592268383646134,-0.29897555945093135,-0.3754176192354852,-0.20947102761840197,2.524839149906688,350.15904453822543,349.1868876139323,3.642279636219054,12,4,2021,1,356.7799987792969
2021-12-31,4766.18017578125,16320.080078125,17.219999313354492,0.08,280.845,3.9,-1.2668840823859995,-0.2626179913657545,-0.6635758126865898,-1.4592268383646134,-0.500027534279357,355.78999982561385,348.8287770589193,3.601264259160862,12,4,2021,1,352.260009765625
2022-01-03,4796.56005859375,16501.76953125,16.600000381469727,0.08,280.845,3.9,13.53166841897706,0.6374052530970564,1.1132877550553921,-1.2668840823859995,-0.20947102761840197,364.8809509277344,349.9776662190755,4.371556276145291,1,1,2022,1,399.9266662597656
2022-01-04,4793.5400390625,16279.73046875,16.90999984741211,0.08,280.845,3.9,-4.1832696836128,-0.0629621957060511,-1.3455469856097357,13.53166841897706,-1.4592268383646134,368.81380789620533,350.11688842773435,4.402331555820435,1,1,2022,1,383.1966552734375
2022-01-05,4700.580078125,15771.7802734375,19.729999542236328,0.08,280.845,3.9,-5.347121367683638,-1.9392757790687165,-3.120138851730647,-4.1832696836128,-1.2668840823859995,368.5366646902902,349.3529998779297,4.501843249910619,1,1,2022,1,362.7066650390625
2022-01-06,4696.0498046875,15765.3603515625,19.61000061035156,0.08,280.845,3.9,-2.152337383085412,-0.09637690162076495,-0.04070511865937876,-5.347121367683638,13.53166841897706,367.4047589983259,348.860444132487,4.454991642803544,1,1,2022,1,354.8999938964844
2022-01-07,4677.02978515625,15592.1904296875,18.76000022888184,0.08,280.845,3.9,-3.5446567451716815,-0.4050216740091761,-1.0984203215998023,-2.152337383085412,-4.1832696836128,364.5842851911272,347.87111104329426,4.49826929454514,1,1,2022,1,342.32000732421875
2022-01-10,4670.2900390625,15614.4296875,19.399999618530277,0.08,280.845,3.9,3.034195341380186,-0.14410312534549607,0.142630747827166,-3.5446567451716815,-5.347121367683638,364.00238037109375,347.6066660563151,4.501538052368702,1,1,2022,1,352.7066650390625
2022-01-11,4713.06982421875,15844.1201171875,18.40999984741211,0.08,280.845,3.9,0.5935024657598653,0.9159984668711818,1.4710138908971881,3.034195341380186,-2.152337383085412,364.365234375,346.80010986328125,4.400689050405596,1,1,2022,1,354.79998779296875
2022-01-12,4726.35009765625,15905.099609375,17.6200008392334,0.08,280.845,3.9,3.9289748931841784,0.2817754443029452,0.3848714332918446,0.5935024657598653,-3.5446567451716815,359.90999494280135,346.37188720703125,4.460814706971283,1,1,2022,1,368.739990234375
2022-01-13,4659.02978515625,15495.6201171875,20.309999465942383,0.08,280.845,3.9,-6.749107331435766,-1.42436152864307,-2.5745169929406786,3.9289748931841784,3.034195341380186,354.2895202636719,345.6669982910156,4.561587778083871,1,1,2022,1,343.85333251953125
2022-01-14,4662.85009765625,15611.58984375,19.190000534057617,0.08,280.845,3.9,1.7497758575059086,0.08199802697488323,0.7484032628927828,-6.749107331435766,0.5935024657598653,352.4557102748326,345.27822062174477,4.570866897694775,1,1,2022,1,349.8699951171875
2022-01-18,4577.10986328125,15210.759765625,22.790000915527344,0.08,280.845,3.9,-1.819724123253097,-1.8387945694007368,-2.5675160706676525,1.7497758575059086,3.9289748931841784,350.8276149204799,345.4508870442708,4.423201798174857,1,1,2022,1,343.5033264160156
2022-01-19,4532.759765625,15047.83984375,23.850000381469727,0.08,280.845,3.9,-3.38278969185718,-0.9689541868338813,-1.071083393501393,-1.819724123253097,-6.749107331435766,349.336661202567,345.3024424235026,4.46833730595346,1,1,2022,1,331.8833312988281
2022-01-20,4482.72998046875,14846.4599609375,25.59000015258789,0.08,280.845,3.9,0.06227038828787723,-1.103737849414832,-1.3382643947804973,-3.38278969185718,1.7497758575059086,346.3914228166853,344.6859975179037,4.397935360865392,1,1,2022,1,332.0899963378906
2022-01-21,4397.93994140625,14438.400390625,28.850000381469727,0.08,280.845,3.9,-5.256606712507206,-1.8914821867908604,-2.748531106985397,0.06227038828787723,-1.819724123253097,340.653329031808,343.29644165039065,4.483898310990849,1,1,2022,1,314.6333312988281
2022-01-24,4410.1298828125,14509.580078125,29.899999618530277,0.08,280.845,3.9,-1.4726129872195681,0.2771738943381896,0.4929887354157225,-5.256606712507206,-3.38278969185718,332.26190185546875,342.4764414469401,4.356140655335517,1,1,2022,1,310.0
2022-01-25,4356.4501953125,14149.1201171875,31.15999984741211,0.08,280.845,3.9,-1.2473124842489969,-1.2171906253646725,-2.4842894073891064,-1.4726129872195681,0.06227038828787723,326.87333025251115,341.38055216471355,4.351205392641875,1,1,2022,1,306.1333312988281
2022-01-26,4349.93017578125,14172.759765625,31.959999084472656,0.08,280.845,3.9,2.069905258271132,-0.1496635847751837,0.16707504241755267,-1.2473124842489969,-5.256606712507206,321.5304739815848,341.05833028157554,4.276805150071093,1,1,2022,1,312.4700012207031
2022-01-27,4326.509765625,14003.1103515625,30.489999771118164,0.08,280.845,3.9,-11.554175561970448,-0.538408875771057,-1.1970104402247217,2.069905258271132,-1.4726129872195681,311.9395228794643,339.6204416910807,4.767338935088027,1,1,2022,1,276.3666687011719
2022-01-28,4431.85009765625,14454.6103515625,27.65999984741211,0.08,280.845,3.9,2.0805692766870276,2.4347646888076113,3.2242836674469366,-11.554175561970448,-1.2473124842489969,304.8299996512277,338.17999776204425,4.771650216676047,1,1,2022,1,282.1166687011719
2022-01-31,4515.5498046875,14930.0498046875,24.82999992370605,0.08,280.845,3.9,10.677611383930952,1.8885951732779516,3.289188996184911,2.0805692766870276,2.069905258271132,301.9942844935826,338.28888651529945,5.093128868579214,1,1,2022,1,312.239990234375
2022-02-01,4546.5400390625,15019.6796875,21.959999084472656,0.08,284.5,3.9,-0.5839526637397507,0.686300355780145,0.6003321086334168,10.677611383930952,-11.554175561970448,301.3919023786272,338.2742197672526,5.094147617416197,2,1,2022,1,310.4166564941406
2022-02-02,4589.3798828125,15139.740234375,22.09000015258789,0.08,284.5,3.9,-2.7479191598914543,0.942251544733641,0.7993549088461505,-0.5839526637397507,2.0805692766870276,300.2328534807478,338.3377746582031,5.077573745290446,2,1,2022,1,301.8866577148437
2022-02-03,4477.43994140625,14501.1103515625,24.350000381469727,0.08,284.5,3.9,-1.6032495024878912,-2.4391082077444004,-4.218235405139126,-2.7479191598914543,10.677611383930952,298.9347577776228,337.81121927897135,5.025431741980736,2,1,2022,1,297.0466613769531
2022-02-04,4500.52978515625,14694.349609375,23.21999931335449,0.08,284.5,3.9,3.611110968421327,0.5156929864423399,1.3325824928411611,-1.6032495024878912,-0.5839526637397507,298.26380702427457,336.86066385904945,4.8719963575207474,2,1,2022,1,307.7733459472656
2022-02-07,4483.8701171875,14571.25,22.86000061035156,0.08,284.5,3.9,-1.730718642133755,-0.37017126347429485,-0.8377343172539131,3.611110968421327,-2.7479191598914543,301.98951939174106,335.0866638183594,4.747247757886489,2,1,2022,1,302.4466552734375
2022-02-08,4521.5400390625,14747.0302734375,21.440000534057617,0.08,284.5,3.9,1.61571905234128,0.8401207191663262,1.2063499935661026,-1.730718642133755,-1.6032495024878912,305.59190150669644,333.1762196858724,4.730597345831864,2,1,2022,1,307.3333435058594
2022-02-09,4587.18017578125,15056.9599609375,19.959999084472656,0.08,284.5,3.9,1.0845920427172029,1.4517207887505545,2.101641359333528,1.61571905234128,3.611110968421327,305.3671395438058,331.4376637776693,4.738995780005931,2,1,2022,1,310.6666564941406
2022-02-10,4504.080078125,14705.6396484375,23.90999984741211,0.08,284.5,3.9,-2.945277101746824,-1.811572566845976,-2.333275199053697,1.0845920427172029,-1.730718642133755,304.095711844308,329.41944173177086,4.761293379427563,2,1,2022,1,301.51666259765625
2022-02-11,4418.64013671875,14253.83984375,27.36000061035156,0.08,284.5,3.9,-4.9251029696264155,-1.896945434456343,-3.0722893766508497,-2.945277101746824,1.61571905234128,301.92142595563615,327.08233032226565,4.826960587032037,2,1,2022,1,286.6666564941406
2022-02-14,4401.669921875,14268.58984375,28.32999992370605,0.08,284.5,3.9,1.8325664372135009,-0.38405967262932217,0.10348088768843411,-4.9251029696264155,1.0845920427172029,301.18904767717635,325.0709971110026,4.845677249296838,2,1,2022,1,291.9200134277344
2022-02-15,4471.06982421875,14620.8203125,25.700000762939453,0.08,284.5,3.9,5.329076428276847,1.5766721170720421,2.46857238596907,1.8325664372135009,-2.945277101746824,301.1466631208147,321.9893300374349,4.2164721550405515,2,1,2022,1,307.4766540527344
2022-02-16,4475.009765625,14603.6396484375,24.290000915527344,0.08,284.5,3.9,0.10407532409399955,0.08812077558950637,-0.11750820880968016,5.329076428276847,-4.9251029696264155,301.91094970703125,319.4759969075521,4.169749196775995,2,1,2022,1,307.7966613769531
2022-02-17,4380.259765625,14171.740234375,28.11000061035156,0.08,284.5,3.9,-5.094269900666093,-2.1173138152195015,-2.957477892223326,0.10407532409399955,1.8325664372135009,299.7371390206473,317.1229970296224,4.160157224009952,2,1,2022,1,292.1166687011719
2022-02-18,4348.8701171875,14009.5400390625,27.75,0.08,284.5,3.9,-2.210303529672075,-0.71661613961429,-1.144532658869002,-5.094269900666093,5.329076428276847,296.16476004464283,314.81499735514325,4.160899881169798,2,1,2022,1,285.6600036621094
2022-02-22,4304.759765625,13870.5302734375,28.809999465942383,0.08,284.5,3.9,-4.136624223452856,-1.0142945264832837,-0.9922507465441543,-2.210303529672075,0.10407532409399955,292.21142578125,312.5324412027995,4.176541243098304,2,1,2022,1,273.84332275390625
2022-02-23,4225.5,13509.4296875,31.020000457763672,0.08,284.5,3.9,-6.997917599526948,-1.8412122845487655,-2.6033654000165996,-4.136624223452856,-5.094269900666093,287.6419023786272,309.2648854573568,4.2714171381917305,2,1,2022,1,254.67999267578125
2022-02-24,4288.7001953125,13974.669921875,30.31999969482422,0.08,284.5,3.9,4.807345500262783,1.4956856067329216,3.443818467077686,-6.997917599526948,-2.210303529672075,284.0709490094866,306.3356638590495,4.39286259510552,2,1,2022,1,266.92333984375
2022-02-25,4384.64990234375,14189.16015625,27.59000015258789,0.08,284.5,3.9,1.1364031324829549,2.237267765560347,1.5348500935914888,4.807345500262783,-4.136624223452856,278.71095057896207,303.0428863525391,4.317033230317446,2,1,2022,1,269.9566650390625
2022-02-28,4373.93994140625,14237.8095703125,30.149999618530277,0.08,284.5,3.9,7.477746853358713,-0.24426034406476171,0.3428632387454611,1.1364031324829549,-6.997917599526948,276.18904767717635,301.25255330403644,4.437007837910837,2,1,2022,1,290.1433410644531
2022-03-01,4306.259765625,14005.990234375,33.31999969482422,0.2,287.674,3.7,-0.6962143345558558,-1.5473503680411893,-1.628195227592244,7.477746853358713,4.807345500262783,275.61856951032365,299.194330851237,4.417259969810546,3,1,2022,1,288.1233215332031
2022-03-02,4386.5400390625,14243.6904296875,30.739999771118164,0.2,287.674,3.7,1.7955297114516489,1.8642691757321028,1.6971323793237403,-0.6962143345558558,1.1364031324829549,276.7095206124442,297.5207753499349,4.430734461681158,3,1,2022,1,293.2966613769531
2022-03-03,4363.490234375,14035.2099609375,30.479999542236328,0.2,287.674,3.7,-4.614210448825773,-0.5254666430088317,-1.4636689120641977,1.7955297114516489,7.477746853358713,277.55523681640625,295.783442179362,4.464607518948678,3,1,2022,1,279.7633361816406
2022-03-04,4328.8701171875,13837.830078125,31.979999542236328,0.2,287.674,3.7,-0.11915196265851469,-0.7934042550334475,-1.4063194163952186,-4.614210448825773,-0.6962143345558558,281.0909511021205,294.0281087239583,4.463983020108688,3,1,2022,1,279.42999267578125
2022-03-07,4201.08984375,13319.3798828125,36.45000076293945,0.2,287.674,3.7,-4.021280504200253,-2.951815831344917,-3.7466148405165933,-0.11915196265851469,1.7955297114516489,281.27237810407365,292.4801086425781,4.423892346808515,3,1,2022,1,268.1933288574219
2022-03-08,4170.7001953125,13267.6103515625,35.130001068115234,0.2,287.674,3.7,2.463394210323222,-0.723375351819977,-0.3886782395688293,-4.021280504200253,-4.614210448825773,281.9642813546317,291.30677490234376,4.45037341662833,3,1,2022,1,274.79998779296875
2022-03-09,4277.8798828125,13742.2001953125,32.45000076293945,0.2,287.674,3.7,4.193357517885765,2.569824789143582,3.577055936784501,2.463394210323222,-0.11915196265851469,281.41856602260043,290.6464416503906,4.520934314055928,3,1,2022,1,286.3233337402344
2022-03-10,4259.52001953125,13591.0,30.229999542236328,0.2,287.674,3.7,-2.4063755330148706,-0.4291813651667864,-1.1002619170405792,4.193357517885765,-4.021280504200253,280.17713710239957,289.5452189127604,4.519918525812646,3,1,2022,1,279.4333190917969
2022-03-11,4204.31005859375,13301.830078125,30.75,0.2,287.674,3.7,-5.12345859010529,-1.2961545123475138,-2.1276574341476007,-2.4063755330148706,2.463394210323222,276.1514238630022,289.1702189127604,4.0993628616663775,3,1,2022,1,265.1166687011719
2022-03-14,4173.10986328125,13046.6396484375,31.770000457763672,0.2,287.674,3.7,-3.6436802368687404,-0.7421002465963666,-1.9184610552736125,-5.12345859010529,4.193357517885765,272.67904227120533,288.28155212402345,4.129487093117622,3,1,2022,1,255.4566650390625
2022-03-15,4262.4501953125,13458.5595703125,29.82999992370605,0.2,287.674,3.7,4.634835554625338,2.140857417087094,3.157287492985472,-3.6436802368687404,-2.4063755330148706,270.9457092285156,286.7834411621094,3.7035426343226754,3,1,2022,1,267.2966613769531
2022-03-16,4357.85986328125,13956.7900390625,26.670000076293945,0.2,287.674,3.7,4.781204042527865,2.238376135718223,3.701959828219792,4.634835554625338,-5.12345859010529,272.64332798549106,285.77210795084636,3.824438926196269,3,1,2022,1,280.07666015625
2022-03-17,4411.669921875,14118.599609375,25.670000076293945,0.2,287.674,3.7,3.7335010469022656,1.234781757145198,1.1593609265427407,4.781204042527865,-3.6436802368687404,274.8909476143973,285.39366353352864,3.8626076090505106,3,1,2022,1,290.5333251953125
2022-03-18,4463.1201171875,14420.080078125,23.8700008392334,0.2,287.674,3.7,3.876779427650434,1.1662294827948783,2.135342577105259,3.7335010469022656,4.634835554625338,277.10142299107144,285.551996866862,3.9161008329063405,3,1,2022,1,301.7966613769531
2022-03-21,4461.18017578125,14376.08984375,23.530000686645508,0.2,287.674,3.7,1.7417963888751054,-0.043466036210393355,-0.30506234456861847,3.876779427650434,4.781204042527865,281.0471409388951,285.5279968261719,3.87339251179594,3,1,2022,1,307.0533447265625
2022-03-22,4511.60986328125,14654.330078125,22.940000534057617,0.2,287.674,3.7,7.9052437781791385,1.13041136006502,1.9354375035153693,1.7417963888751054,3.7335010469022656,290.5057111467634,286.49066365559895,4.111573049070931,3,1,2022,1,331.32666015625
2022-03-23,4456.240234375,14447.5498046875,23.56999969482422,0.2,287.674,3.7,0.5161136057840299,-1.2272698789159042,-1.4110523806623365,7.9052437781791385,3.876779427650434,301.5885707310268,287.3474416097005,4.105128500005363,3,1,2022,1,333.03668212890625
2022-03-24,4520.16015625,14765.6904296875,21.670000076293945,0.2,287.674,3.7,1.4823128420135223,1.434391292056647,2.2020386107046264,0.5161136057840299,1.7417963888751054,311.6852373395647,288.2576639811198,4.108225947461154,3,1,2022,1,337.97332763671875
2022-03-25,4543.06005859375,14754.3095703125,20.809999465942383,0.2,287.674,3.7,-0.3234937980317265,0.5066170567449069,-0.07707637803456846,1.4823128420135223,7.9052437781791385,319.8000008719308,289.4364420572917,4.06307062307849,3,1,2022,1,336.8800048828125
2022-03-28,4575.52001953125,14987.400390625,19.6299991607666,0.2,287.674,3.7,8.034507836118209,0.7144955276586762,1.5798151665565419,-0.3234937980317265,0.5161136057840299,330.2876194545201,292.01244201660154,4.159671240143068,3,1,2022,1,363.9466552734375
2022-03-29,4631.60009765625,15239.3203125,18.899999618530277,0.2,287.674,3.7,0.7079858095940583,1.2256547427530462,1.6808780396137424,8.034507836118209,1.4823128420135223,339.53428867885043,294.4992197672526,4.155874691104116,3,1,2022,1,366.5233459472656
2022-03-30,4602.4501953125,15071.5498046875,19.32999992370605,0.2,287.674,3.7,-0.507475414515135,-0.629370017469788,-1.1009054496668558,0.7079858095940583,-0.3234937980317265,347.76428658621654,296.4054423014323,4.074513464831789,3,1,2022,1,364.663330078125
2022-03-31,4530.41015625,14838.490234375,20.559999465942383,0.2,287.674,3.7,-1.4981813142339484,-1.5652540713177343,-1.5463543784993816,-0.507475414515135,8.034507836118209,351.7461940220424,298.11888732910154,4.09237712761748,3,1,2022,1,359.20001220703125
2022-04-01,4545.85986328125,14861.2099609375,19.6299991607666,0.33,288.561,3.7,0.6486599368272561,0.34102225843584133,0.15311346507387302,-1.4981813142339484,0.7079858095940583,355.81666782924106,300.4326649983724,3.948798547788319,4,2,2022,1,361.5299987792969
2022-04-04,4582.64013671875,15159.580078125,18.56999969482422,0.33,288.561,3.7,5.611341298759176,0.8090938687879357,2.007710798594209,0.6486599368272561,-0.507475414515135,362.0800040108817,303.6378875732422,4.00186885650364,4,2,2022,1,381.8166809082031
2022-04-05,4525.1201171875,14820.6396484375,21.030000686645508,0.33,288.561,3.7,-4.730897154420111,-1.2551720801807331,-2.235816743872643,5.611341298759176,-1.4981813142339484,365.91904994419644,306.6348876953125,4.0297942966013425,4,2,2022,1,363.7533264160156
2022-04-06,4481.14990234375,14498.8896484375,22.100000381469727,0.33,288.561,3.7,-4.169489429436835,-0.9716916613271898,-2.1709589304664156,-4.730897154420111,0.6486599368272561,363.72476632254467,309.7651102701823,3.8652521271733695,4,2,2022,1,348.586669921875
2022-04-07,4500.2099609375,14531.8095703125,21.549999237060547,0.33,288.561,3.7,1.0996816105212748,0.4253385628492534,0.22705133064135907,-4.169489429436835,5.611341298759176,361.7100045340402,312.61499938964846,3.80214997340407,4,2,2022,1,352.4200134277344
2022-04-08,4488.27978515625,14327.259765625,21.15999984741211,0.33,288.561,3.7,-3.004944796541842,-0.2651026482054286,-1.4076003659267644,1.0996816105212748,-4.730897154420111,358.4480983189174,315.0107767740885,3.8715564988799565,4,2,2022,1,341.8299865722656
2022-04-11,4412.52978515625,13990.2099609375,24.3700008392334,0.33,288.561,3.7,-4.832808607380468,-1.687729010355421,-2.3525071102303508,-3.004944796541842,-4.169489429436835,353.6066676548549,316.18299865722656,3.797814362896631,4,2,2022,1,325.3099975585937
2022-04-12,4397.4501953125,13940.240234375,24.26000022888184,0.33,288.561,3.7,1.1291813566499442,-0.3417447717741773,-0.3571763876455192,-4.832808607380468,1.0996816105212748,348.9571446010045,317.5449991861979,3.7934181960803297,4,2,2022,1,328.9833374023437
2022-04-13,4446.58984375,14217.2900390625,21.81999969482422,0.33,288.561,3.7,3.5888356035912894,1.1174577597236057,1.987410546945445,1.1291813566499442,-3.004944796541842,343.09619140625,319.12811075846355,3.8283106021026048,4,2,2022,1,340.7900085449219
2022-04-14,4392.58984375,13893.2099609375,22.700000762939453,0.33,288.561,3.7,-3.655231880843268,-1.214413784439794,-2.2794785590965594,3.5888356035912894,-4.832808607380468,338.03619384765625,320.7471110026042,3.7872990338057764,4,2,2022,1,328.3333435058594
2022-04-18,4391.68994140625,13910.759765625,22.170000076293945,0.33,288.561,3.7,1.9583733431163042,-0.02048682840329885,0.1263192936466373,-3.655231880843268,1.1291813566499442,336.0614318847656,322.5915557861328,3.7926151691688226,4,2,2022,1,334.7633361816406
2022-04-19,4462.2099609375,14210.259765625,21.3700008392334,0.33,288.561,3.7,2.3758093445249484,1.6057604355527166,2.1530096489775996,1.9583733431163042,3.5888356035912894,334.6752406529018,325.07566731770834,3.6982440078896026,4,2,2022,1,342.7166748046875
2022-04-20,4459.4501953125,13998.5302734375,20.31999969482422,0.33,288.561,3.7,-4.955503671370098,-0.06184750715809706,-1.489976226188905,2.3758093445249484,-3.655231880843268,332.37571934291293,326.77344563802086,3.8346738371514704,4,2,2022,1,325.7333374023437
2022-04-21,4393.66015625,13720.4501953125,22.68000030517578,0.33,288.561,3.7,3.2316840662455215,-1.4752948498371943,-1.9864948154783235,-4.955503671370098,1.9583733431163042,333.9400068010603,328.43800150553386,3.8078619952906596,4,2,2022,1,336.260009765625
2022-04-22,4271.77978515625,13356.8701171875,28.209999084472656,0.33,288.561,3.7,-0.3697576672395231,-2.7740054250753654,-2.6499136176246996,3.2316840662455215,2.3758093445249484,334.8019104003906,330.29077962239586,3.770257655123694,4,2,2022,1,335.01666259765625
2022-04-25,4296.1201171875,13533.2197265625,27.020000457763672,0.33,288.561,3.7,-0.6994645387893739,0.5697936985382235,1.3202914142893096,-0.3697576672395231,-4.955503671370098,333.6423863002232,332.54266866048175,3.6191405324287196,4,2,2022,1,332.67333984375
2022-04-26,4175.2001953125,13009.7099609375,33.52000045776367,0.33,288.561,3.7,-12.184121881948872,-2.8146308431003852,-3.868331233826605,-0.6994645387893739,3.2316840662455215,328.47191074916293,333.76544698079425,4.261441832765589,4,2,2022,1,292.1400146484375
2022-04-27,4183.9599609375,13003.3603515625,31.600000381469727,0.33,288.561,3.7,0.5807678470473254,0.20980468517017847,-0.04880669433880991,-12.184121881948872,-0.3697576672395231,322.625244140625,334.6501139322917,4.190724454174841,4,2,2022,1,293.836669921875
2022-04-28,4287.5,13456.0595703125,29.989999771118164,0.33,288.561,3.7,-0.4537702888526063,2.474690007293945,3.481401780083737,0.5807678470473254,-0.6994645387893739,315.45190865652904,335.0643361409505,4.11032643641792,4,2,2022,1,292.5033264160156
2022-04-29,4131.93017578125,12854.7998046875,33.400001525878906,0.33,288.561,3.7,-0.7692220213591394,-3.6284507106413955,-4.468319737165349,-0.4537702888526063,-12.184121881948872,310.38333565848217,335.0550028483073,4.059803146025623,4,2,2022,1,290.2533264160156
2022-05-02,4155.3798828125,13075.849609375,32.34000015258789,0.33,288.561,3.7,3.6956284714332988,0.5675242812353654,1.7195896322468984,-0.7692220213591394,0.5807678470473254,305.3433358328683,335.0277811686198,4.054088608176501,5,2,2022,1,300.9800109863281
2022-05-03,4175.47998046875,13089.900390625,29.25,0.33,288.561,3.7,0.6988279761963367,0.48371263814863674,0.1074559716557566,3.6956284714332988,-0.4537702888526063,300.78143310546875,334.89544779459635,4.043732421507072,5,2,2022,1,303.0833435058594
2022-05-04,4300.169921875,13535.7099609375,25.420000076293945,0.33,288.561,3.7,4.769864576468552,2.986242108440229,3.4057521983267947,0.6988279761963367,-0.7692220213591394,298.6195286342076,334.43589274088544,3.8701535610258744,5,2,2022,1,317.5400085449219
2022-05-05,4146.8701171875,12850.5498046875,31.200000762939453,0.33,288.561,3.7,-8.328615317548016,-3.5649708609806985,-5.061870845543337,4.769864576468552,3.6956284714332988,298.4700012207031,333.03778076171875,4.150872260141137,5,2,2022,1,291.09332275390625
2022-05-06,4123.33984375,12693.5302734375,30.190000534057617,0.33,288.561,3.7,-0.8737180698190294,-0.5674224842484032,-1.221889597227377,-8.328615317548016,0.6988279761963367,297.71476091657365,331.3903361002604,4.137033405593461,5,2,2022,1,288.54998779296875
2022-05-09,3991.239990234375,12187.7197265625,34.75,0.33,288.561,3.7,-9.07294880724968,-3.2037100632356763,-3.9847901724665236,-0.8737180698190294,4.769864576468552,293.40999930245533,328.9066691080729,4.426736484508464,5,2,2022,1,262.3699951171875
2022-05-10,4001.050048828125,12345.8603515625,32.9900016784668,0.33,288.561,3.7,1.6427173986372612,0.24578974498534745,1.2975407094022673,-9.07294880724968,-8.328615317548016,290.0423801967076,325.66444702148436,4.134394334551982,5,2,2022,1,266.67999267578125
2022-05-11,3935.179931640625,11967.5595703125,32.560001373291016,0.33,288.561,3.7,-8.254582843646041,-1.646320750393837,-3.064191319822618,1.6427173986372612,-0.8737180698190294,281.99761744907926,321.6025578816732,4.329980874490552,5,2,2022,1,244.6666717529297
2022-05-12,3930.080078125,11945.5,31.770000457763672,0.33,288.561,3.7,-0.8174386751047313,-0.12959645058717717,-0.18432805939168073,-8.254582843646041,-9.07294880724968,273.36666434151783,317.53600260416664,4.328531593491554,5,2,2022,1,242.6666717529297
2022-05-13,4023.889892578125,12387.400390625,28.8700008392334,0.33,288.561,3.7,5.712909369145702,2.386969542307149,3.6993042620652172,-0.8174386751047313,1.6427173986372612,264.6509486607143,314.11366882324216,4.510919895513113,5,2,2022,1,256.5299987792969
2022-05-16,4008.010009765625,12243.580078125,27.46999931335449,0.33,288.561,3.7,-5.875856161837268,-0.3946400929555671,-1.161020940348756,5.712909369145702,-8.254582843646041,257.55999755859375,310.11122436523436,4.584660329554413,5,2,2022,1,241.4566650390625
2022-05-17,4088.85009765625,12564.099609375,26.100000381469727,0.33,288.561,3.7,5.141017778952928,2.0169632234863677,2.6178579239470645,-5.875856161837268,-0.8174386751047313,252.605712890625,305.84633483886716,4.561197245760235,5,2,2022,1,253.8699951171875
2022-05-18,3923.679931640625,11928.3095703125,30.959999084472656,0.33,288.561,3.7,-6.801379812405905,-4.03952607874526,-5.060370888719234,5.141017778952928,5.712909369145702,248.92476109095983,301.6080017089844,4.63085597109618,5,2,2022,1,236.60333251953125
2022-05-19,3900.7900390625,11875.6298828125,29.350000381469727,0.33,288.561,3.7,-0.054946344765349764,-0.5833781800992588,-0.44163581762759474,-6.801379812405905,-5.875856161837268,244.6095232282366,297.8708902994792,4.604297995859957,5,2,2022,1,236.47332763671875
2022-05-20,3901.360107421875,11835.6201171875,29.43000030517578,0.33,288.561,3.7,-6.416505716141863,0.014614176965843662,-0.33690647165508514,-0.054946344765349764,5.141017778952928,241.27142769949776,293.5002232869466,4.679886156898719,5,2,2022,1,221.3000030517578
2022-05-23,3973.75,12034.2802734375,28.479999542236328,0.33,288.561,3.7,1.656871415985961,1.8555039930923556,1.6784938540018501,-6.416505716141863,-6.801379812405905,238.74285452706474,289.6047790527344,4.703121169668296,5,2,2022,1,224.96665954589844
2022-05-24,3941.47998046875,11769.83984375,29.450000762939453,0.33,288.561,3.7,-6.925464690507588,-0.8120797617175213,-2.1973929780510604,1.656871415985961,-0.054946344765349764,232.00809369768416,285.7406682332357,4.772721362731777,5,2,2022,1,209.3866729736328
2022-05-25,3978.72998046875,11943.9296875,28.3700008392334,0.33,288.561,3.7,4.877737911795799,0.9450764734207695,1.4791182043351725,-6.925464690507588,-6.416505716141863,228.8857138497489,282.0945571899414,4.887400140167314,5,2,2022,1,219.6000061035156
2022-05-26,4057.840087890625,12276.7900390625,27.5,0.33,288.561,3.7,7.427138936829314,1.9883256167224195,2.7868579292697815,4.877737911795799,1.656871415985961,226.32000078473772,278.598557027181,5.0646339290474325,5,2,2022,1,235.91000366210935
2022-05-27,4158.240234375,12681.419921875,25.71999931335449,0.33,288.561,3.7,7.3333062537426,2.474226295510973,3.295893157128549,7.427138936829314,-6.925464690507588,228.6923828125,276.0944458007813,5.266158815876709,5,2,2022,1,253.2100067138672
2022-05-31,4132.14990234375,12642.099609375,26.190000534057617,0.33,288.561,3.7,-0.1803563389055407,-0.6274368617659065,-0.3100623805712299,7.3333062537426,4.877737911795799,231.01809692382812,273.36077880859375,5.243005232258558,5,2,2022,1,252.7533264160156
2022-06-01,4101.22998046875,12548.3603515625,25.690000534057617,1.21,294.957,3.6,-2.359349020027346,-0.7482768681131846,-0.7414848854931155,-0.1803563389055407,7.427138936829314,234.6595241001674,270.16322275797523,5.215419276119321,6,2,2022,1,246.7899932861328
2022-06-02,4176.81982421875,12892.8896484375,24.71999931335449,1.21,294.957,3.6,4.677398003874078,1.8431018038486124,2.7456120737885836,-2.359349020027346,7.3333062537426,239.4261932373047,267.9165562947591,5.256942130322764,6,2,2022,1,258.3333435058594
2022-06-03,4108.5400390625,12548.0302734375,24.790000915527344,1.21,294.957,3.6,-9.219359988526964,-1.6347313992415624,-2.674802813051258,4.677398003874078,-0.1803563389055407,243.01619175502233,264.52511138916014,5.429957144345213,6,2,2022,1,234.51666259765625
2022-06-06,4121.43017578125,12599.6298828125,25.06999969482422,1.21,294.957,3.6,1.60472016783606,0.3137400778913113,0.4112168065471655,-9.219359988526964,-2.359349020027346,245.68476213727678,261.3005559285482,5.450390414304861,6,2,2022,1,238.27999877929688
2022-06-07,4160.68017578125,12711.6796875,24.020000457763672,1.21,294.957,3.6,0.25460558898939833,0.9523393173235029,0.8893102871247782,1.60472016783606,4.677398003874078,246.11000061035156,258.17433369954426,5.454879059376758,6,2,2022,1,238.8866729736328
2022-06-08,4115.77001953125,12615.1298828125,23.959999084472656,1.21,294.957,3.6,1.2474516432601446,-1.0793945785935621,-0.7595361672182666,0.25460558898939833,-9.219359988526964,244.4895237513951,256.49855550130206,5.036206274235491,6,2,2022,1,241.86666870117188
2022-06-09,4017.820068359375,12269.7802734375,26.09000015258789,1.21,294.957,3.6,-0.8930555308462429,-2.379869397635359,-2.7375826692479954,1.2474516432601446,1.60472016783606,242.62571498325892,254.69422200520833,5.032459304116166,6,2,2022,1,239.7066650390625
2022-06-10,3900.860107421875,11832.8203125,27.75,1.21,294.957,3.6,-3.1190911234383334,-2.9110303335524668,-3.561269649493748,-0.8930555308462429,0.25460558898939833,240.54571533203125,252.68511098225912,5.054147859464277,6,2,2022,1,232.22999572753903
2022-06-13,3749.6298828125,11288.3203125,34.02000045776367,1.21,294.957,3.6,-7.102153990705961,-3.8768430665237275,-4.601607948231912,-3.1190911234383334,1.2474516432601446,234.4604753766741,250.20122222900392,5.190125291651459,6,2,2022,1,215.73666381835935
2022-06-14,3735.47998046875,11311.6904296875,32.689998626708984,1.21,294.957,3.6,2.3887157055640706,-0.37736797459957394,0.2070291818493164,-7.102153990705961,-0.8930555308462429,232.51380920410156,247.53155517578125,5.156012437544195,6,2,2022,1,220.88999938964844
2022-06-15,3789.989990234375,11593.76953125,29.6200008392334,1.21,294.957,3.6,5.482367080362738,1.4592504858983224,2.4936953792704886,2.3887157055640706,-3.1190911234383334,231.75952366420202,245.19544372558593,5.279501430169112,6,2,2022,1,233.0
2022-06-16,3666.77001953125,11127.5703125,32.95000076293945,1.21,294.957,3.6,-8.540769912654255,-3.2511951488163437,-4.021118562805659,5.482367080362738,-7.102153990705961,228.07571411132812,241.7141103108724,5.359544569262251,6,2,2022,1,213.1000061035156
2022-06-17,3674.840087890625,11265.990234375,31.1299991607666,1.21,294.957,3.6,1.7174980283869656,0.2200865698254617,1.2439366185761802,-8.540769912654255,2.3887157055640706,224.48904636928015,239.23633270263673,5.209202260664184,6,2,2022,1,216.75999450683597
2022-06-21,3764.7900390625,11546.759765625,30.190000534057617,1.21,294.957,3.6,9.354434802147837,2.4477242280086964,2.4921868864514973,1.7174980283869656,5.482367080362738,224.1076180594308,237.51922200520832,5.531954925128149,6,2,2022,1,237.0366668701172
2022-06-22,3759.889892578125,11527.7099609375,28.950000762939453,1.21,294.957,3.6,-0.40078058841535036,-0.13015723144006452,-0.16497965727330088,9.354434802147837,-8.540769912654255,224.65857151576452,236.6431111653646,5.290025960134215,6,2,2022,1,236.086669921875
2022-06-23,3795.72998046875,11697.6796875,29.049999237060547,1.21,294.957,3.6,-0.43063108899484837,0.9532217409177868,1.4744448562503232,-0.40078058841535036,1.7174980283869656,227.42047773088728,235.58944498697917,5.278453383485514,6,2,2022,1,235.07000732421875
2022-06-24,3911.739990234375,12105.849609375,27.229999542236328,1.21,294.957,3.6,4.524889345059324,3.056329358583576,3.489323804199951,-0.43063108899484837,9.354434802147837,230.96571568080358,235.62411142985027,5.126495196871112,6,2,2022,1,245.7066650390625
2022-06-27,3900.110107421875,12008.240234375,26.950000762939453,1.21,294.957,3.6,-0.32016505127857586,-0.2973071533776239,-0.8062992532503421,4.524889345059324,-0.40078058841535036,232.66857256208147,235.6992223103841,5.12408894613415,6,2,2022,1,244.9199981689453
2022-06-28,3821.550048828125,11637.76953125,28.36000061035156,1.21,294.957,3.6,-5.00435578248114,-2.0143036075892073,-3.0851373381462155,-0.32016505127857586,-0.43063108899484837,235.4633331298828,234.9036666870117,5.097029977137702,6,2,2022,1,232.663330078125
2022-06-29,3818.830078125,11658.259765625,28.15999984741211,1.21,294.957,3.6,-1.79371823809088,-0.07117454091590814,0.17606667944385368,-5.00435578248114,4.524889345059324,237.13904898507255,234.47144470214843,4.993681871563777,6,2,2022,1,228.4900054931641
2022-06-30,3785.3798828125,11503.7197265625,28.709999084472656,1.21,294.957,3.6,-1.7579227799377484,-0.8759278267998716,-1.3255841109165334,-1.79371823809088,-0.32016505127857586,235.3442862374442,233.4915557861328,4.903836431634289,6,2,2022,1,224.47332763671875
2022-07-01,3825.330078125,11585.6796875,26.700000762939453,1.68,294.913,3.5,1.242913166698001,1.0553814029047315,0.7124648625457253,-1.7579227799377484,-5.00435578248114,234.08380998883928,233.1802225748698,4.753273117422263,7,3,2022,1,227.26333618164065
2022-07-05,3831.389892578125,11779.900390625,27.540000915527344,1.68,294.913,3.5,2.5535704813974602,0.15841285142366157,1.6763859209274479,1.242913166698001,-1.79371823809088,233.79761832101005,233.06666717529296,4.776494697247009,7,3,2022,1,233.0666656494141
2022-07-06,3845.080078125,11852.58984375,26.729999542236328,1.68,294.913,3.5,-0.5720802000385605,0.35731642904301975,0.6170633937011116,2.5535704813974602,-1.7579227799377484,231.80142865862166,233.41444498697916,4.619735855679613,7,3,2022,1,231.73333740234372
2022-07-07,3902.6201171875,12109.0498046875,26.07999992370605,1.68,294.913,3.5,5.52790448805931,1.4964587965241805,2.1637461881188313,-0.5720802000385605,1.242913166698001,231.74761962890625,234.06700083414714,4.71328428040463,7,3,2022,1,244.5433349609375
2022-07-08,3899.3798828125,12125.6904296875,24.63999938964844,1.68,294.913,3.5,2.543516968760051,-0.0830271529819071,0.13742304531243477,5.52790448805931,2.5535704813974602,234.33333478655135,235.44622294108072,4.519823523613193,7,3,2022,1,250.76333618164065
2022-07-11,3854.429931640625,11860.2802734375,26.170000076293945,1.68,294.913,3.5,-6.548005948146862,-1.1527461422777274,-2.1888251047560314,2.543516968760051,-0.5720802000385605,235.16952514648438,235.9376673380534,4.635741517433525,7,3,2022,1,234.3433380126953
2022-07-12,3818.800048828125,11744.990234375,27.290000915527344,1.68,294.913,3.5,-0.5433611636988744,-0.9243878717321574,-0.9720684200077989,-6.548005948146862,5.52790448805931,236.39762224469865,235.84300079345704,4.438661463503786,7,3,2022,1,233.07000732421875
2022-07-13,3801.780029296875,11728.5302734375,26.81999969482422,1.68,294.913,3.5,1.7033448479672808,-0.44569025122100925,-0.14014452638134722,-0.5433611636988744,2.543516968760051,237.7942875453404,235.3040003458659,4.2346815563300915,7,3,2022,1,237.0399932861328
2022-07-14,3790.3798828125,11768.400390625,26.399999618530277,1.68,294.913,3.5,0.5371861218914864,-0.299863390215227,0.33994129066450274,1.7033448479672808,-6.548005948146862,238.54381234305245,234.82266743977866,4.2364254022751835,7,3,2022,1,238.31333923339844
2022-07-15,3863.159912109375,11983.6201171875,24.229999542236328,1.68,294.913,3.5,0.7357231540860099,1.9201249359436678,1.828793373940174,0.5371861218914864,-0.5433611636988744,239.73428780691964,234.5985565185547,4.217355643354024,7,3,2022,1,240.0666656494141
2022-07-18,3830.85009765625,11877.5,25.299999237060547,1.68,294.913,3.5,0.1999426810217919,-0.8363571580831342,-0.8855430675351328,0.7357231540860099,1.7033448479672808,239.163334437779,234.00566711425782,4.1241329380381355,7,3,2022,1,240.54666137695312
2022-07-19,3936.68994140625,12249.419921875,24.5,1.68,294.913,3.5,2.0716718219316865,2.762829164595959,3.131298016207107,0.1999426810217919,0.5371861218914864,238.41571480887276,234.3727783203125,3.7681697933837857,7,3,2022,1,245.52999877929688
2022-07-20,3959.89990234375,12439.6796875,23.8799991607666,1.68,294.913,3.5,0.8023464466653252,0.5895806193263242,1.5532144937348003,2.0716718219316865,0.7357231540860099,240.2952379499163,234.68011169433595,3.7608585980980545,7,3,2022,1,247.5
2022-07-21,3998.949951171875,12619.41015625,23.11000061035156,1.68,294.913,3.5,9.78047072285353,0.986137270919718,1.4448158896776198,0.8023464466653252,0.1999426810217919,245.81476048060827,235.77411142985025,4.148215273731968,7,3,2022,1,271.7066650390625
2022-07-22,3961.6298828125,12396.4697265625,23.030000686645508,1.68,294.913,3.5,0.19752262198982073,-0.9332466976346709,-1.7666469900503579,9.78047072285353,2.0716718219316865,250.84381103515625,236.7866673787435,4.146233107313216,7,3,2022,1,272.24334716796875
2022-07-25,3966.840087890625,12328.41015625,23.36000061035156,1.68,294.913,3.5,-1.3994935471540293,0.13151670479691902,-0.5490238093081135,0.19752262198982073,0.8023464466653252,255.14666530064173,237.74422251383464,4.1530329169708615,7,3,2022,1,268.4333190917969
2022-07-26,3921.050048828125,12086.900390625,24.690000534057617,1.68,294.913,3.5,-3.5663731211253102,-1.154320266205866,-1.958969263385224,-1.3994935471540293,9.78047072285353,257.83142525809154,238.63188883463542,4.16710785083651,7,3,2022,1,258.8599853515625
2022-07-27,4023.610107421875,12601.4697265625,23.239999771118164,1.68,294.913,3.5,6.1655036992220635,2.6156273782937722,4.257248089316734,-3.5663731211253102,0.19752262198982073,262.7276175362723,240.60133361816406,4.040508369860677,7,3,2022,1,274.82000732421875
2022-07-28,4072.429931640625,12717.8701171875,22.32999992370605,1.68,294.913,3.5,2.212352234272652,1.2133338697180918,0.9237048784844548,6.1655036992220635,-1.3994935471540293,267.7804739815848,242.60166676839194,4.038377929019867,7,3,2022,1,280.8999938964844
2022-07-29,4130.2900390625,12947.9697265625,21.32999992370605,1.68,294.913,3.5,5.784976985791013,1.4207760082581844,1.8092621425975564,2.212352234272652,-3.5663731211253102,274.87333025251115,244.73999989827473,4.050622913063671,7,3,2022,1,297.1499938964844
2022-08-01,4118.6298828125,12940.7802734375,22.84000015258789,2.33,295.097,3.6,0.04263115241422977,-0.28230841271976725,-0.05552571775211401,5.784976985791013,6.1655036992220635,278.5261884416853,247.54588877360027,3.644064248837096,8,3,2022,1,297.27667236328125
2022-08-02,4091.18994140625,12901.599609375,23.93000030517578,2.33,295.097,3.6,1.1134400598203698,-0.6662395550704803,-0.3027689461888361,0.04263115241422977,2.212352234272652,282.57523454938615,250.3401112874349,3.6426531470690637,8,3,2022,1,300.586669921875
2022-08-03,4155.169921875,13253.259765625,21.950000762939453,2.33,295.097,3.6,2.265568716125621,1.5638477163140152,2.7257097328804436,1.1134400598203698,5.784976985791013,288.1414271763393,252.6854446411133,3.3071348307333404,8,3,2022,0,307.39666748046875
2022-08-04,4151.93994140625,13311.0400390625,21.440000534057617,2.33,295.097,3.6,0.40230228534861023,-0.07773401640558397,0.435970277949016,2.265568716125621,0.04263115241422977,295.2519051688058,255.10366668701172,3.2992970109503665,8,3,2022,0,308.6333312988281
2022-08-05,4145.18994140625,13207.6904296875,21.149999618530277,2.33,295.097,3.6,-6.63030068235908,-0.16257460597355333,-0.7764202426835953,0.40230228534861023,1.1134400598203698,297.1590488978795,256.87366689046223,3.5716188400863884,8,3,2022,1,288.1700134277344
2022-08-08,4140.06005859375,13159.16015625,21.290000915527344,2.33,295.097,3.6,0.7819434052879659,-0.12375507238541195,-0.36743951333396696,-6.63030068235908,2.265568716125621,298.51952689034596,258.36422271728514,3.4995798924709405,8,3,2022,1,290.42333984375
2022-08-09,4122.47021484375,13008.169921875,21.770000457763672,2.33,295.097,3.6,-2.4412625864385085,-0.4248692893594086,-1.1474154321564844,0.7819434052879659,0.40230228534861023,296.5457196916853,259.64466756184896,3.54036887368318,8,3,2022,1,283.3333435058594
2022-08-10,4210.240234375,13378.3203125,19.739999771118164,2.33,295.097,3.6,3.890581776676605,2.1290637641290244,2.8455224128225876,-2.4412625864385085,-6.63030068235908,296.12857491629467,261.70111185709635,3.4301804998341323,8,3,2022,0,294.3566589355469
2022-08-11,4207.27001953125,13291.990234375,20.200000762939453,2.33,295.097,3.6,-2.6249292544206493,-0.07054739583503,-0.6452983342336127,3.890581776676605,0.7819434052879659,294.134765625,263.6391118367513,3.4554801254932452,8,3,2022,0,286.6300048828125
2022-08-12,4280.14990234375,13565.8701171875,19.530000686645508,2.33,295.097,3.6,4.675014362841368,1.7322368774566943,2.0604881434851396,-2.6249292544206493,-2.4412625864385085,293.08238438197543,266.1576675415039,3.489694191297405,8,3,2022,0,300.0299987792969
2022-08-15,4297.14013671875,13667.1796875,19.950000762939453,2.33,295.097,3.6,3.096359891583922,0.39695418998517695,0.7467974367832309,4.675014362841368,3.890581776676605,293.18048095703125,268.8928899129232,3.509938756724254,8,3,2022,1,309.32000732421875
2022-08-16,4305.2001953125,13635.2099609375,19.690000534057617,2.33,295.097,3.6,-0.8912075793144236,0.18756797165810912,-0.23391604773982388,3.096359891583922,-2.6249292544206493,295.808096749442,271.342778523763,3.516813618447209,8,3,2022,1,306.5633239746094
2022-08-17,4274.0400390625,13470.8603515625,19.899999618530277,2.33,295.097,3.6,-0.8372333511224461,-0.7237794954094601,-1.2053324433274781,-0.8912075793144236,4.675014362841368,297.7471444266183,273.7515563964844,3.5211717808123533,8,3,2022,1,303.9966735839844
2022-08-18,4283.740234375,13505.990234375,19.559999465942383,2.33,295.097,3.6,-0.37062197211366055,0.2269561170191503,0.26078425501920854,-0.8372333511224461,3.096359891583922,300.538094656808,275.69577840169273,3.421047915968421,8,3,2022,0,302.8699951171875
2022-08-19,4228.47998046875,13242.900390625,20.600000381469727,2.33,295.097,3.6,-2.0481852686155544,-1.2900001139847905,-1.9479493112648072,-0.37062197211366055,-0.8912075793144236,300.8680943080357,277.22588907877605,3.4416951405064973,8,3,2022,0,296.6666564941406
2022-08-22,4137.990234375,12890.5400390625,23.799999237060547,2.33,295.097,3.6,-2.2764022407583906,-2.14000649197158,-2.6607490894664187,-2.0481852686155544,-0.8372333511224461,301.33714076450894,279.0782221476237,3.2159371511018655,8,3,2022,0,289.913330078125
2022-08-23,4128.72998046875,12881.7900390625,24.11000061035156,2.33,295.097,3.6,2.25584954757323,-0.22378626777133093,-0.06787923526465622,-2.2764022407583906,-0.37062197211366055,300.82618931361606,281.19099985758464,3.2173957297150144,8,3,2022,0,296.4533386230469
2022-08-24,4140.77001953125,12917.8603515625,22.81999969482422,2.33,295.097,3.6,0.2170125887066332,0.29161604463010526,0.2800100947975448,2.25584954757323,-2.0481852686155544,299.0799996512277,283.19288940429686,3.2153136509716806,8,3,2022,0,297.0966796875
2022-08-25,4199.1201171875,13143.580078125,21.780000686645508,2.33,295.097,3.6,-0.3455684406709514,1.4091605518061545,1.7473460806936014,0.2170125887066332,-2.2764022407583906,297.5809544154576,285.1181116739909,3.221879269632255,8,3,2022,0,296.07000732421875
2022-08-26,4057.659912109375,12605.169921875,25.559999465942383,2.33,295.097,3.6,-2.6953121859416895,-3.3688058719518743,-4.096373690042654,-0.3455684406709514,2.25584954757323,295.3085719517299,286.71888936360676,3.283637610823577,8,3,2022,0,288.0899963378906
2022-08-29,4030.610107421875,12484.3203125,26.209999084472656,2.33,295.097,3.6,-1.135058160727187,-0.6666355799502699,-0.9587305060067219,-2.6953121859416895,0.2170125887066332,292.7300022670201,288.194667561849,3.2991102341551763,8,3,2022,0,284.82000732421875
2022-08-30,3986.159912109375,12342.7001953125,26.209999084472656,2.33,295.097,3.6,-2.49982267189629,-1.1028155571448206,-1.1343838802798212,-1.135058160727187,-0.3455684406709514,290.0204816545759,289.2670013427734,3.3349591235423444,8,3,2022,0,277.70001220703125
2022-08-31,3955.0,12272.0302734375,25.8700008392334,2.33,295.097,3.6,-0.7526203685978228,-0.7817025105971265,-0.5725645179475269,-2.49982267189629,-2.6953121859416895,287.9771466936384,290.20400085449216,3.3415974188695245,8,3,2022,0,275.6099853515625
2022-09-01,3966.85009765625,12274.6201171875,25.559999465942383,2.56,296.349,3.5,0.5623955563764049,0.29962320243361873,0.02110362908414043,-0.7526203685978228,-1.135058160727187,285.220955984933,290.3857788085937,2.8360259820311198,9,3,2022,0,277.1600036621094
2022-09-02,3924.260009765625,12098.4404296875,25.46999931335449,2.56,296.349,3.5,-2.507581222110289,-1.0736500458081055,-1.43531682298913,0.5623955563764049,-2.49982267189629,281.38000052315846,290.3180002848307,2.8757079458267554,9,3,2022,0,270.2099914550781
2022-09-06,3908.18994140625,12011.3095703125,26.90999984741211,2.56,296.349,3.5,1.5580556255471167,-0.4095056983834944,-0.720182571310557,-2.507581222110289,-0.7526203685978228,278.28714425223217,290.51755676269534,2.8762465918074085,9,3,2022,0,274.4200134277344
2022-09-07,3979.8701171875,12259.3896484375,24.63999938964844,2.56,296.349,3.5,3.381677109982606,1.8341016392734,2.0653874306775233,1.5580556255471167,0.5623955563764049,277.6600036621094,291.3455576578776,2.849337441202335,9,3,2022,0,283.70001220703125
2022-09-08,4006.179931640625,12321.1904296875,23.61000061035156,2.56,296.349,3.5,1.959815762903916,0.6610721877456038,0.5041097723643695,3.381677109982606,-2.507581222110289,278.2942897251674,291.82689107259114,2.6495454460668695,9,3,2022,0,289.260009765625
2022-09-09,4067.360107421875,12588.2900390625,22.790000915527344,2.56,296.349,3.5,3.602289482946186,1.5271449816332883,2.1678068438211406,1.959815762903916,1.5580556255471167,281.43428693498885,292.45289103190106,2.6975782516771702,9,3,2022,0,299.67999267578125
2022-09-12,4110.41015625,12739.7197265625,23.8700008392334,2.56,296.349,3.5,1.581694096302666,1.05842727693497,1.20294088418762,3.602289482946186,3.381677109982606,285.5500052315848,292.695225016276,2.5023362696690707,9,3,2022,0,304.4200134277344
2022-09-13,3932.68994140625,12033.6201171875,27.270000457763672,2.56,296.349,3.5,-4.037188096320543,-4.32366134006168,-5.542505051369162,1.581694096302666,1.959815762903916,287.6885768345424,292.52366943359374,2.6145285039893604,9,3,2022,0,292.1300048828125
2022-09-14,3946.010009765625,12134.400390625,26.15999984741211,2.56,296.349,3.5,3.587437200418364,0.33870120853238816,0.8374892381184385,-4.037188096320543,3.602289482946186,292.317147391183,292.59111328125,2.6896130850370588,9,3,2022,0,302.6099853515625
2022-09-15,3901.35009765625,11927.490234375,26.270000457763672,2.56,296.349,3.5,0.3767273730617582,-1.1317739184353415,-1.7051535270738105,3.587437200418364,1.581694096302666,296.5071454729353,292.4695576985677,2.6580646000142796,9,3,2022,0,303.75
2022-09-16,3873.330078125,11861.3798828125,26.299999237060547,2.56,296.349,3.5,-0.13168523341049454,-0.7182134089448455,-0.5542687544775382,0.3767273730617582,-4.037188096320543,299.3142874581473,292.29344685872394,2.657027513757483,9,3,2022,0,303.3500061035156
2022-09-19,3899.889892578125,11953.26953125,25.76000022888184,2.56,296.349,3.5,1.8856110452001085,0.6857100716286535,0.7746961090981497,-0.13168523341049454,3.587437200418364,302.144287109375,292.9901133219401,2.365759260950848,9,3,2022,0,309.07000732421875
2022-09-20,3855.929931640625,11851.5400390625,27.15999984741211,2.56,296.349,3.5,-0.11000625419275156,-1.1272103097361819,-0.8510599708434929,1.8856110452001085,0.3767273730617582,303.43714686802457,293.6003356933594,2.364585753167261,9,3,2022,0,308.7300109863281
2022-09-21,3789.929931640625,11637.7900390625,27.989999771118164,2.56,296.349,3.5,-2.5685948599634356,-1.7116493600784488,-1.803563075309056,-0.11000625419275156,-0.13168523341049454,302.9200003487723,294.18255716959635,2.3696564278410754,9,3,2022,0,300.79998779296875
2022-09-22,3757.989990234375,11501.650390625,27.350000381469727,2.56,296.349,3.5,-4.059172855911775,-0.8427580979689431,-1.1698067071200358,-2.5685948599634356,1.8856110452001085,302.4142848423549,293.99033508300784,2.390207102548622,9,3,2022,0,288.5899963378906
2022-09-23,3693.22998046875,11311.240234375,29.920000076293945,2.56,296.349,3.5,-4.594757245188685,-1.7232619015461026,-1.6555029042197633,-4.059172855911775,-0.11000625419275156,298.5171421595982,293.61366780598956,2.4887375643336864,9,3,2022,0,275.3299865722656
2022-09-26,3655.0400390625,11254.1103515625,32.2599983215332,2.56,296.349,3.5,0.24698479153155706,-1.0340526208282075,-0.5050717837190133,-4.594757245188685,-2.5685948599634356,294.55428641183033,292.81300150553386,2.321198690323296,9,3,2022,0,276.010009765625
2022-09-27,3647.2900390625,11271.75,32.599998474121094,2.56,296.349,3.5,2.510775852537339,-0.21203598092424114,0.15673960789845953,0.24698479153155706,-4.059172855911775,291.6385716029576,291.9336680094401,2.294381058543858,9,3,2022,0,282.94000244140625
2022-09-28,3719.0400390625,11493.830078125,30.18000030517578,2.56,296.349,3.5,1.7212112374233701,1.9672139926234733,1.9702360159247645,2.510775852537339,-4.594757245188685,288.60142735072543,291.3085571289063,2.3194746958526355,9,3,2022,0,287.8099975585937
2022-09-29,3640.469970703125,11164.7802734375,31.84000015258789,2.56,296.349,3.5,-6.810050474193585,-2.1126437880238824,-2.8628386051551824,1.7212112374233701,0.24698479153155706,282.81285313197543,290.11566772460935,2.6149879509772163,9,3,2022,0,268.2099914550781
2022-09-30,3585.6201171875,10971.2197265625,31.6200008392334,2.56,296.349,3.5,-1.1036096899372572,-1.5066695771983274,-1.733670902019513,-6.810050474193585,2.510775852537339,277.7342834472656,288.8616678873698,2.618288891522143,9,3,2022,0,265.25
2022-10-03,3678.429931640625,11229.73046875,30.100000381469727,2.56,296.349,3.5,-8.614516909902203,2.5883894952576147,2.356262554487154,-1.1036096899372572,1.7212112374233701,271.1357116699219,287.0527791341146,3.00592731779177,10,4,2022,0,242.3999938964844
2022-10-04,3790.929931640625,11582.5400390625,29.06999969482422,2.56,296.349,3.5,2.9042940273044104,3.0583700679551518,3.1417456660629117,-8.614516909902203,-6.810050474193585,267.4371425083705,285.70366821289065,3.0562645868604483,10,4,2022,0,249.44000244140625
2022-10-05,3783.280029296875,11573.1796875,28.549999237060547,2.56,296.349,3.5,-3.4597517632881436,-0.2017948757084831,-0.08081432510427256,2.9042940273044104,-1.1036096899372572,262.4085693359375,283.84889017740886,3.0596740949963697,10,4,2022,0,240.80999755859372
2022-10-06,3744.52001953125,11485.5,30.520000457763672,2.56,296.349,3.5,-1.112907563204113,-1.0245080846639998,-0.757611044393458,-3.4597517632881436,-8.614516909902203,256.00714111328125,281.8833343505859,3.0563969715267545,10,4,2022,0,238.1300048828125
2022-10-07,3639.659912109375,11039.4697265625,31.36000061035156,2.56,296.349,3.5,-6.324275500689214,-2.8003617786773516,-3.883420603695964,-1.112907563204113,2.9042940273044104,246.7585710797991,279.4500010172526,3.223600945183674,10,4,2022,0,223.07000732421875
2022-10-10,3612.389892578125,10926.9697265625,32.45000076293945,2.56,296.349,3.5,-0.04931214719139376,-0.749246363390188,-1.0190706871482158,-6.324275500689214,-3.4597517632881436,240.2942875453404,277.2790013631185,3.2086078637709394,10,4,2022,0,222.9600067138672
2022-10-11,3588.840087890625,10791.349609375,33.630001068115234,2.56,296.349,3.5,-2.897383620084637,-0.6519175777754405,-1.2411502967544563,-0.04931214719139376,-1.112907563204113,233.3300018310547,275.00166778564454,3.2310132003786873,10,4,2022,0,216.5
2022-10-12,3577.030029296875,10785.6201171875,33.56999969482422,2.56,296.349,3.5,0.3418039229395431,-0.3290773148014958,-0.0530933793723265,-2.897383620084637,-6.324275500689214,229.7357177734375,272.9863342285156,3.222878515970281,10,4,2022,0,217.2400054931641
2022-10-13,3669.909912109375,11033.580078125,31.940000534057617,2.56,296.349,3.5,2.062233296932958,2.596564246086497,2.298986597371089,0.3418039229395431,-0.04931214719139376,225.77571759905135,271.19000142415365,3.263927202394069,10,4,2022,0,221.72000122070312
2022-10-14,3583.070068359375,10692.0595703125,32.02000045776367,2.56,296.349,3.5,-7.545550981161043,-2.366266361565439,-3.0952828129610754,2.062233296932958,-2.897383620084637,220.65857587541853,268.78433481852215,3.4864650020664256,10,4,2022,0,204.9900054931641
2022-10-17,3677.949951171875,11062.5302734375,31.3700008392334,2.56,296.349,3.5,7.005219876844371,2.6480052302171098,3.464914319722334,-7.545550981161043,0.3418039229395431,217.97571890694755,267.08900197347003,3.760796440417453,10,4,2022,1,219.3500061035156
2022-10-18,3719.97998046875,11147.740234375,30.5,2.56,296.349,3.5,0.3829479437052141,1.1427569666488724,0.7702574260257666,7.005219876844371,2.062233296932958,217.56428963797433,265.28133494059244,3.743374720956427,10,4,2022,1,220.19000244140625
2022-10-19,3695.159912109375,11103.3798828125,30.76000022888184,2.56,296.349,3.5,0.8401793106927569,-0.6672097293450308,-0.3979313352289182,0.3829479437052141,-7.545550981161043,217.43285914829798,263.2260009765625,3.6768676865486576,10,4,2022,1,222.0399932861328
2022-10-20,3665.780029296875,11046.7099609375,29.979999542236328,2.56,296.349,3.5,-6.64744863679374,-0.7950909706564868,-0.5103844277427827,0.8401793106927569,7.005219876844371,216.11571611676897,260.4933339436849,3.792372249989249,10,4,2022,1,207.27999877929688
2022-10-21,3752.75,11310.330078125,29.690000534057617,2.56,296.349,3.5,3.454266549727758,2.372481982226482,2.3864129511835808,-6.64744863679374,0.3829479437052141,215.71571568080358,257.6520009358724,3.7862236159942846,10,4,2022,1,214.44000244140625
2022-10-24,3797.340087890625,11430.259765625,29.850000381469727,2.56,296.349,3.5,-1.4875967194030837,1.1881976654619875,1.0603553271354427,3.454266549727758,0.8401793106927569,214.22000122070312,254.54633382161458,3.754305257132161,10,4,2022,1,211.25
2022-10-25,3859.110107421875,11669.990234375,28.459999084472656,2.56,296.349,3.5,5.287573097725584,1.6266654579669915,2.0973317638060873,-1.4875967194030837,-6.64744863679374,216.71000017438615,252.22266693115233,3.889828752301929,10,4,2022,1,222.4199981689453
2022-10-26,3830.60009765625,11405.900390625,27.280000686645508,2.56,296.349,3.5,0.9981122376490958,-0.7387716072364547,-2.262982559934801,5.287573097725584,3.454266549727758,217.46571350097656,249.62366739908853,3.816458934771848,10,4,2022,1,224.63999938964844
2022-10-27,3807.300048828125,11191.6298828125,27.38999938964844,2.56,296.349,3.5,0.20031915485436702,-0.6082610618211248,-1.8785935390827957,0.9981122376490958,-1.4875967194030837,218.16571262904577,247.00166727701824,3.8145328841483472,10,4,2022,1,225.08999633789065
2022-10-28,3901.06005859375,11546.2099609375,25.75,2.56,296.349,3.5,1.523838460338034,2.46263778959277,3.168261297396424,0.20031915485436702,5.287573097725584,219.09142848423548,244.50733388264973,3.838269220094544,10,4,2022,1,228.5200042724609
2022-10-31,3871.97998046875,11405.5703125,25.8799991607666,2.56,296.349,3.5,-0.42885129004270883,-0.745440410765752,-1.2180589900348648,1.523838460338034,0.9981122376490958,221.9857134137835,241.78966674804687,3.8041360461413594,10,4,2022,1,227.5399932861328
2022-11-01,3856.10009765625,11288.9501953125,25.809999465942383,3.78,298.786,3.6,0.12306146011606955,-0.4101230608784645,-1.0224838740390707,-0.42885129004270883,0.20031915485436702,223.8971426827567,239.09266662597656,3.806136436031142,11,4,2022,1,227.82000732421875
2022-11-02,3759.68994140625,10906.33984375,25.86000061035156,3.78,298.786,3.6,-5.636033352596037,-2.500198485734284,-3.38924651932091,0.12306146011606955,1.523838460338034,224.42999921526228,236.23200022379558,3.891726789528361,11,4,2022,1,214.97999572753903
2022-11-03,3719.889892578125,10690.599609375,25.299999237060547,3.78,298.786,3.6,0.15350350619269815,-1.058599231542967,-1.978117658772871,-5.636033352596037,-0.42885129004270883,223.4142848423549,233.78933359781902,3.8548187509365013,11,4,2022,1,215.30999755859372
2022-11-04,3770.550048828125,10857.0302734375,24.549999237060547,3.78,298.786,3.6,-3.64125977743186,1.3618724670070526,1.5567944749941942,0.15350350619269815,0.12306146011606955,220.96142796107702,231.52733408610027,3.827123501802264,11,4,2022,1,207.47000122070312
2022-11-07,3806.800048828125,10977.0,24.350000381469727,3.78,298.786,3.6,-5.007952633400592,0.9613981920559844,1.1049957819129874,-3.64125977743186,-5.636033352596037,216.96000017438615,228.89633382161458,3.89406323821457,11,4,2022,1,197.0800018310547
2022-11-08,3828.110107421875,11059.5,25.540000915527344,3.78,298.786,3.6,-2.932818513088775,0.5597892802462701,0.7515714676141094,-5.007952633400592,0.15350350619269815,211.64285714285714,225.84166717529297,3.8493814008609513,11,4,2022,1,191.3000030517578
2022-11-09,3748.570068359375,10797.5498046875,26.09000015258789,3.78,298.786,3.6,-7.166757185130745,-2.077788695478977,-2.3685536897011583,-2.932818513088775,-3.64125977743186,204.50714329310827,222.16766713460285,3.9555054395561986,11,4,2022,1,177.58999633789062
2022-11-10,3956.3701171875,11605.9599609375,23.530000686645508,3.78,298.786,3.6,7.393437216942544,5.543448436034493,7.486977794712724,-7.166757185130745,-5.007952633400592,199.20714242117745,219.5846674601237,4.145891574390804,11,4,2022,1,190.72000122070312
2022-11-11,3992.929931640625,11817.009765625,22.520000457763672,3.78,298.786,3.6,2.7527264924482875,0.9240746788147902,1.8184605616238247,7.393437216942544,-2.932818513088775,196.4914289202009,217.27533416748048,4.2034334519185705,11,4,2022,1,195.97000122070312
2022-11-14,3957.25,11700.9404296875,23.729999542236328,3.78,298.786,3.6,-2.561618738169713,-0.8935777048800997,-0.9822225608642432,2.7527264924482875,-7.166757185130745,193.0114288330078,215.56033426920573,3.9594326879295068,11,4,2022,1,190.9499969482422
2022-11-15,3991.72998046875,11871.150390625,24.540000915527344,3.78,298.786,3.6,1.8172303095892017,0.8713116550319144,1.4546690666473738,-2.561618738169713,7.393437216942544,191.1471426827567,213.72633412679036,3.9300247237611265,11,4,2022,1,194.4199981689453
2022-11-16,3958.7900390625,11699.08984375,24.11000061035156,3.78,298.786,3.6,-3.857627852399581,-0.8252046497990273,-1.4494007843661172,1.8172303095892017,2.7527264924482875,189.69571358816964,211.93000081380208,3.9401355750213134,11,4,2022,1,186.9199981689453
2022-11-17,3946.56005859375,11676.8603515625,23.93000030517578,3.78,298.786,3.6,-2.0062058831236462,-0.30893228355314273,-0.19001044084959728,-3.857627852399581,-2.561618738169713,188.53428431919642,210.0980005900065,3.9462233516863985,11,4,2022,1,183.1699981689453
2022-11-18,3965.340087890625,11677.01953125,23.1200008392334,3.78,298.786,3.6,-1.6269016527425406,0.47585819088147296,0.001363206227589231,-2.0062058831236462,1.8172303095892017,188.9057137625558,208.66866709391277,3.810116630419849,11,4,2022,1,180.19000244140625
2022-11-21,3949.93994140625,11553.4501953125,22.36000061035156,3.78,298.786,3.6,-6.837231343190053,-0.3883688698329779,-1.058226678535601,-1.6269016527425406,-3.857627852399581,185.64142717633928,206.83233337402345,3.972027603792999,11,4,2022,1,167.8699951171875
2022-11-22,4003.580078125,11724.83984375,21.290000915527344,3.78,298.786,3.6,1.215231193339683,1.3579987927526016,1.48344992655991,-6.837231343190053,-2.0062058831236462,181.91857038225447,205.27933349609376,3.970428003941407,11,4,2022,1,169.91000366210938
2022-11-23,4027.260009765625,11838.7197265625,20.350000381469727,3.78,298.786,3.6,7.821783885404354,0.5914689147847652,0.9712702632198811,1.215231193339683,-1.6269016527425406,180.8114275251116,204.14466654459636,4.263922728186196,11,4,2022,1,183.1999969482422
2022-11-25,4026.1201171875,11756.0302734375,20.5,3.78,298.786,3.6,-0.18558752377416665,-0.02830441976333642,-0.6984661773812406,7.821783885404354,-6.837231343190053,179.15999930245536,202.84933319091797,4.237405450819664,11,4,2022,1,182.8600006103516
2022-11-28,3963.93994140625,11587.75,22.209999084472656,3.78,298.786,3.6,0.03281065207998424,-1.5444192913123267,-1.4314379048319226,-0.18558752377416665,1.215231193339683,178.58857073102678,202.11366628011066,4.026852202116162,11,4,2022,1,182.9199981689453
2022-11-29,3957.6298828125,11503.4501953125,21.88999938964844,3.78,298.786,3.6,-1.1425739989130657,-0.15918653377758885,-0.727490709477685,0.03281065207998424,7.821783885404354,178.25428553989954,200.8296661376953,3.7845861154121714,11,4,2022,1,180.8300018310547
2022-11-30,4080.110107421875,12030.0595703125,20.57999992370605,3.78,298.786,3.6,7.670184691003823,3.0947872397389053,4.577838527214961,-1.1425739989130657,-0.18558752377416665,180.32714189801897,199.97999928792316,4.071032290252522,11,4,2022,1,194.6999969482422
2022-12-01,4076.570068359375,12041.8896484375,19.84000015258789,4.1,298.832,3.5,0.0,-0.08676332180498347,0.09833765207774015,7.670184691003823,0.03281065207998424,184.15999930245536,199.06866607666015,4.065595177642975,12,4,2022,1,194.6999969482422
2022-12-02,4071.699951171875,11994.259765625,19.059999465942383,4.1,298.832,3.5,0.08217959148295595,-0.1194660488065602,-0.39553495508639624,0.0,-1.1425739989130657,187.72428458077567,198.6546661376953,3.88836440836813,12,4,2022,1,194.8600006103516
2022-12-05,3998.840087890625,11786.7998046875,20.75,4.1,298.832,3.5,-6.368676805520934,-1.7894212283564803,-1.7296603958176004,0.08217959148295595,7.670184691003823,187.6171417236328,197.5883326212565,3.9881678132492446,12,4,2022,1,182.4499969482422
2022-12-06,3941.260009765625,11549.6904296875,22.170000076293945,4.1,298.832,3.5,-1.441485156488942,-1.4399194981406072,-2.0116518387434,-6.368676805520934,0.0,187.182856968471,196.54066619873046,3.987767192123757,12,4,2022,1,179.82000732421875
2022-12-07,3933.919921875,11497.3896484375,22.68000030517578,4.1,298.832,3.5,-3.2143331123685615,-0.18623708845491027,-0.45283275398936285,-1.441485156488942,0.08217959148295595,185.9142848423549,194.9279993693034,3.8655235861370354,12,4,2022,1,174.0399932861328
2022-12-08,3963.510009765625,11637.5,22.290000915527344,4.1,298.832,3.5,-0.3447430865732959,0.752178195750397,1.2186274958641663,-3.2143331123685615,-6.368676805520934,184.8585706438337,193.221332804362,3.852426865505699,12,4,2022,1,173.44000244140625
2022-12-09,3934.3798828125,11563.330078125,22.82999992370605,4.1,298.832,3.5,3.23454827685834,-0.7349578247904498,-0.6373355263157854,-0.3447430865732959,-1.441485156488942,182.62285723005022,191.6866663614909,3.918508849947498,12,4,2022,1,179.0500030517578
2022-12-12,3990.56005859375,11706.4404296875,25.0,4.1,298.832,3.5,-6.27198857086465,1.4279296218109305,1.2376222990748031,3.23454827685834,-3.2143331123685615,178.7828587123326,189.6633331298828,4.0239825219369765,12,4,2022,1,167.82000732421875
2022-12-13,4019.64990234375,11834.2099609375,22.549999237060547,4.1,298.832,3.5,-4.093677795344208,0.728966443879342,1.091446473566604,-6.27198857086465,-0.3447430865732959,173.9385724748884,187.44366658528645,4.0631835180472455,12,4,2022,1,160.9499969482422
2022-12-14,3995.320068359375,11740.919921875,21.13999938964844,4.1,298.832,3.5,-2.5784367661833008,-0.6052724634100337,-0.7883081284718818,-4.093677795344208,3.23454827685834,170.2742876325335,185.07633310953776,4.065810904830852,12,4,2022,1,156.8000030517578
2022-12-15,3895.75,11345.2197265625,22.82999992370605,4.1,298.832,3.5,0.5548438139381551,-2.4921675023714007,-3.370265685700269,-2.5784367661833008,-6.27198857086465,167.11000061035156,183.16599985758464,3.9870400199418254,12,4,2022,1,157.6699981689453
2022-12-16,3852.360107421875,11243.7197265625,22.6200008392334,4.1,298.832,3.5,-4.718717909436521,-1.1137750774080746,-0.8946499269851804,0.5548438139381551,-4.093677795344208,163.7085723876953,180.99666646321614,4.039356772988398,12,4,2022,1,150.22999572753906
2022-12-19,3817.659912109375,11084.58984375,22.420000076293945,4.1,298.832,3.5,-0.239632976495896,-0.9007516001852345,-1.4152779212075806,-4.718717909436521,-2.5784367661833008,160.34142848423548,179.07666625976563,4.0136331684030395,12,4,2022,1,149.8699951171875
2022-12-20,3821.6201171875,11072.419921875,21.479999542236328,4.1,298.832,3.5,-8.053641461716088,0.10373383615349674,-0.10979135941472373,-0.239632976495896,0.5548438139381551,154.44857134137834,177.10066630045574,4.154535477811708,12,4,2022,1,137.8000030517578
2022-12-21,3878.43994140625,11235.8798828125,20.06999969482422,4.1,298.832,3.5,-0.1669054589590102,1.4867993802734736,1.4762803622951903,-8.053641461716088,-4.718717909436521,150.12714276994978,175.3096664428711,4.143185924094334,12,4,2022,1,137.57000732421875
2022-12-22,3822.389892578125,10956.1396484375,21.96999931335449,4.1,298.832,3.5,-8.882756559936855,-1.445169956861636,-2.4897047431320263,-0.1669054589590102,-0.239632976495896,145.04142870221818,173.56833318074544,4.241787106996222,12,4,2022,1,125.3499984741211
2022-12-23,3844.820068359375,10985.4501953125,20.8700008392334,4.1,298.832,3.5,-1.7550833466474902,0.5868102525282026,0.26752622561889705,-8.882756559936855,-8.053641461716088,140.23428562709265,171.31599985758464,3.929946276406982,12,4,2022,1,123.1500015258789
2022-12-27,3829.25,10822.509765625,21.649999618530277,4.1,298.832,3.5,-11.40885333144338,-0.4049622110409712,-1.4832385272387505,-1.7550833466474902,-0.1669054589590102,133.29571424211775,168.42033309936522,4.254506589863968,12,4,2022,1,109.0999984741211
2022-12-28,3783.219970703125,10679.33984375,22.13999938964844,4.1,298.832,3.5,3.308891531476843,-1.2020638322615351,-1.3228902073134985,-11.40885333144338,-8.882756559936855,127.93571472167969,165.8123331705729,4.354211570744099,12,4,2022,1,112.70999908447266
2022-12-29,3849.280029296875,10951.0498046875,21.440000534057617,4.1,298.832,3.5,8.08269069678893,1.7461331644819111,2.544258024493118,3.308891531476843,-1.7550833466474902,123.92857251848493,163.39233322143554,4.665326357790467,12,4,2022,1,121.81999969482422
2022-12-30,3839.5,10939.759765625,21.670000076293945,4.1,298.832,3.5,1.1164017515666869,-0.25407424823445934,-0.10309549553566555,8.08269069678893,-11.40885333144338,121.84000069754464,161.26766662597657,4.664819580965774,12,4,2022,1,123.18000030517578
2023-01-03,3824.139892578125,10862.6396484375,22.899999618530277,4.1,298.832,3.5,-12.242248574195735,-0.4000548879248611,-0.7049525660501876,1.1164017515666869,3.308891531476843,117.62999943324498,158.76533330281575,5.076419335290657,1,1,2023,1,108.0999984741211
2023-01-04,3852.969970703125,10914.7998046875,22.01000022888184,4.1,298.832,3.5,5.124885285593783,0.7538970575044379,0.4801793849205316,-12.242248574195735,8.08269069678893,115.95714242117745,156.54699986775717,5.223419022389686,1,1,2023,1,113.63999938964844
2023-01-05,3808.10009765625,10741.2197265625,22.459999084472656,4.1,298.832,3.5,-2.9039097760312105,-1.1645528874622113,-1.590318477948205,5.124885285593783,1.1164017515666869,114.12714168003627,154.62933324178059,5.130515641379658,1,1,2023,1,110.33999633789062
2023-01-06,3895.080078125,11040.349609375,21.1299991607666,4.1,298.832,3.5,2.4651090365942707,2.284078102943865,2.784878164932869,-2.9039097760312105,-12.242248574195735,114.69285583496094,152.73433303833008,5.156310250861103,1,1,2023,1,113.05999755859376
2023-01-09,3892.090087890625,11108.4501953125,21.96999931335449,4.1,298.832,3.5,5.934901140427806,-0.07676325452631305,0.6168335999040542,2.4651090365942707,5.124885285593783,115.70142691476005,150.61999969482423,5.0527179524153265,1,1,2023,1,119.7699966430664
2023-01-10,3919.25,11205.7802734375,20.57999992370605,4.1,298.832,3.5,-0.7681374256751861,0.6978233159061986,0.876180532961035,5.934901140427806,-2.9039097760312105,115.27714102608817,148.48633295694987,5.0494845400915205,1,1,2023,1,118.8499984741211
2023-01-11,3969.610107421875,11402.51953125,21.09000015258789,4.1,298.832,3.5,3.6769060182475055,1.2849424614881588,1.7556944095973082,-0.7681374256751861,2.4651090365942707,115.28285544259208,146.49633305867513,5.125895253013008,1,1,2023,1,123.22000122070312
2023-01-12,3983.169921875,11459.6103515625,18.82999992370605,4.1,298.832,3.5,0.27592625752508315,0.34159058663651987,0.5006860120347678,3.6769060182475055,5.934901140427806,117.49142674037388,144.58733291625975,5.132772458494131,1,1,2023,1,123.55999755859376
2023-01-13,3999.090087890625,11541.48046875,18.350000381469727,4.1,298.832,3.5,-0.9388119582672938,0.39968583635343613,0.7144232192531463,0.27592625752508315,-0.7681374256751861,118.74285561697823,142.17733306884764,4.857000862037403,1,1,2023,1,122.4000015258789
2023-01-17,3990.969970703125,11557.1904296875,19.36000061035156,4.1,298.832,3.5,7.426473736900463,-0.20304911890052235,0.13611738095504755,-0.9388119582672938,3.6769060182475055,121.76428549630302,140.0703333536784,5.114200117755306,1,1,2023,1,131.49000549316406
2023-01-18,3928.860107421875,11410.2900390625,20.34000015258789,4.1,298.832,3.5,-2.0609982513142944,-1.5562598500411085,-1.2710735495683245,7.426473736900463,0.27592625752508315,124.00999995640346,137.86766662597657,5.111069380471631,1,1,2023,1,128.77999877929688
2023-01-19,3898.85009765625,11295.669921875,20.520000457763672,4.1,298.832,3.5,-1.2501946153228083,-0.7638350296294338,-1.0045328978939616,-2.0609982513142944,-0.9388119582672938,125.06714303152903,136.025,5.018616786502067,1,1,2023,1,127.16999816894533
2023-01-20,3972.610107421875,11619.0302734375,19.850000381469727,4.1,298.832,3.5,4.9146812062518475,1.8918401045981525,2.862692994740268,-1.2501946153228083,7.426473736900463,127.14857155936105,134.47833302815755,5.135255446175682,1,1,2023,1,133.4199981689453
2023-01-23,4019.81005859375,11872.5400390625,19.809999465942383,4.1,298.832,3.5,7.742468874848996,1.188134498366522,2.1818496006896115,4.9146812062518475,-2.0609982513142944,130.08142852783203,133.46866658528646,5.34723756648937,1,1,2023,1,143.75
2023-01-24,4016.949951171875,11846.6396484375,19.200000762939453,4.1,298.832,3.5,0.09739087975544347,-0.07115031258156934,-0.2181537441843462,7.742468874848996,-1.2501946153228083,132.98571450369698,132.4836664835612,5.348272321582996,1,1,2023,1,143.88999938964844
2023-01-25,4016.219970703125,11814.6904296875,19.07999992370605,4.1,298.832,3.5,0.3752820129427681,-0.01817250594663422,-0.2696901374409033,0.09739087975544347,4.9146812062518475,136.13285609654017,131.3296661376953,5.305110841223193,1,1,2023,1,144.42999267578125
2023-01-26,4060.429931640625,12051.48046875,18.729999542236328,4.1,298.832,3.5,10.967259156647335,1.1007853469181317,2.0042001140165633,0.3752820129427681,7.742468874848996,140.2442844935826,131.0779993693034,5.5925712183778895,1,1,2023,1,160.27000427246094
2023-01-27,4070.56005859375,12166.599609375,18.51000022888184,4.1,298.832,3.5,11.000180416824756,0.2494840970949097,0.9552282055595551,10.967259156647335,0.09739087975544347,147.2614266531808,131.64299926757812,5.882991947083475,1,1,2023,1,177.89999389648438
2023-01-30,4017.77001953125,11912.3896484375,19.940000534057617,4.1,298.832,3.5,-6.318150994943417,-1.296874098468337,-2.0894084551086767,11.000180416824756,0.3752820129427681,152.9028560093471,131.97166595458984,5.98920404090461,1,1,2023,1,166.66000366210938
2023-01-31,4076.60009765625,12101.9296875,19.399999618530277,4.1,298.832,3.5,3.9361558949042363,1.4642470285510134,1.5911168510791773,-6.318150994943417,10.967259156647335,158.58857073102678,132.48999938964843,6.0243494825621084,1,1,2023,1,173.22000122070312
2023-02-01,4119.2099609375,12363.099609375,17.8700008392334,4.57,301.45,3.6,4.728092820511631,1.045230394459029,2.1580849386751977,3.9361558949042363,11.000180416824756,163.96857125418526,133.52933298746746,5.989424892499715,2,1,2023,1,181.41000366210935
2023-02-02,4179.759765625,12803.1396484375,18.729999542236328,4.57,301.45,3.6,3.7814897039133877,1.4699373244309921,3.5593018981163516,4.728092820511631,-6.318150994943417,170.3085719517299,134.80933329264323,6.010172822865027,2,1,2023,1,188.2700042724609
2023-02-03,4136.47998046875,12573.3603515625,18.32999992370605,4.57,301.45,3.6,0.9082654784473565,-1.0354610691310495,-1.7947105411994957,3.7814897039133877,3.9361558949042363,176.81571524483815,136.54866638183594,5.765468215034124,2,1,2023,1,189.97999572753903
2023-02-06,4111.080078125,12464.509765625,19.43000030517578,4.57,301.45,3.6,2.5160537355481294,-0.6140463017754394,-0.8657239027112795,0.9082654784473565,4.728092820511631,181.74285670689173,138.4549992879232,5.763717989842367,2,1,2023,1,194.75999450683597
2023-02-07,4164.0,12728.26953125,18.65999984741211,4.57,301.45,3.6,1.052579127940878,1.287251059802652,2.116086156492125,2.5160537355481294,3.7814897039133877,184.44428580147877,140.8369992574056,5.432697902028065,2,1,2023,1,196.80999755859372
2023-02-08,4117.85986328125,12495.3798828125,19.6299991607666,4.57,301.45,3.6,2.276304955598274,-1.1080724476164705,-1.8297039347392685,1.052579127940878,0.9082654784473565,189.39142717633925,143.44166564941406,5.395052438760126,2,1,2023,1,201.2899932861328
2023-02-09,4081.5,12381.169921875,20.709999084472656,4.57,301.45,3.6,2.995684951667865,-0.8829796177735161,-0.9140175169431775,2.276304955598274,2.5160537355481294,194.26285661969862,146.7156659444173,4.786137620566067,2,1,2023,1,207.32000732421875
2023-02-10,4090.4599609375,12304.919921875,20.530000686645508,4.57,301.45,3.6,-5.030873801899527,0.21952617756952897,-0.6158545636731905,2.995684951667865,1.052579127940878,196.47428458077565,149.52166595458985,4.962893274693371,2,1,2023,1,196.88999938964844
2023-02-13,4137.2900390625,12502.3095703125,20.34000015258789,4.57,301.45,3.6,-1.1427700782035255,1.1448609342766147,1.604152239029144,-5.030873801899527,2.276304955598274,197.38428388323103,151.94899927775066,4.857440881759717,2,1,2023,1,194.63999938964844
2023-02-14,4136.1298828125,12590.8896484375,18.90999984741211,4.57,301.45,3.6,7.50616556523096,-0.02804145319874607,0.7085097167593535,-1.1427700782035255,2.995684951667865,200.13714163643974,154.81799926757813,4.970268838301018,2,1,2023,1,209.25
2023-02-15,4147.60009765625,12687.8896484375,18.229999542236328,4.57,301.45,3.6,2.384709913101113,0.2773175690496066,0.7703983015373117,7.50616556523096,-5.030873801899527,202.92000034877233,158.35599950154622,4.191365247288546,2,1,2023,1,214.2400054931641
2023-02-16,4090.409912109375,12442.48046875,20.170000076293945,4.57,301.45,3.6,-5.694553722096762,-1.3788741489130674,-1.9342001427142153,2.384709913101113,-1.1427700782035255,203.6671425955636,161.30266596476238,4.407742991776335,2,1,2023,1,202.0399932861328
2023-02-17,4079.090087890625,12358.1796875,20.020000457763672,4.57,301.45,3.6,3.1033480898909005,-0.2767405825327751,-0.6775239186569415,-5.694553722096762,7.50616556523096,204.67000034877233,164.56833267211914,4.311340322895766,2,1,2023,1,208.30999755859372
2023-02-21,3997.340087890625,12060.2998046875,22.8700008392334,4.57,301.45,3.6,-5.2517894338359845,-2.0041234255327334,-2.41038640273048,3.1033480898909005,2.384709913101113,203.24857003348214,167.37866592407227,4.521819856865459,2,1,2023,1,197.3699951171875
2023-02-22,3991.050048828125,12066.26953125,22.290000915527344,4.57,301.45,3.6,1.7682553475729224,-0.1573556145886834,0.04949898973638511,-5.2517894338359845,-5.694553722096762,203.81571306501115,170.0816660563151,4.459444007569171,2,1,2023,1,200.8600006103516
2023-02-23,4012.320068359375,12180.1396484375,21.13999938964844,4.57,301.45,3.6,0.6024129792842281,0.5329429416074394,0.9437060633577854,1.7682553475729224,3.1033480898909005,204.87714276994978,172.85566635131835,4.438854898780307,2,1,2023,1,202.07000732421875
2023-02-24,3970.0400390625,11969.650390625,21.670000076293945,4.57,301.45,3.6,-2.5684180003413215,-1.0537551485558128,-1.7281350123067085,0.6024129792842281,-5.2517894338359845,203.11000061035156,175.310999806722,4.497651853372085,2,1,2023,1,196.8800048828125
2023-02-27,3982.239990234375,12057.7900390625,20.950000762939453,4.57,301.45,3.6,5.46017865369246,0.30730045671669703,0.7363594220473946,-2.5684180003413215,1.7682553475729224,202.16571480887276,178.11333338419595,4.5416179641072,2,1,2023,1,207.6300048828125
2023-02-28,3970.14990234375,12042.1201171875,20.700000762939453,4.57,301.45,3.6,-0.9247209573726933,-0.30360018281855305,-0.12995683142794645,5.46017865369246,0.6024129792842281,202.69000244140625,180.8903335571289,4.54132107496285,2,1,2023,1,205.7100067138672
2023-03-01,3951.389892578125,11938.5703125,20.57999992370605,4.65,301.821,3.5,-1.4291975817664948,-0.4725264845680033,-0.8598967929219103,-0.9247209573726933,-2.5684180003413215,201.89857482910156,183.2663335164388,4.452851816381535,3,1,2023,1,202.7700042724609
2023-03-02,3981.35009765625,12044.8701171875,19.59000015258789,4.65,301.821,3.5,-5.853928157947285,0.7582194086794392,0.8903897359987978,-1.4291975817664948,5.46017865369246,200.9742889404297,185.33700002034504,4.609937751309843,3,1,2023,1,190.8999938964844
2023-03-03,4045.639892578125,12290.8095703125,18.489999771118164,4.65,301.821,3.5,3.6092192823141245,1.6147737160748799,2.0418605658026667,-5.853928157947285,-0.9247209573726933,200.5357164655413,187.69099985758464,4.598173941705849,3,1,2023,1,197.7899932861328
2023-03-06,4048.419921875,12302.48046875,18.61000061035156,4.65,301.821,3.5,-2.0122331071529165,0.06871667698291617,0.09495630349436457,3.6092192823141245,-1.4291975817664948,199.35571507045202,189.7039998372396,4.599059713610432,3,1,2023,1,193.80999755859372
2023-03-07,3986.3701171875,12152.169921875,19.59000015258789,4.65,301.821,3.5,-3.14740773002814,-1.5326919115337678,-1.2217905751349067,-2.0122331071529165,-5.853928157947285,198.04571533203125,191.1693333943685,4.506167436117387,3,1,2023,1,187.7100067138672
2023-03-08,3992.010009765625,12215.330078125,19.11000061035156,4.65,301.821,3.5,-3.041929843714275,0.141479401368394,0.5197438536166832,-3.14740773002814,3.6092192823141245,194.38428606305803,192.43966674804688,4.563690847825307,3,1,2023,1,182.0
2023-03-09,3918.320068359375,11995.8798828125,22.61000061035156,4.65,301.821,3.5,-4.989011995084991,-1.845935787384867,-1.7965146574752566,-3.041929843714275,-2.0122331071529165,189.6999991280692,193.38933359781902,4.68776099938229,3,1,2023,1,172.9199981689453
2023-03-10,3861.590087890625,11830.2802734375,24.799999237060547,4.65,301.821,3.5,0.30071956856769777,-1.447813845705137,-1.3804707198866506,-4.989011995084991,-3.14740773002814,185.50999886648995,193.82833353678384,4.268426135963739,3,1,2023,1,173.44000244140625
2023-03-13,3855.760009765625,11923.169921875,26.520000457763672,4.65,301.821,3.5,0.5996271168666301,-0.1509761003189447,0.7851855263823815,0.30071956856769777,-3.041929843714275,183.1642848423549,193.714333597819,3.7665124251740374,3,1,2023,1,174.47999572753906
2023-03-14,3919.2900390625,12199.7900390625,23.729999542236328,4.65,301.821,3.5,5.0320947926932424,1.6476655480623936,2.320021596605737,0.5996271168666301,-4.989011995084991,181.08857073102678,194.26766662597657,3.678579642608403,3,1,2023,1,183.25999450683597
2023-03-15,3891.929931640625,12251.3203125,26.13999938964844,4.65,301.821,3.5,-1.5333393227232484,-0.698088356543769,0.42238655970721073,5.0320947926932424,0.30071956856769777,179.17999921526228,194.5086664835612,3.6316193525242606,3,1,2023,1,180.4499969482422
2023-03-16,3960.280029296875,12581.3896484375,22.989999771118164,4.65,301.821,3.5,2.0393505108375454,1.7562006217166637,2.6941531811941255,-1.5333393227232484,0.5996271168666301,178.66857038225447,194.59933319091797,3.548242030614704,3,1,2023,1,184.1300048828125
2023-03-17,3916.639892578125,12519.8798828125,25.51000022888184,4.65,301.821,3.5,-2.172378153438792,-1.1019457310067593,-0.4888948466248211,2.0393505108375454,5.0320947926932424,178.40142822265625,194.3279998779297,3.502043164049603,3,1,2023,1,180.1300048828125
2023-03-20,3951.570068359375,12562.6103515625,24.149999618530277,4.65,301.821,3.5,1.7320796272765726,0.8918403718310097,0.34130094817172996,-2.172378153438792,-1.5333393227232484,179.87714276994978,194.10366668701172,3.51333554634547,3,1,2023,1,183.25
2023-03-21,4002.8701171875,12741.4404296875,21.3799991607666,4.65,301.821,3.5,7.8199191438224736,1.2982193897784988,1.4235105055435904,1.7320796272765726,2.0393505108375454,183.32571411132812,194.19766693115236,3.771428498020274,3,1,2023,1,197.5800018310547
2023-03-22,3936.969970703125,12567.150390625,22.26000022888184,4.65,301.821,3.5,-3.2543819591966616,-1.6463223775713631,-1.3678990222832699,7.8199191438224736,-2.172378153438792,185.70714242117748,194.00900014241537,3.816269064261089,3,1,2023,1,191.1499938964844
2023-03-23,3948.719970703125,12729.23046875,22.61000061035156,4.65,301.821,3.5,0.5597736638161654,0.2984528733375402,1.2897122504868852,-3.2543819591966616,1.7320796272765726,186.98714338030135,193.7066670735677,3.793340197518601,3,1,2023,1,192.22000122070312
2023-03-24,3970.989990234375,12767.0498046875,21.739999771118164,4.65,301.821,3.5,-0.9416281069083876,0.5639807253104534,0.297106223587873,0.5597736638161654,7.8199191438224736,188.41000148228235,193.14300028483072,3.7509735224054106,3,1,2023,1,190.41000366210935
2023-03-27,3977.530029296875,12673.0703125,20.600000381469727,4.65,301.821,3.5,0.7352522816861606,0.16469543057482383,-0.7361097013422357,-0.9416281069083876,-3.2543819591966616,189.50714329310821,192.97366689046223,3.6418747260000623,3,1,2023,1,191.80999755859372
2023-03-28,3971.27001953125,12610.5703125,19.96999931335449,4.65,301.821,3.5,-1.365932511618495,-0.15738434957162095,-0.49317172917721086,0.7352522816861606,0.5597736638161654,190.80142865862166,192.79200032552083,3.644466754392262,3,1,2023,1,189.19000244140625
2023-03-29,4027.81005859375,12846.0302734375,19.1200008392334,4.65,301.821,3.5,2.4789906342217005,1.423726887983645,1.8671634597215991,-1.365932511618495,-0.9416281069083876,192.32000078473772,192.27966715494793,3.392850128453983,3,1,2023,0,193.8800048828125
2023-03-30,4050.830078125,12963.1396484375,19.020000457763672,4.65,301.821,3.5,0.7220929756684091,0.5715269388667954,0.9116386347162386,2.4789906342217005,0.7352522816861606,191.9914289202009,191.64766693115234,3.3626442366876117,3,1,2023,0,195.27999877929688
2023-03-31,4109.31005859375,13181.349609375,18.700000762939453,4.65,301.821,3.5,6.237201971890638,1.4436542471763847,1.6833110408079444,0.7220929756684091,-1.365932511618495,194.32143075125555,191.82833404541014,3.40234437428082,3,1,2023,0,207.4600067138672
2023-04-03,4124.509765625,13148.349609375,18.549999237060547,4.65,301.821,3.5,-6.11684277968263,0.36988464765423945,-0.25035372687883806,6.237201971890638,2.4789906342217005,194.68571690150665,191.3770009358724,3.5394603015008688,4,2,2023,1,194.7700042724609
2023-04-04,4100.60009765625,13100.080078125,19.0,4.65,301.821,3.5,-1.1244043709844886,-0.5796972083329965,-0.36711475344086697,-6.11684277968263,0.7220929756684091,194.99571663992745,191.2173344930013,3.412808879648538,4,2,2023,0,192.5800018310547
2023-04-05,4090.3798828125,12967.2001953125,19.07999992370605,4.65,301.821,3.5,-3.6660076287606036,-0.2492370531228194,-1.0143440499603362,-1.1244043709844886,6.237201971890638,194.0971461704799,190.70600128173828,3.4582091775895627,4,2,2023,0,185.5200042724609
2023-04-06,4105.02001953125,13062.599609375,18.399999618530277,4.65,301.821,3.5,-0.2479553165553039,0.35791630944272956,0.7356978578689999,-3.6660076287606036,-6.11684277968263,193.50714547293526,190.13900095621744,3.4548285700692096,4,2,2023,0,185.05999755859372
2023-04-10,4109.10986328125,13051.23046875,18.96999931335449,4.65,301.821,3.5,-0.29720256079848184,0.09963029974375814,-0.08703581955340489,-0.2479553165553039,-1.1244043709844886,192.16857256208147,189.72666727701824,3.426712793840476,4,2,2023,0,184.50999450683597
2023-04-11,4108.93994140625,12964.150390625,19.100000381469727,4.65,301.821,3.5,1.235704757019196,-0.004135247794623265,-0.667217381023999,-0.29720256079848184,-3.6660076287606036,190.9557146344866,189.03200022379556,3.2710718485556733,4,2,2023,0,186.7899932861328
2023-04-12,4091.949951171875,12848.349609375,19.09000015258789,4.65,301.821,3.5,-3.3460036536464677,-0.4134884052006904,-0.8932384904585922,1.235704757019196,-0.2479553165553039,187.10999843052454,188.19299977620443,3.31655826105346,4,2,2023,0,180.5399932861328
2023-04-13,4146.22021484375,13109.3896484375,17.799999237060547,4.65,301.821,3.5,2.9688716127604264,1.326268999363811,2.031700934352121,-3.3460036536464677,-0.29720256079848184,185.84285409109933,187.63066609700522,3.3654821432923154,4,2,2023,0,185.8999938964844
2023-04-14,4137.64013671875,13079.51953125,17.06999969482422,4.65,301.821,3.5,-0.484127986031857,-0.20693734728036706,-0.2278528443241501,2.9688716127604264,1.235704757019196,184.75999668666296,187.43399963378906,3.1947828871574417,4,2,2023,0,185.0
2023-04-17,4151.31982421875,13087.7099609375,16.950000762939453,4.65,301.821,3.5,1.1026990735853115,0.330615690296554,0.06262026420720268,-0.484127986031857,-3.3460036536464677,184.97713797433036,187.07566630045574,3.127704415641841,4,2,2023,0,187.0399932861328
2023-04-18,4154.8701171875,13091.7900390625,16.829999923706055,4.65,301.821,3.5,-1.4595786064656058,0.08552202959737354,0.03117488190964579,1.1026990735853115,2.9688716127604264,184.8699951171875,186.75899963378907,3.117904320826858,4,2,2023,0,184.30999755859372
2023-04-19,4154.52001953125,13088.7099609375,16.459999084472656,4.65,301.821,3.5,-2.0183393575926023,-0.00842619976980652,-0.023526791338768227,-1.4595786064656058,-0.484127986031857,184.30999537876673,186.52166595458985,3.086769781786171,4,2,2023,0,180.58999633789065
2023-04-20,4129.7900390625,12985.98046875,17.170000076293945,4.65,301.821,3.5,-9.745828230593878,-0.595254815297297,-0.7848710262057135,-2.0183393575926023,1.1026990735853115,180.90999712262834,185.88799947102865,3.5205362878822335,4,2,2023,1,162.99000549316406
2023-04-21,4133.52001953125,13000.76953125,16.770000457763672,4.65,301.821,3.5,1.2822849668400638,0.09031888869577287,0.11388483553929074,-9.745828230593878,-1.4595786064656058,178.70142691476005,185.6266662597656,3.4176012082253315,4,2,2023,0,165.0800018310547
2023-04-24,4137.0400390625,12969.759765625,16.889999389648438,4.65,301.821,3.5,-1.5325895028073244,0.08515791660903549,-0.23852253938093648,1.2822849668400638,-2.0183393575926023,175.36571393694197,185.26366628011067,3.4266125421064073,4,2,2023,0,162.5500030517578
2023-04-25,4071.6298828125,12725.1103515625,18.76000022888184,4.65,301.821,3.5,-1.1565701922588656,-1.5810858882773227,-1.8863064427061982,-1.5325895028073244,-9.745828230593878,171.88999938964844,184.80333302815754,3.428211840927802,4,2,2023,0,160.6699981689453
2023-04-26,4055.989990234375,12806.48046875,18.84000015258789,4.65,301.821,3.5,-4.306963495243776,-0.3841187197329843,0.6394452774038939,-1.1565701922588656,1.2822849668400638,167.13428606305803,183.81966654459634,3.3584159058786067,4,2,2023,0,153.75
2023-04-27,4135.35009765625,13160.0302734375,17.030000686645508,4.65,301.821,3.5,4.1886194740853755,1.956614972249704,2.760710138513245,-4.306963495243776,-1.5325895028073244,163.6885724748884,183.1443333943685,3.46031812054357,4,2,2023,0,160.19000244140625
2023-04-28,4169.47998046875,13245.990234375,15.779999732971191,4.65,301.821,3.5,2.5719427270091355,0.8253202753460531,0.6531896899280243,4.1886194740853755,-1.1565701922588656,161.36285836356026,182.4836664835612,3.474272648409611,4,2,2023,0,164.30999755859375
2023-05-01,4167.8701171875,13231.4697265625,16.079999923706055,5.06,303.334,3.6,-1.509339519437758,-0.03861064902076494,-0.1096219124095188,2.5719427270091355,-4.306963495243776,161.1971435546875,181.87366638183593,3.464177116900197,5,2,2023,0,161.8300018310547
2023-05-02,4119.580078125,13113.66015625,17.780000686645508,5.06,303.334,3.6,-0.939259874721976,-1.1586262936400304,-0.89037403060368,-1.509339519437758,4.1886194740853755,160.51571437290735,181.10899963378907,3.444473843146719,5,2,2023,0,160.30999755859375
2023-05-03,4090.75,13030.2099609375,18.34000015258789,5.06,303.334,3.6,0.18713932775662467,-0.6998305064656485,-0.6363608200775861,-0.939259874721976,2.5719427270091355,160.2385711669922,179.8766662597656,3.079979514629849,5,2,2023,0,160.61000061035156
2023-05-04,4061.219970703125,12982.48046875,20.09000015258789,5.06,303.334,3.6,0.3673471985857102,-0.7218732334382416,-0.3662987191348832,0.18713932775662467,-1.509339519437758,160.3142852783203,178.87833302815756,3.0448073278000085,5,2,2023,0,161.1999969482422
2023-05-05,4136.25,13259.1298828125,17.190000534057617,5.06,303.334,3.6,5.496278398315546,1.8474751389515376,2.1309441961296915,0.3673471985857102,-0.939259874721976,162.64428492954798,178.13966623942056,3.2328000414158966,5,2,2023,0,170.05999755859375
2023-05-08,4138.1201171875,13291.6396484375,16.979999542236328,5.06,303.334,3.6,1.0172855182730478,0.04521286642489297,0.24518777561068905,5.496278398315546,0.18713932775662467,164.30142647879464,177.518999226888,3.2403409265308776,5,2,2023,0,171.7899932861328
2023-05-09,4119.169921875,13201.1103515625,17.709999084472656,5.06,303.334,3.6,-1.5367597024416146,-0.4579421277258522,-0.6810995427914857,1.0172855182730478,0.3673471985857102,164.99285452706474,176.76366577148437,3.242082385405485,5,2,2023,0,169.14999389648438
2023-05-10,4137.64013671875,13347.830078125,16.940000534057617,5.06,303.334,3.6,-0.36062703657255835,0.44839652634049987,1.1114195901342105,-1.5367597024416146,5.496278398315546,165.95142473493303,176.07533213297526,3.236587599388603,5,2,2023,0,168.5399932861328
2023-05-11,4130.6201171875,13389.7802734375,16.93000030517578,5.06,303.334,3.6,2.1003967520705658,-0.16966239932159066,0.314284756900296,-0.36062703657255835,1.0172855182730478,167.63285391671317,175.34866536458333,3.2259656721609296,5,2,2023,0,172.0800018310547
2023-05-12,4124.080078125,13340.1796875,17.030000686645508,5.06,303.334,3.6,-2.3826162598143963,-0.15833068345566526,-0.37043614551238724,2.1003967520705658,-1.5367597024416146,168.68571036202567,174.43866526285808,3.2402980703160438,5,2,2023,0,167.97999572753906
2023-05-15,4136.27978515625,13413.509765625,17.1200008392334,5.06,303.334,3.6,-0.9703474612936969,0.2958164439133881,0.549693331295309,-2.3826162598143963,-0.36062703657255835,169.42142595563615,173.06833190917968,2.9845508920361707,5,2,2023,0,166.35000610351562
2023-05-16,4109.89990234375,13426.009765625,17.989999771118164,5.06,303.334,3.6,0.1021930644472091,-0.6377683373153031,0.09318962910089823,-0.9703474612936969,2.1003967520705658,168.91571262904577,172.126665242513,2.8051638145139983,5,2,2023,0,166.52000427246094
2023-05-17,4158.77001953125,13589.259765625,16.8700008392334,5.06,303.334,3.6,4.407876621166107,1.1890829058788244,1.2159234415125564,0.1021930644472091,-2.3826162598143963,169.21142796107702,171.5026652018229,2.940084260473389,5,2,2023,0,173.86000061035156
2023-05-18,4198.0498046875,13834.6201171875,16.049999237060547,5.06,303.334,3.6,1.742780840135616,0.9445048649426635,1.805546113579748,4.407876621166107,-0.9703474612936969,170.317143031529,171.21499837239583,2.8918544319755974,5,2,2023,0,176.88999938964844
2023-05-19,4191.97998046875,13803.490234375,16.809999465942383,5.06,303.334,3.6,1.8373000232992265,-0.14458676054706077,-0.22501436648647566,1.742780840135616,0.1021930644472091,171.97428676060267,171.05099843343098,2.9135876676480224,5,2,2023,0,180.13999938964844
2023-05-22,4192.6298828125,13849.740234375,17.209999084472656,5.06,303.334,3.6,4.846228354123516,0.01550346964389604,0.33506018561033635,1.8373000232992265,4.407876621166107,174.37285723005022,171.1963317871094,3.0467023411506586,5,2,2023,0,188.8699951171875
2023-05-23,4145.580078125,13672.5400390625,18.530000686645508,5.06,303.334,3.6,-1.6413357996875821,-1.122202674755013,-1.2794477897331902,4.846228354123516,1.742780840135616,176.91428702218192,171.1623321533203,3.0557542372614805,5,2,2023,0,185.7700042724609
2023-05-24,4115.240234375,13604.48046875,20.030000686645508,5.06,303.334,3.6,-1.5449266889003166,-0.7318600335353365,-0.4977829292732272,-1.6413357996875821,1.8373000232992265,179.27857099260603,171.24099884033203,3.0044494541692988,5,2,2023,0,182.8999938964844
2023-05-25,4151.27978515625,13938.5302734375,19.13999938964844,5.06,303.334,3.6,0.8583965973816721,0.8757581265902425,2.4554396285460856,-1.5449266889003166,4.846228354123516,181.84285627092635,171.19333241780598,2.959024749051156,5,2,2023,0,184.47000122070312
2023-05-26,4205.4501953125,14298.41015625,17.950000762939453,5.06,303.334,3.6,4.7162123329924865,1.304908677799732,2.581906956849811,0.8583965973816721,-1.6413357996875821,184.60142735072546,171.46566569010417,3.078544765913135,5,2,2023,0,193.1699981689453
2023-05-30,4205.52001953125,14354.990234375,17.459999084472656,5.06,303.334,3.6,4.136255924264187,0.001660326849850513,0.3957088760687677,4.7162123329924865,-1.5449266889003166,188.06857081821985,171.93633270263672,3.158321473042444,5,2,2023,0,201.16000366210935
2023-05-31,4179.830078125,14254.08984375,17.940000534057617,5.06,303.334,3.6,1.3770078361723836,-0.6108624209833935,-0.7028941781052511,4.136255924264187,0.8583965973816721,191.4671412876674,172.5903325398763,3.146520167047893,5,2,2023,0,203.92999267578125
2023-06-01,4221.02001953125,14441.509765625,15.649999618530272,5.08,304.014,3.6,1.7604137329555236,0.9854453563032717,1.3148501512860733,1.3770078361723836,4.7162123329924865,194.13142830984933,173.48799947102864,3.1224810827953635,6,2,2023,0,207.5200042724609
2023-06-02,4282.3701171875,14546.6396484375,14.600000381469728,5.08,304.014,3.6,3.1081326211683136,1.4534424705965554,0.7279701673764016,1.7604137329555236,4.136255924264187,198.15999930245536,175.1873326619466,2.4826890687670504,6,2,2023,0,213.97000122070312
2023-06-05,4273.7900390625,14556.5,14.729999542236328,5.08,304.014,3.6,1.7011727666879528,-0.20035816359177394,0.06778439420240812,3.1081326211683136,1.3770078361723836,203.11857169015067,176.9383326212565,2.485852007782137,6,2,2023,0,217.6100006103516
2023-06-06,4283.85009765625,14558.08984375,13.960000038146973,5.08,304.014,3.6,1.7002881015874216,0.23538963079141606,0.010921881977132841,1.7011727666879528,1.7604137329555236,208.38142830984933,178.8969991048177,2.44402943364712,6,2,2023,0,221.30999755859372
2023-06-07,4267.52001953125,14303.2900390625,13.9399995803833,5.08,304.014,3.6,1.473051286244731,-0.38120096998572883,-1.7502282746035491,1.7002881015874216,3.1081326211683136,212.86714390345983,181.0269994099935,2.408597982076372,6,2,2023,0,224.57000732421875
2023-06-08,4293.93017578125,14484.5400390625,13.649999618530272,5.08,304.014,3.6,4.582087077762287,0.6188642614241457,1.2671909714828011,1.473051286244731,1.7011727666879528,217.68142918178015,183.7306660970052,2.2560528381149765,6,2,2023,0,234.8600006103516
2023-06-09,4298.85986328125,14528.3603515625,13.829999923706056,5.08,304.014,3.6,4.06199151040636,0.1148059539441082,0.3025316122004851,4.582087077762287,1.7002881015874216,223.46285792759485,186.53766581217448,2.2508579570481935,6,2,2023,0,244.3999938964844
2023-06-12,4338.93017578125,14784.2998046875,15.010000228881836,5.08,304.014,3.6,2.221770896144193,0.9321148810237156,1.7616540816147497,4.06199151040636,1.473051286244731,229.50714329310827,189.38833262125652,2.2456995129391624,6,2,2023,0,249.8300018310547
2023-06-13,4369.009765625,14900.849609375,14.609999656677246,5.08,304.014,3.6,3.5544128242966044,0.6932489951473775,0.7883349649778326,2.221770896144193,4.582087077762287,235.89857046944755,192.61766560872397,2.207080937864867,6,2,2023,0,258.7099914550781
2023-06-14,4372.58984375,15005.6904296875,13.880000114440918,5.08,304.014,3.6,-0.7421371317580694,0.08194255259321714,0.7035895473137321,3.5544128242966044,4.06199151040636,241.49571446010046,195.8336659749349,2.1995431579778635,6,2,2023,0,256.7900085449219
2023-06-15,4425.83984375,15185.48046875,14.5,5.08,304.014,3.6,-0.3465923979989127,1.217813742034668,1.1981457294814035,-0.7421371317580694,2.221770896144193,246.43714250837053,199.00999908447267,2.213528714036122,6,2,2023,0,255.8999938964844
2023-06-16,4409.58984375,15083.919921875,13.539999961853027,5.08,304.014,3.6,1.813214052015355,-0.36716195284263176,-0.6688003523102171,-0.3465923979989127,3.5544128242966044,251.57571411132812,202.321332804362,2.201741273267316,6,2,2023,0,260.5400085449219
2023-06-20,4388.7099609375,15070.150390625,13.880000114440918,5.08,304.014,3.6,5.338912722001776,-0.47351076976228645,-0.0912861598398651,1.813214052015355,-0.7421371317580694,257.23143005371094,205.8009999593099,2.192395642242209,6,2,2023,0,274.45001220703125
2023-06-21,4365.68994140625,14867.4501953125,13.199999809265137,5.08,304.014,3.6,-5.46184007477668,-0.5245281583003636,-1.3450442766556492,5.338912722001776,-0.3465923979989127,259.3828582763672,208.72333323160808,2.545616070751693,6,2,2023,0,259.4599914550781
2023-06-22,4381.89013671875,15042.3203125,12.90999984741211,5.08,304.014,3.6,1.9848894111198723,0.3710798414438443,1.1761944038166883,-5.46184007477668,1.813214052015355,261.4942844935826,211.90533294677735,2.4852841258506984,6,2,2023,0,264.6099853515625
2023-06-23,4348.330078125,14891.48046875,13.4399995803833,5.08,304.014,3.6,-3.027088806722378,-0.7658808766684566,-1.0027697896092147,1.9848894111198723,5.338912722001776,261.19285801478793,214.84066670735677,2.600340296862586,6,2,2023,0,256.6000061035156
2023-06-26,4328.81982421875,14689.01953125,14.25,5.08,304.014,3.6,-6.060016633625775,-0.44868382932564677,-1.3595756172454898,-3.027088806722378,-5.46184007477668,258.94428580147877,217.13966674804686,2.934600428931397,6,2,2023,0,241.0500030517578
2023-06-27,4378.41015625,14945.91015625,13.739999771118164,5.08,304.014,3.6,3.8000429562917493,1.1455854954693034,1.7488616204334173,-6.060016633625775,1.9848894111198723,258.13143048967635,219.88066711425782,2.8931948862081893,6,2,2023,0,250.2100067138672
2023-06-28,4376.85986328125,14964.5703125,13.43000030517578,5.08,304.014,3.6,2.40996896954786,-0.035407668843834283,0.1248512539880231,3.8000429562917493,-3.027088806722378,257.5171421595982,222.8769999186198,2.864276028163454,6,2,2023,0,256.239990234375
2023-06-29,4396.43994140625,14939.9501953125,13.539999961853027,5.08,304.014,3.6,0.49173033626503937,0.4473544672805918,-0.16452271380578143,2.40996896954786,-6.060016633625775,255.09571184430803,225.9096664428711,2.858643500020255,6,2,2023,0,257.5
2023-06-30,4450.3798828125,15179.2099609375,13.59000015258789,5.08,304.014,3.6,1.6582481606492783,1.2269004495714109,1.601476326876039,0.49173033626503937,3.8000429562917493,255.42571149553572,228.83999938964843,2.8058994840672344,6,2,2023,0,261.7699890136719
2023-07-03,4455.58984375,15208.6904296875,13.56999969482422,5.08,304.014,3.6,6.895373445427366,0.11706778016009611,0.19421609442036303,1.6582481606492783,2.40996896954786,257.59857177734375,232.2709996541341,2.9792114141941686,7,3,2023,0,279.82000732421875
2023-07-05,4446.81982421875,15203.7802734375,14.18000030517578,5.08,304.014,3.6,0.9506123909958086,-0.19683184132291975,-0.03228520083764508,6.895373445427366,0.49173033626503937,261.29571533203125,235.68233337402344,2.9810038546715676,7,3,2023,0,282.4800109863281
2023-07-06,4411.58984375,15089.4501953125,15.4399995803833,5.08,304.014,3.6,-2.1028045208104085,-0.7922511336500904,-0.7519845464009078,0.9506123909958086,1.6582481606492783,266.36571611676897,238.60466715494792,2.9863327745407697,7,3,2023,0,276.5400085449219
2023-07-07,4398.9501953125,15036.849609375,14.829999923706056,5.08,304.014,3.6,-0.7630056425625198,-0.28651005386203243,-0.3485917992813281,-2.1028045208104085,6.895373445427366,269.8257141113281,241.56000010172525,2.9604697780415608,7,3,2023,0,274.42999267578125
2023-07-10,4409.52978515625,15045.6396484375,15.06999969482422,5.08,304.014,3.6,-1.7563704598109409,0.2405026057131332,0.05845665342705253,-0.7630056425625198,0.9506123909958086,271.73571341378346,244.45033315022786,2.967845786459862,7,3,2023,0,269.6099853515625
2023-07-11,4439.259765625,15119.0595703125,14.84000015258789,5.08,304.014,3.6,0.0667717084456676,0.674221105588857,0.4879813925533272,-1.7563704598109409,-2.1028045208104085,273.4914289202009,247.2943333943685,2.9758251158289544,7,3,2023,0,269.7900085449219
2023-07-12,4472.16015625,15307.23046875,13.539999961853027,5.08,304.014,3.6,0.8154422401772665,0.7411233485312474,1.2445939349758905,0.0667717084456676,-0.7630056425625198,274.95142909458707,249.92166646321616,2.9066436327098057,7,3,2023,0,271.989990234375
2023-07-13,4510.0400390625,15571.98046875,13.609999656677246,5.08,304.014,3.6,2.172875427149612,0.8470153458069118,1.7295747949995999,0.8154422401772665,-1.7563704598109409,274.67714146205356,252.47966613769532,2.8596977385175193,7,3,2023,0,277.8999938964844
2023-07-14,4505.419921875,15565.599609375,13.34000015258789,5.08,304.014,3.6,1.2522529912772917,-0.10244071333035398,-0.04097654365676773,2.172875427149612,0.0667717084456676,274.5199977329799,255.06133321126302,2.8594057490165565,7,3,2023,0,281.3800048828125
2023-07-17,4522.7900390625,15713.2802734375,13.479999542236328,5.08,304.014,3.6,3.1985215167468217,0.38553825145495324,0.948763091487681,1.2522529912772917,0.8154422401772665,276.4971400669643,257.82333323160805,2.8825004037033146,7,3,2023,0,290.3800048828125
2023-07-18,4554.97998046875,15841.349609375,13.300000190734863,5.08,304.014,3.6,1.0193509901870401,0.7117275205842377,0.8150388315417256,3.1985215167468217,2.172875427149612,279.19856916155135,260.46899973551433,2.8591130775248135,7,3,2023,0,293.3399963378906
2023-07-19,4565.72021484375,15826.349609375,13.760000228881836,5.08,304.014,3.6,-0.7090702250741598,0.2357910335732072,-0.09468890195518664,1.0193509901870401,1.2522529912772917,282.2914297921317,262.9240000406901,2.8753615553540666,7,3,2023,0,291.260009765625
2023-07-20,4534.8701171875,15466.08984375,13.989999771118164,5.08,304.014,3.6,-9.737009860008495,-0.6756896218903741,-2.276328872525313,-0.7090702250741598,3.1985215167468217,281.30714198521207,264.3103332519531,3.4768784026336976,7,3,2023,0,262.8999938964844
2023-07-21,4536.33984375,15425.669921875,13.600000381469728,5.08,304.014,3.6,-1.0954754468143868,0.03240945218980773,-0.2613454485481004,-9.737009860008495,1.0193509901870401,279.5971418108259,265.49199930826825,3.487144272192879,7,3,2023,0,260.0199890136719
2023-07-24,4554.64013671875,15448.01953125,13.90999984741211,5.08,304.014,3.6,3.476659075024613,0.4034153877153557,0.1448858266006825,-1.0954754468143868,-0.7090702250741598,278.3342851911272,266.63199920654296,3.448692911392189,7,3,2023,0,269.0599975585937
2023-07-25,4567.4599609375,15561.419921875,13.859999656677246,5.08,304.014,3.6,-1.4048906614122947,0.2814673351556163,0.7340772090273395,3.476659075024613,-9.737009860008495,276.03428431919644,267.32799936930337,3.3987557962244717,7,3,2023,0,265.2799987792969
2023-07-26,4566.75,15499.259765625,13.1899995803833,5.08,304.014,3.6,-0.35057022016762307,-0.015543889679858758,-0.39945041366450385,-1.4048906614122947,-1.0954754468143868,272.31571306501115,267.81199951171874,3.3818023716782637,7,3,2023,0,264.3500061035156
2023-07-27,4537.41015625,15464.9296875,14.40999984741211,5.08,304.014,3.6,-3.2683938680391544,-0.6424666064487883,-0.22149495294697674,-0.35057022016762307,3.476659075024613,266.94000026157926,267.71200002034504,3.3809691073138652,7,3,2023,0,255.7100067138672
2023-07-28,4582.22998046875,15750.9296875,13.329999923706056,5.08,304.014,3.6,4.196157931177735,0.9877842794752345,1.849345621216547,-3.2683938680391544,-1.4048906614122947,263.394284929548,268.0336664835612,3.4619639147807297,7,3,2023,0,266.44000244140625
2023-07-31,4588.9599609375,15757.0,13.630000114440918,5.08,304.014,3.6,0.371562162326855,0.14687129405193122,0.038539391772007825,4.196157931177735,-0.35057022016762307,264.0414276123047,268.41799977620445,3.4606659882495276,7,3,2023,0,267.42999267578125
2023-08-01,4576.72998046875,15718.009765625,13.93000030517578,5.33,306.082,3.7,-2.3781870118334214,-0.2665087639215691,-0.24744706717649834,0.371562162326855,-3.2683938680391544,264.1914302280971,268.43566640218097,3.4781002068024884,8,3,2023,0,261.07000732421875
2023-08-02,4513.39013671875,15370.740234375,16.09000015258789,5.33,306.082,3.7,-2.665954157355055,-1.3839541336347905,-2.2093734284951982,-2.3781870118334214,4.196157931177735,262.0557163783482,267.757666015625,3.364852645936709,8,3,2023,0,254.1100006103516
2023-08-03,4501.89013671875,15353.5400390625,15.920000076293944,5.33,306.082,3.7,2.050295817304759,-0.25479738404268204,-0.11190219241382637,-2.665954157355055,0.371562162326855,261.2042890276228,267.7529998779297,3.236913649579564,8,3,2023,0,259.32000732421875
2023-08-04,4478.02978515625,15274.919921875,17.100000381469727,5.33,306.082,3.7,-2.1055092394165698,-0.5300074155050516,-0.5120650806750393,2.050295817304759,-2.3781870118334214,259.70571681431363,267.39466705322263,3.238737495501965,8,3,2023,0,253.8600006103516
2023-08-07,4518.43994140625,15407.849609375,15.770000457763672,5.33,306.082,3.7,-0.949343597382446,0.902409277936278,0.8702480155698522,-2.1055092394165698,-2.665954157355055,259.0971439906529,267.22300008138023,3.1956177655850677,8,3,2023,0,251.4499969482422
2023-08-08,4499.3798828125,15273.0498046875,15.989999771118164,5.33,306.082,3.7,-0.6959634206558429,-0.4218283044793103,-0.8748774689849026,-0.949343597382446,2.050295817304759,256.70571463448664,267.51133321126304,2.9892617719580334,8,3,2023,0,249.6999969482422
2023-08-09,4467.7099609375,15101.7099609375,15.960000038146973,5.33,306.082,3.7,-3.007606967809695,-0.7038730380597102,-1.1218443332608907,-0.6959634206558429,-2.1055092394165698,253.10000174386164,267.2439997355143,2.961788658759596,8,3,2023,0,242.19000244140625
2023-08-10,4468.830078125,15128.83984375,15.850000381469728,5.33,306.082,3.7,1.3006292021680244,0.025071394456976925,0.17964775434486935,-3.007606967809695,-0.949343597382446,250.85285731724335,266.8806666056315,2.9366351864381013,8,3,2023,0,245.33999633789065
2023-08-11,4464.0498046875,15028.0703125,14.84000015258789,5.33,306.082,3.7,-1.096438608281991,-0.10696923700230787,-0.6660757354215119,1.3006292021680244,-0.6959634206558429,249.2157135009766,266.385666402181,2.939867632425157,8,3,2023,0,242.6499938964844
2023-08-14,4489.72021484375,15205.58984375,14.81999969482422,5.33,306.082,3.7,-1.1910156448968756,0.5750475751703066,1.1812529989452036,-1.096438608281991,-3.007606967809695,246.42142595563615,265.65199991861977,2.9252434581407245,8,3,2023,0,239.75999450683597
2023-08-15,4437.85986328125,15037.650390625,16.459999084472656,5.33,306.082,3.7,-2.8361644764614335,-1.1550909428841738,-1.1044586553413338,-1.1910156448968756,1.3006292021680244,243.43571254185267,264.08999989827475,2.6302114052239083,8,3,2023,0,232.9600067138672
2023-08-16,4404.330078125,14876.4697265625,16.780000686645508,5.33,306.082,3.7,-3.1593408302874493,-0.7555395210577687,-1.07184739554117,-2.8361644764614335,-1.096438608281991,239.74285670689173,262.1939997355143,2.654940950944348,8,3,2023,0,225.6000061035156
2023-08-17,4370.35986328125,14715.8095703125,17.889999389648438,5.33,306.082,3.7,-2.828016272253575,-0.7712913029036983,-1.0799615715490263,-3.1593408302874493,-1.1910156448968756,235.3885716029576,260.28333282470703,2.671294705408892,8,3,2023,0,219.22000122070312
2023-08-18,4369.7099609375,14694.83984375,17.299999237060547,5.33,306.082,3.7,-1.7014851321818014,-0.014870682600087726,-0.14249794727436704,-2.828016272253575,-2.8361644764614335,231.57428632463728,258.31866658528645,2.677111528683264,8,3,2023,0,215.4900054931641
2023-08-21,4399.77001953125,14936.6904296875,17.1299991607666,5.33,306.082,3.7,7.3274828918382,0.6879188518795987,1.6458198150445469,-1.7014851321818014,-3.1593408302874493,229.56571524483817,257.04100036621094,3.0492278181993266,8,3,2023,0,231.27999877929688
2023-08-22,4387.5498046875,14908.9599609375,16.969999313354492,5.33,306.082,3.7,0.8258403978685713,-0.2777466728829614,-0.1856533673275096,7.3274828918382,-2.828016272253575,228.21428789411272,255.8210001627604,3.0569271871708166,8,3,2023,0,233.19000244140625
2023-08-23,4436.009765625,15148.0595703125,15.979999542236328,5.33,306.082,3.7,1.573823118710882,1.1044879965972587,1.6037309778915265,0.8258403978685713,-1.7014851321818014,227.8000030517578,254.6500005086263,3.070763924499764,8,3,2023,0,236.8600006103516
2023-08-24,4376.31005859375,14816.4404296875,17.200000762939453,5.33,306.082,3.7,-2.879341090367593,-1.3457974663146133,-2.189185612095923,1.573823118710882,7.3274828918382,227.3828582763672,253.0546671549479,3.062537730847894,8,3,2023,0,230.0399932861328
2023-08-25,4405.7099609375,14941.830078125,15.68000030517578,5.33,306.082,3.7,3.7167463490241914,0.6717966037625089,0.8462872646945563,-2.879341090367593,0.8258403978685713,229.2385711669922,251.62833353678386,3.145376710337206,8,3,2023,0,238.58999633789065
2023-08-28,4433.31005859375,15052.4599609375,15.079999923706056,5.33,306.082,3.7,0.09640428763089126,0.6264619755036449,0.7404038342964547,3.7167463490241914,1.573823118710882,232.03857203892298,249.9096669514974,3.0696722872529296,8,3,2023,0,238.82000732421875
2023-08-29,4497.6298828125,15376.5498046875,14.449999809265137,5.33,306.082,3.7,7.687791972402569,1.450830719454621,2.153068964083227,0.09640428763089126,-2.879341090367593,237.9942844935826,248.70433349609374,3.4134282475270092,8,3,2023,0,257.17999267578125
2023-08-30,4514.8701171875,15462.4296875,13.880000114440918,5.33,306.082,3.7,-0.10887269121663268,0.3833182103508026,0.5585120453114989,7.687791972402569,3.7167463490241914,241.65428379603796,247.55899963378906,3.4131992796296555,8,3,2023,0,256.8999938964844
2023-08-31,4507.66015625,15501.0703125,13.56999969482422,5.33,306.082,3.7,0.4593198535678855,-0.1596936512094249,0.2499000854389477,-0.10887269121663268,0.09640428763089126,245.20999581473214,247.39833272298176,2.9193174357224945,8,3,2023,0,258.0799865722656
2023-09-01,4515.77001953125,15490.8603515625,13.09000015258789,5.33,307.276,3.7,-5.064318329763207,0.1799129260001031,-0.06586616750758889,0.4593198535678855,7.687791972402569,246.37428065708704,246.89799957275392,3.0563834370779674,9,3,2023,0,245.00999450683597
2023-09-05,4496.830078125,15508.240234375,14.010000228881836,5.33,307.276,3.7,4.685521401135628,-0.4194177587506065,0.11219443218817293,-5.064318329763207,-0.10887269121663268,250.15285164969308,246.47899932861327,3.1133337905157266,9,3,2023,0,256.489990234375
2023-09-06,4465.47998046875,15371.4404296875,14.449999809265137,5.33,307.276,3.7,-1.7817428513501543,-0.6971599351452862,-0.8821104304553851,4.685521401135628,0.4593198535678855,252.05713762555803,246.0336659749349,3.11947891101702,9,3,2023,0,251.9199981689453
2023-09-07,4451.14013671875,15258.51953125,14.399999618530272,5.33,307.276,3.7,-0.17068620153484204,-0.32112659361860363,-0.7346149435638494,-1.7817428513501543,-5.064318329763207,253.86713736397883,245.60499928792316,3.119205017917022,9,3,2023,0,251.4900054931641
2023-09-08,4457.490234375,15280.23046875,13.84000015258789,5.33,307.276,3.7,-1.1889162304087542,0.14266227216406246,0.14228731336309863,-0.17068620153484204,4.685521401135628,252.6271384102958,245.36466573079426,3.0695353601739765,9,3,2023,0,248.5
2023-09-11,4487.4599609375,15461.8701171875,13.800000190734863,5.33,307.276,3.7,10.092549928477123,0.6723453106275201,1.1887232251436064,-1.1889162304087542,-1.7817428513501543,255.00999450683594,245.60266520182293,3.5082598644201264,9,3,2023,1,273.5799865722656
2023-09-12,4461.89990234375,15289.740234375,14.229999542236328,5.33,307.276,3.7,-2.229686338670178,-0.5695885604828921,-1.1132539693316845,10.092549928477123,-0.17068620153484204,256.35285513741627,245.60433247884114,3.534539068142013,9,3,2023,1,267.4800109863281
2023-09-13,4467.43994140625,15348.5302734375,13.479999542236328,5.33,307.276,3.7,1.4281354305895722,0.12416323054647016,0.38450646094252416,-2.229686338670178,-1.1889162304087542,260.1085684640067,245.9453318277995,3.512272856161182,9,3,2023,1,271.29998779296875
2023-09-14,4505.10009765625,15473.8896484375,12.81999969482422,5.33,307.276,3.7,1.7471511114000693,0.8429918867167929,0.8167516548274856,1.4281354305895722,10.092549928477123,262.90142822265625,246.67633209228515,3.480977405734274,9,3,2023,0,276.0400085449219
2023-09-15,4450.31982421875,15202.400390625,13.789999961853027,5.33,307.276,3.7,-0.5977372284481253,-1.2159612938677844,-1.75449912065202,1.7471511114000693,-2.229686338670178,266.1114305768694,247.1786656697591,3.469490755487673,9,3,2023,0,274.3900146484375
2023-09-18,4453.52978515625,15225.3701171875,14.0,5.33,307.276,3.7,-3.3200974462619715,0.07212876971294246,0.1510927614869706,-0.5977372284481253,1.4281354305895722,268.0814296177455,247.55933227539063,3.50477214091511,9,3,2023,1,265.2799987792969
2023-09-19,4443.9501953125,15191.23046875,14.109999656677246,5.33,307.276,3.7,0.45989189773711914,-0.2151010615372817,-0.2242286931268822,-3.3200974462619715,1.7471511114000693,270.6528581891741,248.06099904378254,3.498211919154469,9,3,2023,1,266.5
2023-09-20,4402.2001953125,14969.919921875,15.140000343322754,5.33,307.276,3.7,-1.4671683535119606,-0.9394794758059599,-1.4568309481595931,0.45989189773711914,-0.5977372284481253,269.0828595842634,248.49066569010418,3.5082334799177066,9,3,2023,1,262.5899963378906
2023-09-21,4330.0,14694.240234375,17.540000915527344,5.33,307.276,3.7,-2.6238620989897266,-1.6400934103219411,-1.8415575296241826,-1.4671683535119606,-3.3200974462619715,267.4000004359654,248.94099884033204,3.4967183708366925,9,3,2023,0,255.6999969482422
2023-09-22,4320.06005859375,14701.099609375,17.200000762939453,5.33,307.276,3.7,-4.231518261464751,-0.22955984771939608,0.04668070543689673,-2.6238620989897266,0.45989189773711914,263.62571716308594,248.92566579182943,3.5835709738622534,9,3,2023,1,244.8800048828125
2023-09-25,4337.43994140625,14768.900390625,16.899999618530273,5.33,307.276,3.7,0.861646752809131,0.40230650909416354,0.46119530546384624,-4.231518261464751,-1.4671683535119606,259.4757167271205,249.0703328450521,3.5797219741936037,9,3,2023,1,246.9900054931641
2023-09-26,4273.52978515625,14545.830078125,18.940000534057617,5.33,307.276,3.7,-1.1619945391094122,-1.4734533990868215,-1.5104056943982092,0.861646752809131,-2.6238620989897266,255.15142822265625,249.21566619873047,3.579359541254984,9,3,2023,1,244.1199951171875
2023-09-27,4274.509765625,14580.16015625,18.21999931335449,5.33,307.276,3.7,-1.4828753029631048,0.022931406074522265,0.23601319375117225,-1.1619945391094122,-4.231518261464751,251.6114283970424,249.46699930826824,3.5492148566345647,9,3,2023,1,240.5
2023-09-28,4299.7001953125,14702.76953125,17.34000015258789,5.33,307.276,3.7,2.444908475181906,0.5893173970516585,0.840932978006026,-1.4828753029631048,0.861646752809131,248.73714338030135,250.1596659342448,3.5155085233426444,9,3,2023,1,246.3800048828125
2023-09-29,4288.0498046875,14715.240234375,17.520000457763672,5.33,307.276,3.7,1.5585665483353939,-0.2709582086142026,0.08481873499066594,2.444908475181906,-1.1619945391094122,246.97000122070312,251.19299926757813,3.469594528029593,9,3,2023,0,250.22000122070312
2023-10-02,4288.39013671875,14837.5703125,17.610000610351562,5.33,307.276,3.7,0.5515166158101215,0.007936755559079245,0.8313155352994928,1.5585665483353939,-1.4828753029631048,246.38428824288505,252.39666595458985,3.4446265162265792,10,4,2023,0,251.6000061035156
2023-10-03,4229.4501953125,14565.6201171875,19.780000686645508,5.33,307.276,3.7,-2.0151062008054055,-1.3744071674259506,-1.832848570115242,0.5515166158101215,2.444908475181906,246.62000165666853,252.90499928792318,3.228511999715455,10,4,2023,0,246.52999877929688
2023-10-04,4263.75,14776.25,18.57999992370605,5.33,307.276,3.7,5.934371052307452,0.8109754957160709,1.4460756295844535,-2.0151062008054055,1.5585665483353939,248.644287109375,253.83733266194662,3.3899515329024394,10,4,2023,0,261.1600036621094
2023-10-05,4258.18994140625,14723.2197265625,18.489999771118164,5.33,307.276,3.7,-0.42503287393760303,-0.1304030159777203,-0.35888857753151315,5.934371052307452,0.5515166158101215,250.92000034877233,254.6103322347005,3.3863868280243095,10,4,2023,0,260.04998779296875
2023-10-06,4308.5,14973.240234375,17.450000762939453,5.33,307.276,3.7,0.1845841218459432,1.1814893014644445,1.698137448573367,-0.42503287393760303,-2.0151062008054055,253.78142874581474,255.6266657511393,3.330887394254725,10,4,2023,0,260.5299987792969
2023-10-09,4335.66015625,15047.150390625,17.700000762939453,5.33,307.276,3.7,-0.3300907210654902,0.630385429964031,0.4936149764051656,0.1845841218459432,5.934371052307452,255.68000139508928,256.32933298746747,3.2762787785898895,10,4,2023,0,259.6700134277344
2023-10-10,4358.240234375,15131.51953125,17.030000686645508,5.33,307.276,3.7,1.5211543440507347,0.5207990781392224,0.560698460736897,-0.3300907210654902,-0.42503287393760303,257.5942862374442,257.15599924723307,3.2830489078461995,10,4,2023,0,263.6199951171875
2023-10-11,4376.9501953125,15241.1201171875,16.09000015258789,5.33,307.276,3.7,-0.2389822071472425,0.429300817103373,0.7243197598968854,1.5211543440507347,0.1845841218459432,259.221426827567,257.3496658325195,2.979631706341679,10,4,2023,0,262.989990234375
2023-10-12,4349.60986328125,15184.099609375,16.690000534057617,5.33,307.276,3.7,-1.5665976919941982,-0.624643434611849,-0.37412281626333366,-0.2389822071472425,-0.3300907210654902,260.9842834472656,257.4153325398763,2.9952762595440627,10,4,2023,0,258.8699951171875
2023-10-13,4327.77978515625,14995.1201171875,19.31999969482422,5.33,307.276,3.7,-2.993780718577166,-0.5018858888767519,-1.2445880694224365,-1.5665976919941982,1.5211543440507347,259.5499965122768,257.183332824707,3.0456355961507007,10,4,2023,0,251.1199951171875
2023-10-16,4373.6298828125,15172.73046875,17.209999084472656,5.33,307.276,3.7,1.115006015531006,1.059436938392988,1.1844543436429156,-2.993780718577166,-0.2389822071472425,258.6742837088449,257.48033294677737,2.900113925957254,10,4,2023,0,253.9199981689453
2023-10-17,4373.2001953125,15122.009765625,17.8799991607666,5.33,307.276,3.7,0.36626021631880334,-0.009824505308242415,-0.3342885661184347,1.115006015531006,-1.5665976919941982,257.86285618373324,257.42566680908203,2.7720136202104064,10,4,2023,0,254.8500061035156
2023-10-18,4314.60009765625,14909.259765625,19.21999931335449,5.33,307.276,3.7,-4.775363208267336,-1.3399820506516447,-1.4068897143792225,0.36626021631880334,-2.993780718577166,255.43571036202567,257.11766662597654,2.8902706765732415,10,4,2023,0,242.67999267578125
2023-10-19,4278.0,14783.1298828125,21.399999618530277,5.33,307.276,3.7,-9.300310180733772,-0.8482848196321058,-0.8459835350330902,-4.775363208267336,1.115006015531006,249.2199968610491,256.07166646321616,3.344528489868122,10,4,2023,0,220.1100006103516
2023-10-20,4224.16015625,14560.8798828125,21.709999084472656,5.33,307.276,3.7,-3.6890623300491754,-1.2585283719027562,-1.5034028772107133,-9.300310180733772,0.36626021631880334,241.93428475516185,254.85466664632162,3.3958910863672136,10,4,2023,0,211.9900054931641
2023-10-23,4217.0400390625,14604.849609375,20.3700008392334,5.33,307.276,3.7,0.04245310418349302,-0.16855698941634634,0.3019716316347232,-3.6890623300491754,-4.775363208267336,235.25,252.8046671549479,2.752444575444331,10,4,2023,0,212.0800018310547
2023-10-24,4247.68017578125,14745.8603515625,18.96999931335449,5.33,307.276,3.7,2.0935507370200668,0.7265792222727274,0.9655062938613401,0.04245310418349302,-9.300310180733772,230.30714416503906,251.1060002644857,2.78837201471231,10,4,2023,0,216.5200042724609
2023-10-25,4186.77001953125,14381.6396484375,20.190000534057617,5.33,307.276,3.7,-1.8935922882932776,-1.4339628627712542,-2.4699861143497537,2.0935507370200668,-3.6890623300491754,224.37857273646765,249.1433339436849,2.7683228874424164,10,4,2023,0,212.4199981689453
2023-10-26,4137.22998046875,14109.5703125,20.68000030517578,5.33,307.276,3.7,-3.1352997455599274,-1.1832519778109618,-1.8917824572739828,-1.8935922882932776,0.04245310418349302,217.365713936942,246.80066680908203,2.758471074320215,10,4,2023,0,205.75999450683597
2023-10-27,4117.3701171875,14180.419921875,21.270000457763672,5.33,307.276,3.7,0.7484489628865498,-0.48002802297685276,0.5021386747138035,-3.1352997455599274,2.0935507370200668,212.31142970493866,244.5643330891927,2.775082219850094,10,4,2023,0,207.3000030517578
2023-10-30,4166.81982421875,14335.509765625,19.75,5.33,307.276,3.7,-4.794984223383947,1.2010022325859904,1.0936900642184444,0.7484489628865498,-1.8935922882932776,209.0614297049386,242.30033315022786,2.8320557533341564,10,4,2023,0,197.3600006103516
2023-10-31,4193.7998046875,14409.7802734375,18.13999938964844,5.33,307.276,3.7,1.7632730628176496,0.6474957307233353,0.5180876650134447,-4.794984223383947,-3.1352997455599274,207.46857125418526,240.11166636149088,2.86411070763324,10,4,2023,0,200.83999633789065
2023-11-01,4237.85986328125,14664.91015625,16.8700008392334,5.33,308.148,3.7,2.3999240251476373,1.0505999486313922,1.7705327768446022,1.7632730628176496,0.7484489628865498,206.55142865862166,238.21399993896483,2.924006543179078,11,4,2023,0,205.66000366210935
2023-11-02,4317.77978515625,14919.5498046875,15.65999984741211,5.33,308.148,3.7,6.2481720392452145,1.885855702012762,1.7363873745177782,2.3999240251476373,-4.794984223383947,206.83571297781808,236.97433319091797,3.168392863107207,11,4,2023,0,218.50999450683597
2023-11-03,4358.33984375,15099.490234375,14.90999984741211,5.33,308.148,3.7,0.6635907937775576,0.9393730253031363,1.2060714434624975,6.2481720392452145,1.7632730628176496,207.91285705566406,236.14366658528647,3.0933345416321716,11,4,2023,0,219.9600067138672
2023-11-06,4365.97998046875,15154.9296875,14.890000343322754,5.33,308.148,3.7,-0.31369449915678027,0.17529924220356374,0.36716109129821817,0.6635907937775576,2.3999240251476373,209.84285845075334,235.21966654459635,3.0854139979624837,11,4,2023,0,219.2700042724609
2023-11-07,4378.3798828125,15296.01953125,14.8100004196167,5.33,308.148,3.7,1.3271256198382986,0.28401189192852616,0.930983162966248,-0.31369449915678027,6.2481720392452145,211.96857125418526,234.48833312988282,3.0962565983416437,11,4,2023,0,222.17999267578125
2023-11-08,4382.77978515625,15313.240234375,14.449999809265137,5.33,308.148,3.7,-0.03150241594066516,0.10049156221052513,0.11258290491731326,1.3271256198382986,0.6635907937775576,215.50428553989954,233.87533315022787,3.087921287426097,11,4,2023,0,222.1100006103516
2023-11-09,4347.35009765625,15187.900390625,15.289999961853027,5.33,308.148,3.7,-5.461260118625755,-0.8083839306732843,-0.8185063502670009,-0.03150241594066516,-0.31369449915678027,216.80999973842077,232.66199951171876,3.1885535041856925,11,4,2023,0,209.97999572753903
2023-11-10,4415.240234375,15529.1201171875,14.170000076293944,5.33,308.148,3.7,2.2240205086035747,1.5616441094852496,2.246655020025834,-5.461260118625755,1.3271256198382986,218.0942840576172,231.47633260091146,3.2055050303977173,11,4,2023,0,214.6499938964844
2023-11-13,4411.5498046875,15482.7900390625,14.760000228881836,5.33,308.148,3.7,4.220830689495392,-0.08358389332403515,-0.2983432272748221,2.2240205086035747,-0.03150241594066516,218.83714294433594,230.54666595458986,3.3135886899796274,11,4,2023,0,223.7100067138672
2023-11-14,4495.7001953125,15812.4697265625,14.15999984741211,5.33,308.148,3.7,6.123998273248876,1.9075017703661823,2.1293299635803953,4.220830689495392,-5.461260118625755,221.32999965122767,230.24266611735027,3.4994460095091133,11,4,2023,1,237.41000366210935
2023-11-15,4502.8798828125,15817.1796875,14.18000030517578,5.33,308.148,3.7,2.287179390936478,0.15970120755575135,0.029786371256013133,6.123998273248876,2.2240205086035747,224.69714137486048,229.63199920654296,3.3436966031538837,11,4,2023,0,242.83999633789065
2023-11-16,4508.240234375,15833.169921875,14.31999969482422,5.33,308.148,3.7,-3.8090924639652135,0.11904273935798848,0.10109409320067098,2.287179390936478,4.220830689495392,226.32714189801897,228.7499994913737,3.408446991611844,11,4,2023,0,233.58999633789065
2023-11-17,4514.02001953125,15837.990234375,13.800000190734863,5.33,308.148,3.7,0.30395424675639937,0.12820490603360213,0.030444393155537597,-3.8090924639652135,6.123998273248876,228.06857081821985,227.87566630045572,3.4091019754353087,11,4,2023,0,234.3000030517578
2023-11-20,4547.3798828125,16027.0595703125,13.40999984741211,5.33,308.148,3.7,0.5548455120893081,0.7390278097329839,1.1937710097026155,0.30395424675639937,2.287179390936478,231.72857230050224,227.07333272298177,3.412624936781848,11,4,2023,0,235.6000061035156
2023-11-21,4538.18994140625,15933.6201171875,13.350000381469728,5.33,308.148,3.7,2.376906069461704,-0.20209310950652926,-0.5830105810430863,0.5548455120893081,-3.8090924639652135,235.52142987932478,226.32599945068358,3.431607681684573,11,4,2023,0,241.1999969482422
2023-11-22,4556.6201171875,16001.3896484375,12.850000381469728,5.33,308.148,3.7,-2.8980059381488954,0.406112922094648,0.42532413068450126,2.376906069461704,0.30395424675639937,237.02142987932478,225.36666666666667,3.4657996614544433,11,4,2023,0,234.2100067138672
2023-11-24,4559.33984375,15982.009765625,12.460000038146973,5.33,308.148,3.7,0.529435207219775,0.059687366788407914,-0.1211137484824154,-2.8980059381488954,0.5548455120893081,236.7414289202009,224.58600006103515,3.461067744207447,11,4,2023,0,235.4499969482422
2023-11-27,4550.43017578125,15961.98046875,12.6899995803833,5.33,308.148,3.7,0.26757481035388775,-0.1954157460090089,-0.12532401849785213,0.529435207219775,2.376906069461704,235.77571541922433,224.08466695149738,3.4231499509037286,11,4,2023,0,236.0800018310547
2023-11-28,4554.89013671875,16010.4296875,12.6899995803833,5.33,308.148,3.7,4.506946504203557,0.09801185306033133,0.30352886876947593,0.26757481035388775,-2.8980059381488954,237.65143040248327,223.84466705322265,3.520931579872236,11,4,2023,1,246.72000122070312
2023-11-29,4550.580078125,15987.599609375,12.979999542236328,5.33,308.148,3.7,-1.0457205813430348,-0.09462486392383118,-0.14259503692661823,4.506946504203557,0.529435207219775,239.05714416503906,223.48766682942707,3.524816260004769,11,4,2023,1,244.13999938964844
2023-11-30,4567.7998046875,15947.8701171875,12.920000076293944,5.33,308.148,3.7,-1.6629792613843564,0.37840728581564065,-0.24850192122777282,-1.0457205813430348,0.26757481035388775,239.6971435546875,223.4010004679362,3.426346570652983,11,4,2023,0,240.0800018310547
2023-12-01,4594.6298828125,15997.580078125,12.630000114440918,5.33,308.741,3.8,-0.5206597761023168,0.5873742123607695,0.311702820327886,-1.6629792613843564,4.506946504203557,239.35857282366072,224.0250005086263,2.9436257689163936,12,4,2023,0,238.8300018310547
2023-12-04,4569.77978515625,15839.669921875,13.079999923706056,5.33,308.741,3.8,-1.360800559009756,-0.5408509126972105,-0.9870877687677582,-0.5206597761023168,-1.0457205813430348,239.55428641183036,224.81133371988932,2.8640567633507086,12,4,2023,0,235.5800018310547
2023-12-05,4567.18017578125,15877.7099609375,12.850000381469728,5.33,308.741,3.8,1.3328802806870987,-0.056886972616143616,0.24015676620865456,-1.360800559009756,-1.6629792613843564,240.02142987932478,225.69933369954427,2.8683158605811756,12,4,2023,0,238.72000122070312
2023-12-06,4549.33984375,15788.0498046875,12.970000267028809,5.33,308.741,3.8,0.2722829646282676,-0.3906202808869552,-0.5646919894026436,1.3328802806870987,-0.5206597761023168,240.4914289202009,226.46100006103515,2.851220913733393,12,4,2023,0,239.3699951171875
2023-12-07,4585.58984375,16022.490234375,13.0600004196167,5.33,308.741,3.8,1.366087788429815,0.7968189065892917,1.484923296972962,0.2722829646282676,-1.360800559009756,239.90857151576452,227.46833343505858,2.8238004148379776,12,4,2023,0,242.63999938964844
2023-12-08,4604.3701171875,16084.6904296875,12.350000381469728,5.33,308.741,3.8,0.49455858525417895,0.40954978699407896,0.38820554359930703,1.366087788429815,1.3328802806870987,239.86571393694197,228.73766682942707,2.739947381836281,12,4,2023,0,243.83999633789065
2023-12-11,4622.43994140625,16221.73046875,12.630000114440918,5.33,308.741,3.8,-1.681426716823431,0.3924494286698943,0.8519905288917773,0.49455858525417895,0.2722829646282676,239.817143031529,229.81900024414065,2.7712592576616792,12,4,2023,0,239.7400054931641
2023-12-12,4643.7001953125,16354.25,12.06999969482422,5.33,308.741,3.8,-1.1387381846063915,0.45993575202152304,0.8169259839774234,-1.681426716823431,1.366087788429815,239.55714198521204,231.14066670735681,2.6047229356958934,12,4,2023,0,237.00999450683597
2023-12-13,4707.08984375,16562.369140625,12.1899995803833,5.33,308.741,3.8,0.9619842336358042,1.3650676351045998,1.2725691525138805,-1.1387381846063915,0.49455858525417895,240.08714076450892,232.4223332722982,2.596953506349645,12,4,2023,0,239.2899932861328
2023-12-14,4719.5498046875,16537.830078125,12.479999542236328,5.33,308.741,3.8,4.914543063053567,0.26470624846992585,-0.14816154797449022,0.9619842336358042,-1.681426716823431,241.84856959751673,233.93533325195315,2.695176888694969,12,4,2023,0,251.0500030517578
2023-12-15,4719.18994140625,16623.44921875,12.279999732971191,5.33,308.741,3.8,0.9758999874367902,-0.00762494933082003,0.5177168964763501,4.914543063053567,-1.1387381846063915,243.8671417236328,235.10166676839196,2.484721331933109,12,4,2023,0,253.5
2023-12-18,4740.56005859375,16729.80078125,12.5600004196167,5.33,308.741,3.8,-0.5601570686174839,0.45283443669004164,0.6397683242539198,0.9758999874367902,0.9619842336358042,245.21571350097656,236.1723332722982,2.4924182446227694,12,4,2023,0,252.0800018310547
2023-12-19,4768.3701171875,16811.849609375,12.529999732971191,5.33,308.741,3.8,2.03903496997484,0.5866407818910568,0.49043517730920083,-0.5601570686174839,4.914543063053567,247.12714276994978,237.43733317057294,2.503403287598238,12,4,2023,0,257.2200012207031
2023-12-20,4698.35009765625,16554.16015625,13.670000076293944,5.33,308.741,3.8,-3.918825045959673,-1.4684266911006771,-1.5327846674366041,2.03903496997484,0.9758999874367902,248.18428475516183,238.26933339436852,2.628335337389159,12,4,2023,0,247.13999938964844
2023-12-21,4746.75,16757.41015625,13.649999618530272,5.33,308.741,3.8,2.9780693649462897,1.030146782120256,1.227788048935019,-3.918825045959673,-0.5601570686174839,250.682856968471,239.34900004069013,2.668862848250644,12,4,2023,0,254.5
2023-12-22,4754.6298828125,16777.400390625,13.029999732971191,5.33,308.741,3.8,-0.7701401626197146,0.16600585268868873,0.11929190840711534,2.9780693649462897,2.03903496997484,252.57571411132812,240.7676666259766,2.4354229979170894,12,4,2023,0,252.5399932861328
2023-12-26,4774.75,16878.4609375,12.989999771118164,5.33,308.741,3.8,1.6116227819877649,0.42316894655107795,0.6023611794558459,-0.7701401626197146,-3.918825045959673,253.36999729701452,242.16633300781254,2.4242767455357144,12,4,2023,0,256.6099853515625
2023-12-27,4781.580078125,16906.80078125,12.43000030517578,5.33,308.741,3.8,1.8822405072142834,0.14304577464787638,0.16790537866540056,1.6116227819877649,2.9780693649462897,254.50428336007255,243.42399953206385,2.340830204350758,12,4,2023,0,261.44000244140625
2023-12-28,4783.35009765625,16898.470703125,12.470000267028809,5.33,308.741,3.8,-3.1594284304201747,0.03701746080437829,-0.04927057598169693,1.8822405072142834,-0.7701401626197146,254.6614249093192,243.94966583251957,2.186709297173564,12,4,2023,0,253.17999267578125
2023-12-29,4769.830078125,16825.9296875,12.449999809265137,5.33,308.741,3.8,-1.8563856087400077,-0.2826475013374963,-0.42927562440064904,-3.1594284304201747,1.6116227819877649,253.41285269601005,244.1376658121745,2.1836500369530256,12,4,2023,0,248.47999572753903
2024-01-02,4742.830078125,16543.939453125,13.199999809265137,5.33,308.741,3.8,-0.02414583049957786,-0.5660579005492328,-1.6759266180964238,-1.8563856087400077,1.8822405072142834,253.59570966448103,244.63199920654296,2.0556212470331503,1,1,2024,0,248.4199981689453
2024-01-03,4704.81005859375,16368.490234375,14.039999961853027,5.33,308.741,3.8,-4.013364984377277,-0.8016314922730805,-1.0605044780725437,-0.02414583049957786,-3.1594284304201747,251.3028520856585,244.77033233642578,2.196267627457882,1,1,2024,0,238.4499969482422
2024-01-04,4688.68017578125,16282.009765625,14.130000114440918,5.33,308.741,3.8,-0.21807686270334248,-0.3428381297357008,-0.5283350358628924,-4.013364984377277,-1.8563856087400077,249.21570914132255,244.84799855550133,2.1950602899881195,1,1,2024,0,237.92999267578125
2024-01-05,4697.240234375,16305.98046875,13.350000381469728,5.33,308.741,3.8,-0.1849229589212409,0.18256861788026324,0.14722201663093237,-0.21807686270334248,-0.02414583049957786,246.48428344726562,244.7243321736654,2.1510485087889397,1,1,2024,0,237.4900054931641
2024-01-08,4763.5400390625,16649.869140625,13.079999923706056,5.33,308.741,3.8,1.2463646412957274,1.4114629309846638,2.1089726713094947,-0.1849229589212409,-4.013364984377277,243.48571123395647,244.93233184814457,2.092754720375332,1,1,2024,0,240.4499969482422
2024-01-09,4756.5,16678.69921875,12.760000228881836,5.33,308.741,3.8,-2.283214932024613,-0.14779006799081618,0.17315498327044043,1.2463646412957274,-0.21807686270334248,240.88285609654017,244.91599884033207,2.1358201405371973,1,1,2024,0,234.9600067138672
2024-01-10,4783.4501953125,16793.05078125,12.6899995803833,5.33,308.741,3.8,-0.43411825132567694,0.566597189372442,0.6856143935460413,-2.283214932024613,-0.1849229589212409,238.8057141985212,244.84466552734378,2.1368011449726243,1,1,2024,0,233.94000244140625
2024-01-11,4780.240234375,16820.900390625,12.4399995803833,5.33,308.741,3.8,-2.8725319101363445,-0.06710555783868699,0.16584008312590104,-0.43411825132567694,1.2463646412957274,235.77714320591517,244.19466552734377,2.020686320025259,1,1,2024,0,227.22000122070312
2024-01-12,4783.830078125,16832.919921875,12.699999809265137,5.33,308.741,3.8,-3.6660513098772496,0.07509755941104146,0.07145593262474215,-2.8725319101363445,-2.283214932024613,232.98285784040178,243.3529988606771,2.1107006984426038,1,1,2024,0,218.88999938964844
2024-01-16,4765.97998046875,16830.7109375,13.84000015258789,5.33,308.741,3.8,0.46598943547220273,-0.37313402367431525,-0.013123001744508311,-3.6660513098772496,-0.43411825132567694,230.4085736955915,242.68066558837893,2.1005096271248207,1,1,2024,0,219.91000366210935
2024-01-17,4739.2099609375,16736.279296875,14.789999961853027,5.33,308.741,3.8,-1.9826295019532925,-0.5616897183990499,-0.5610674497094403,0.46598943547220273,-2.8725319101363445,227.2742876325335,241.90466562906903,2.123343295406797,1,1,2024,0,215.5500030517578
2024-01-18,4780.93994140625,16982.2890625,14.130000114440918,5.33,308.741,3.8,-1.7026203279913998,0.8805260963896,1.4699190976750431,-1.9826295019532925,-3.6660513098772496,223.19286019461495,241.11466573079431,2.1300305365893752,1,1,2024,0,211.8800048828125
2024-01-19,4839.81005859375,17314.0,13.300000190734863,5.33,308.741,3.8,0.14630807600990448,1.2313502764936146,1.9532757702992898,-1.7026203279913998,0.46598943547220273,219.94000244140625,240.23033243815107,2.108984428774249,1,1,2024,0,212.19000244140625
2024-01-22,4850.43017578125,17330.380859375,13.1899995803833,5.33,308.741,3.8,-1.5976244642273096,0.21943252026270788,0.09461048501213654,0.14630807600990448,-1.9826295019532925,216.34857395717077,239.21133270263675,2.116952567117141,1,1,2024,0,208.8000030517578
2024-01-23,4864.60009765625,17404.2109375,12.550000190734863,5.33,308.741,3.8,0.16283349277841364,0.2921374261968035,0.4260153237489961,-1.5976244642273096,-1.7026203279913998,213.76571655273438,238.09466603597008,2.092959155958434,1,1,2024,0,209.13999938964844
2024-01-24,4868.5498046875,17499.30078125,13.140000343322754,5.33,308.741,3.8,-0.6263735117226887,0.08119284117831249,0.5463611311738115,0.16283349277841364,0.14630807600990448,212.1857169015067,236.8943328857422,2.0850842272871604,1,1,2024,0,207.8300018310547
2024-01-25,4894.16015625,17516.990234375,13.449999809265137,5.33,308.741,3.8,-12.125293136804816,0.5260365527706368,0.10108662823804515,-0.6263735117226887,-1.5976244642273096,206.86000279017858,234.99066619873048,2.971024411476771,1,1,2024,0,182.6300048828125
2024-01-26,4890.97021484375,17421.009765625,13.260000228881836,5.33,308.741,3.8,0.3394815203478396,-0.06517852510764532,-0.5479278544190169,-12.125293136804816,0.16283349277841364,202.24571663992745,233.19866638183595,2.978462151601689,1,1,2024,0,183.25
2024-01-29,4927.93017578125,17596.26953125,13.600000381469728,5.33,308.741,3.8,4.190991910385411,0.7556774896180896,1.0060252992385221,0.3394815203478396,-0.6263735117226887,199.2528577532087,231.5866663614909,3.100512643747699,1,1,2024,0,190.92999267578125
2024-01-30,4924.97021484375,17476.7109375,13.3100004196167,5.33,308.741,3.8,0.3456783572134414,-0.06006499345398986,-0.6794542078232602,4.190991910385411,-12.125293136804816,196.30999973842077,229.60466613769532,2.9222320254312337,1,1,2024,0,191.58999633789065
2024-01-31,4845.64990234375,17137.240234375,14.350000381469728,5.33,308.741,3.8,-2.244377647032414,-1.6105744611597972,-1.9424175655191167,0.3456783572134414,0.3394815203478396,193.23714120047433,227.39766591389974,2.9118340707115844,1,1,2024,0,187.2899932861328
2024-02-01,4906.18994140625,17344.7109375,13.880000114440918,5.33,310.967,3.9,0.8382761388752824,1.2493688211609788,1.2106424388498738,-2.244377647032414,4.190991910385411,190.33999851771765,225.2903325398763,2.9296124246107254,2,1,2024,0,188.8600006103516
2024-02-02,4958.60986328125,17642.73046875,13.850000381469728,5.33,310.967,3.9,-0.5030164911426827,1.068444607751462,1.7182156123782377,0.8382761388752824,0.3456783572134414,187.4942844935826,222.97999928792316,2.8775413843315722,2,1,2024,0,187.91000366210935
2024-02-05,4942.81005859375,17613.0390625,13.670000076293944,5.33,310.967,3.9,-3.645365318513305,-0.31863375266721894,-0.16829257978288048,-0.5030164911426827,-2.244377647032414,187.2699977329799,220.77733256022137,2.86839233426708,2,1,2024,0,181.05999755859372
2024-02-06,4954.22998046875,17572.73046875,13.0600004196167,5.33,310.967,3.9,2.23130928940527,0.23104108269635937,-0.22885655114353032,-3.645365318513305,0.8382761388752824,187.53428431919642,218.46399943033853,2.835824654968201,2,1,2024,0,185.1000061035156
2024-02-07,4995.06005859375,17755.0703125,12.829999923706056,5.33,310.967,3.9,1.3398139631352501,0.8241457963390042,1.0376295480902131,2.23130928940527,-0.5030164911426827,187.0557141985212,216.29866638183594,2.86808682687639,2,1,2024,0,187.5800018310547
2024-02-08,4997.91015625,17783.169921875,12.789999961853027,5.33,310.967,3.9,1.0555473441792307,0.057058326082515265,0.15826245055878818,1.3398139631352501,-3.645365318513305,186.76571437290735,214.06366678873695,2.8527525914960306,2,1,2024,0,189.55999755859372
2024-02-09,5026.60986328125,17962.41015625,12.93000030517578,5.33,310.967,3.9,2.115430374167171,0.5742341525559524,1.0079206078693392,1.0555473441792307,2.23130928940527,187.66285923549108,211.80133361816402,2.861078430104914,2,1,2024,0,193.57000732421875
2024-02-12,5021.83984375,17882.66015625,13.93000030517578,5.33,310.967,3.9,-2.8103539988478476,-0.09489536011326738,-0.44398273564781876,2.115430374167171,1.3398139631352501,187.55857413155692,209.63300069173175,2.852502613990637,2,1,2024,0,188.1300048828125
2024-02-13,4953.169921875,17600.419921875,15.850000381469728,5.33,310.967,3.9,-2.1846598116614824,-1.3674255653625456,-1.5782899854323795,-2.8103539988478476,1.0555473441792307,187.00285993303572,207.48433430989581,2.8567507842421698,2,1,2024,0,184.0200042724609
2024-02-14,5000.6201171875,17807.630859375,14.380000114440918,5.33,310.967,3.9,2.5486372853585237,0.9579763275017639,1.1773067825641137,-2.1846598116614824,2.115430374167171,188.09571838378906,205.4940012613932,2.92348680755894,2,1,2024,0,188.7100067138672
2024-02-15,5029.72998046875,17845.720703125,14.010000228881836,5.33,310.967,3.9,6.221180550417671,0.5821250684729495,0.21389618894727125,2.5486372853585237,-2.8103539988478476,190.28857421875,204.22733459472653,3.1335072711209464,2,1,2024,0,200.4499969482422
2024-02-16,5005.56982421875,17685.98046875,14.239999771118164,5.33,310.967,3.9,-0.24943876658132247,-0.48034698371121065,-0.8951178662514159,6.221180550417671,-2.1846598116614824,192.05571637834822,202.9613347371419,3.1334056154395546,2,1,2024,0,199.9499969482422
2024-02-20,4975.509765625,17546.099609375,15.420000076293944,5.33,310.967,3.9,-3.095775211743823,-0.6005322001165325,-0.7909137953768575,-0.24943876658132247,2.5486372853585237,192.6557159423828,201.5036677042643,3.167274588215133,2,1,2024,0,193.75999450683597
2024-02-21,4981.7998046875,17478.91015625,15.34000015258789,5.33,310.967,3.9,0.5212684735028228,0.1264199922982101,-0.3829309910511447,-3.095775211743823,6.221180550417671,192.827144077846,199.98100128173826,3.1552385772625944,2,1,2024,0,194.7700042724609
2024-02-22,5087.02978515625,18004.69921875,14.539999961853027,5.33,310.967,3.9,1.3554445406056326,2.112288421741404,3.0081341330769007,0.5212684735028228,-0.24943876658132247,194.1528581891741,198.72933451334632,3.160225013892279,2,1,2024,0,197.41000366210935
2024-02-23,5088.7998046875,17937.609375,13.75,5.33,310.967,3.9,-2.7556873210526023,0.03479475462115911,-0.37262407405358466,1.3554445406056326,-3.095775211743823,195.28857203892298,197.33033447265623,3.1861464777039834,2,1,2024,0,191.97000122070312
2024-02-26,5069.52978515625,17933.330078125,13.739999771118164,5.33,310.967,3.9,3.870392576202164,-0.3786751350190576,-0.023856561850232882,-2.7556873210526023,0.5212684735028228,196.81571306501115,196.40300089518226,3.2577828812581178,2,1,2024,0,199.3999938964844
2024-02-27,5078.18017578125,17971.05078125,13.43000030517578,5.33,310.967,3.9,0.1654974128163511,0.17063496993998672,0.21033853144214465,3.870392576202164,1.3554445406056326,196.71285574776786,195.7643341064453,3.1991475004285843,2,1,2024,0,199.72999572753903
2024-02-28,5069.759765625,17874.5,13.84000015258789,5.33,310.967,3.9,1.156560160219966,-0.1658155060430544,-0.5372572946637955,0.1654974128163511,-2.7556873210526023,197.0114266531808,195.16866709391272,3.2069788976844635,2,1,2024,0,202.0399932861328
2024-02-29,5096.27001953125,18043.849609375,13.399999618530272,5.33,310.967,3.9,-0.07918650199801869,0.5229094697149161,0.9474369038294794,1.156560160219966,3.870392576202164,198.17142813546317,194.7130004882812,3.189904961617825,2,1,2024,0,201.8800048828125
2024-03-01,5137.080078125,18302.91015625,13.109999656677246,5.33,312.345,3.9,0.3764585340074067,0.800782894888763,1.4357276993729684,-0.07918650199801869,0.1654974128163511,199.29571315220423,194.40500030517575,3.1779583438385117,3,1,2024,0,202.63999938964844
2024-03-04,5130.9501953125,18226.48046875,13.489999771118164,5.33,312.345,3.9,-7.155546804023882,-0.11932620709189656,-0.4175821595993612,0.3764585340074067,1.156560160219966,197.97142682756697,193.60333353678382,3.428366096947897,3,1,2024,0,188.13999938964844
2024-03-05,5078.64990234375,17897.869140625,14.460000038146973,5.33,312.345,3.9,-3.933237971984116,-1.0193100883444606,-1.8029335322769402,-7.155546804023882,-0.07918650199801869,196.3671417236328,192.6680002848307,3.483949064162892,3,1,2024,0,180.7400054931641
2024-03-06,5104.759765625,18017.5703125,14.5,5.33,312.345,3.9,-2.323786698783814,0.5141103203274655,0.668801246307571,-3.933237971984116,0.3764585340074067,193.10142735072546,191.5813334147135,3.499172918174092,3,1,2024,1,176.5399932861328
2024-03-07,5157.35986328125,18297.990234375,14.4399995803833,5.33,312.345,3.9,1.1951969472048907,1.0304127925951478,1.5563692385340833,-2.323786698783814,-7.155546804023882,190.08999851771765,190.60866648356117,3.512718481850035,3,1,2024,1,178.64999389648438
2024-03-08,5123.68994140625,18018.44921875,14.739999771118164,5.33,312.345,3.9,-1.8527834714126334,-0.6528519003437983,-1.5277143120332903,1.1951969472048907,-3.933237971984116,186.27571323939733,190.36566619873045,2.7530256074989206,3,1,2024,0,175.33999633789062
2024-03-11,5117.93994140625,17951.689453125,15.220000267028809,5.33,312.345,3.9,1.3858834181150304,-0.1122238087346461,-0.37050783235845763,-1.8527834714126334,-2.323786698783814,182.83142743791853,190.18299967447913,2.7653720116396396,3,1,2024,0,177.77000427246094
2024-03-12,5175.27001953125,18219.109375,13.84000015258789,5.33,312.345,3.9,-0.1293868373742013,1.1201787981366396,1.489664371552779,1.3858834181150304,1.1951969472048907,179.24571228027344,189.73666636149085,2.6460668266967367,3,1,2024,0,177.5399932861328
2024-03-13,5165.31005859375,18068.470703125,13.75,5.33,312.345,3.9,-4.539820808488959,-0.19245297153407392,-0.8268168809706156,-0.1293868373742013,-1.8527834714126334,176.57999747140067,188.9996663411458,2.758753587419633,3,1,2024,0,169.47999572753906
2024-03-14,5150.47998046875,18014.810546875,14.399999618530272,5.33,312.345,3.9,-4.118477639544138,-0.28710915621273925,-0.2969822799708144,-4.539820808488959,1.3858834181150304,173.97428240094865,188.17333323160804,2.8231093646067635,3,1,2024,0,162.5
2024-03-15,5117.08984375,17808.25,14.40999984741211,5.33,312.345,3.9,0.6584660456730784,-0.6482917484461503,-1.1466151494489707,-4.118477639544138,-0.1293868373742013,172.12142726353235,187.3303334554036,2.8205062521786277,3,1,2024,0,163.57000732421875
2024-03-18,5149.419921875,17985.009765625,14.329999923706056,5.33,312.345,3.9,6.254200201423088,0.6318059504952345,0.9925723505959327,0.6584660456730784,-4.539820808488959,171.42857142857142,186.86000010172523,3.0736897555543807,3,1,2024,0,173.8000030517578
2024-03-19,5178.509765625,18032.19921875,13.81999969482422,5.33,312.345,3.9,-1.4269250195585559,0.5649149650123642,0.26238213790239495,6.254200201423088,-4.118477639544138,170.85428728376115,186.5353337605794,3.0144061629010803,3,1,2024,0,171.32000732421875
2024-03-20,5224.6201171875,18240.109375,13.039999961853027,5.33,312.345,3.9,2.5332688257929448,0.8904173912846591,1.1529938956853059,-1.4269250195585559,0.6584660456730784,170.55285862513952,186.22066701253254,3.023089229363207,3,1,2024,0,175.66000366210938
2024-03-21,5241.52978515625,18320.380859375,12.920000076293944,5.33,312.345,3.9,-1.6167575308454918,0.32365354015160275,0.44008225348155516,2.5332688257929448,6.254200201423088,169.87857491629464,185.72866719563802,3.021710780008768,3,1,2024,0,172.82000732421875
2024-03-22,5234.18017578125,18339.439453125,13.0600004196167,5.33,312.345,3.9,-1.151490226146512,-0.14021878490156903,0.10402946257663803,-1.6167575308454918,-1.4269250195585559,170.0714329310826,185.10433400472004,3.0162297330620156,3,1,2024,0,170.8300018310547
2024-03-25,5218.18994140625,18277.060546875,13.1899995803833,5.33,312.345,3.9,1.0536808713131895,-0.30549644525015296,-0.3401352937173363,-1.151490226146512,2.5332688257929448,171.5185764857701,184.40633392333984,2.9930237963364332,3,1,2024,0,172.6300048828125
2024-03-26,5203.580078125,18210.5390625,13.239999771118164,5.33,312.345,3.9,2.9195349264770964,-0.2799795225030266,-0.363961612997854,1.0536808713131895,-1.6167575308454918,173.5328608921596,184.05766703287762,3.012544269168321,3,1,2024,0,177.6699981689453
2024-03-27,5248.490234375,18280.83984375,12.779999732971191,5.33,312.345,3.9,1.2157391142962881,0.8630626525532925,0.3860444823117204,2.9195349264770964,-1.151490226146512,174.39428928920202,183.91800028483073,2.9971478485507204,3,1,2024,0,179.8300018310547
2024-03-28,5254.35009765625,18254.689453125,13.010000228881836,5.33,312.345,3.9,-2.2465709302040393,0.11164855071790214,-0.14304808120695345,1.2157391142962881,1.0536808713131895,175.0328587123326,183.48733317057292,2.982537316335032,3,1,2024,0,175.7899932861328
2024-04-01,5243.77001953125,18293.19921875,13.649999618530272,5.33,313.023,3.9,-0.3242460249155976,-0.20135845401164643,0.21095820733563198,-2.2465709302040393,2.9195349264770964,174.97000122070312,182.64633331298828,2.7254664067077554,4,2,2024,0,175.22000122070312
2024-04-02,5205.81005859375,18121.779296875,14.609999656677246,5.33,313.023,3.9,-4.902406276707449,-0.723905907316913,-0.9370691251167185,-0.3242460249155976,1.2157391142962881,174.0857151576451,181.5356669108073,2.8456831827208875,4,2,2024,0,166.6300048828125
2024-04-03,5211.490234375,18160.189453125,14.329999923706056,5.33,313.023,3.9,1.050231020055925,0.1091122364688113,0.2119557667089822,-4.902406276707449,-2.2465709302040393,173.73571559361048,180.68966725667318,2.819157565621944,4,2,2024,0,168.3800048828125
2024-04-04,5147.2099609375,17878.779296875,16.350000381469727,5.33,313.023,3.9,1.6213301154368365,-1.2334336350379616,-1.549599231750165,1.050231020055925,-0.3242460249155976,173.51857212611608,179.9010004679362,2.8390167464522,4,2,2024,0,171.11000061035156
2024-04-05,5204.33984375,18108.4609375,16.030000686645508,5.33,313.023,3.9,-3.6292482565110196,1.1099194174331695,1.284660640478652,1.6213301154368365,-4.902406276707449,171.6942858014788,178.8173334757487,2.8788384707339967,4,2,2024,0,164.89999389648438
2024-04-08,5202.39013671875,18100.189453125,15.1899995803833,5.33,313.023,3.9,4.899940648952894,-0.037463099831791524,-0.045677456541159955,-3.6292482565110196,1.050231020055925,170.71571350097656,178.18433329264323,3.013439601338572,4,2,2024,0,172.97999572753906
2024-04-09,5209.91015625,18169.900390625,14.979999542236328,5.33,313.023,3.9,2.254601255405486,0.14454931932483817,0.38513926984318214,4.899940648952894,1.6213301154368365,170.87142944335938,177.4336669921875,2.9500590272190856,4,2,2024,0,176.8800048828125
2024-04-10,5160.64013671875,18011.66015625,15.800000190734863,5.33,313.023,3.9,-2.8946236061948905,-0.9456980649108493,-0.8708921401497927,2.254601255405486,-3.6292482565110196,170.37714276994978,176.50133361816407,2.9841027747108204,4,2,2024,0,171.75999450683594
2024-04-11,5199.06005859375,18307.98046875,14.90999984741211,5.33,313.023,3.9,1.653476762638495,0.7444797710585593,1.6451582470990544,-2.8946236061948905,4.899940648952894,171.51571437290735,175.5866673787435,2.99473573731098,4,2,2024,0,174.60000610351562
2024-04-12,5123.41015625,18003.490234375,17.309999465942383,5.33,313.023,3.9,-2.0332204625772565,-1.455068829580164,-1.6631557745800274,1.653476762638495,2.254601255405486,171.8971426827567,174.55900065104166,3.0077994864720705,4,2,2024,0,171.0500030517578
2024-04-15,5061.81982421875,17706.830078125,19.229999542236328,5.33,313.023,3.9,-5.594859487563397,-1.202135494776202,-1.6477924690600942,-2.0332204625772565,-2.8946236061948905,170.52142769949776,173.18700052897137,3.141916396972482,4,2,2024,0,161.47999572753906
2024-04-16,5051.41015625,17713.66015625,18.399999618530277,5.33,313.023,3.9,-2.7062145360474688,-0.20565070133361507,0.03857312740260799,-5.594859487563397,1.653476762638495,169.40857151576452,172.1526672363281,2.9244580892239393,4,2,2024,0,157.11000061035156
2024-04-17,5022.2099609375,17493.619140625,18.209999084472656,5.33,313.023,3.9,-1.0565868854054306,-0.5780602724641426,-1.2422108908268892,-2.7062145360474688,-2.0332204625772565,166.90428597586495,171.3096669514974,2.8563270008219135,4,2,2024,0,155.4499969482422
2024-04-18,5011.1201171875,17394.310546875,18.0,5.33,313.023,3.9,-3.550983840996058,-0.2208160119998248,-0.5676846680592096,-1.0565868854054306,-5.594859487563397,163.05428423200334,170.42266693115235,2.8924727016801164,4,2,2024,0,149.92999267578125
2024-04-19,4967.22998046875,17037.650390625,18.709999084472656,5.33,313.023,3.9,-1.9208895916184798,-0.875854812743615,-2.050441466414299,-3.550983840996058,-2.7062145360474688,159.52428545270647,169.36933390299478,2.885341654744384,4,2,2024,0,147.0500030517578
2024-04-22,5010.60009765625,17210.890625,16.940000534057617,5.33,313.023,3.9,-3.400203941675628,0.8731248071466746,1.0168082476344598,-1.9208895916184798,-1.0565868854054306,154.87428501674108,168.2596674601237,2.921988136542407,4,2,2024,0,142.0500030517578
2024-04-23,5070.5498046875,17471.470703125,15.6899995803833,5.33,313.023,3.9,1.8514534090260826,1.1964576270872662,1.5140417994783384,-3.400203941675628,-3.550983840996058,151.10714067731584,167.15666707356772,2.934428080647304,4,2,2024,0,144.67999267578125
2024-04-24,5071.6298828125,17526.80078125,15.970000267028809,5.33,313.023,3.9,12.061109407252758,0.02130100613548791,0.31668815445000664,1.8514534090260826,-1.9208895916184798,151.1999991280692,166.64300079345702,3.741111733652023,4,2,2024,1,162.1300048828125
2024-04-25,5048.419921875,17430.5,15.369999885559082,5.33,313.023,3.9,4.965143743002587,-0.4576430353515626,-0.5494487125854763,12.061109407252758,-3.400203941675628,153.06714085170202,166.6663340250651,3.7664730207280277,4,2,2024,1,170.17999267578125
2024-04-26,5099.9599609375,17718.30078125,15.029999732971191,5.33,313.023,3.9,-1.1105884774887609,1.020914263474304,1.6511332506239151,4.965143743002587,1.8514534090260826,154.90142604282923,166.85933380126954,3.690099773685657,4,2,2024,1,168.2899932861328
2024-04-29,5116.169921875,17782.720703125,14.670000076293944,5.33,313.023,3.9,15.306917103399531,0.31784486665891176,0.3635784416933019,-1.1105884774887609,12.061109407252758,161.20428466796875,167.87533365885417,4.609976554289491,4,2,2024,1,194.0500030517578
2024-04-30,5035.68994140625,17440.689453125,15.649999618530272,5.33,313.023,3.9,-5.550118063944742,-1.5730513586862171,-1.9233910024796907,15.306917103399531,4.965143743002587,166.37999834333147,168.1913335164388,4.620593540706369,4,2,2024,1,183.27999877929688
2024-05-01,5018.39013671875,17318.55078125,15.390000343322754,5.33,313.175,3.9,-1.7950640048260635,-0.34354388154940185,-0.7003087360925142,-5.550118063944742,-1.1105884774887609,171.7999986921038,168.48033345540364,4.625757186962619,5,2,2024,1,179.99000549316406
2024-05-02,5064.2001953125,17541.5390625,14.68000030517578,5.33,313.175,3.9,0.01110562423569661,0.9128437077573048,1.287568943074735,-1.7950640048260635,15.306917103399531,176.8471418108259,168.62533315022787,4.6059579898455,5,2,2024,1,180.00999450683594
2024-05-03,5127.7900390625,17890.80078125,13.489999771118164,5.33,313.175,3.9,0.6555235656792835,1.2556739721478527,1.9910551605853533,0.01110562423569661,-5.550118063944742,179.56999860491072,168.90433298746746,4.594071509850719,5,2,2024,1,181.19000244140625
2024-05-06,5180.740234375,18093.5703125,13.489999771118164,5.33,313.175,3.9,1.970303006416807,1.032612390701182,1.1333731437136452,0.6555235656792835,-1.7950640048260635,181.6528560093471,169.36866607666016,4.5964678341800775,5,2,2024,1,184.75999450683597
2024-05-07,5187.7001953125,18091.44921875,13.229999542236328,5.33,313.175,3.9,-3.761635178001199,0.13434298232750663,-0.011722914346734559,1.970303006416807,0.01110562423569661,183.01285661969865,169.5413324991862,4.655080625646642,5,2,2024,1,177.80999755859375
2024-05-08,5187.669921875,18085.009765625,13.0,5.33,313.175,3.9,-1.7378079862311324,-0.0005835618166138978,-0.03559390431987497,-3.761635178001199,0.6555235656792835,180.25142778669084,169.44299926757813,4.638842562348499,5,2,2024,1,174.72000122070312
2024-05-09,5214.080078125,18113.4609375,12.6899995803833,5.33,313.175,3.9,-1.573946875450305,0.5090947698625836,0.15731908494225344,-1.7378079862311324,1.970303006416807,178.6357138497489,169.18099924723307,4.64249077209532,5,2,2024,1,171.97000122070312
2024-05-10,5222.68017578125,18161.1796875,12.550000190734863,5.33,313.175,3.9,-2.035238689978358,0.1649398844549843,0.2634435802448376,-1.573946875450305,-3.761635178001199,176.98999895368303,168.93699951171874,4.639201360515553,5,2,2024,1,168.47000122070312
2024-05-13,5221.419921875,18198.609375,13.600000381469728,5.33,313.175,3.9,2.030033919489904,-0.024130405535727206,0.2060972257532434,-2.035238689978358,-1.7378079862311324,175.82999965122767,168.82599945068358,4.654160260994995,5,2,2024,1,171.88999938964844
2024-05-14,5246.68017578125,18322.76953125,13.420000076293944,5.33,313.175,3.9,3.292805679333921,0.4837813139759728,0.6822507901101726,2.030033919489904,-1.573946875450305,175.30999973842077,169.18999938964845,4.594436598123835,5,2,2024,1,177.5500030517578
2024-05-15,5308.14990234375,18596.650390625,12.449999809265137,5.33,313.175,3.9,-2.005067585133169,1.1715927882596233,1.494756886549764,3.292805679333921,-2.035238689978358,173.77142987932478,169.3769994099935,4.6112735352075,5,2,2024,1,173.99000549316406
2024-05-16,5297.10009765625,18557.9609375,12.420000076293944,5.33,313.175,3.9,0.4885285464054867,-0.20816677921287052,-0.208045278651392,-2.005067585133169,2.030033919489904,173.3471439906529,169.50133260091147,4.603927039102747,5,2,2024,1,174.83999633789062
2024-05-17,5303.27001953125,18546.23046875,11.989999771118164,5.33,313.175,3.9,1.4985188920464187,0.11647735102702228,-0.06320990107429036,0.4885285464054867,3.292805679333921,173.7385733468192,169.9199996948242,4.552936297396542,5,2,2024,1,177.4600067138672
2024-05-20,5308.1298828125,18674.189453125,12.149999618530272,5.33,313.175,3.9,-1.4144086952910362,0.09163899374069473,0.6899460490939591,1.4985188920464187,-2.005067585133169,174.16428702218192,169.98566640218098,4.48025831127796,5,2,2024,1,174.9499969482422
2024-05-21,5321.41015625,18713.80078125,11.859999656677246,5.33,313.175,3.9,6.65905079079252,0.2501874243978186,0.21211805858791788,-1.4144086952910362,0.4885285464054867,176.75428771972656,170.3096664428711,4.622199897350525,5,2,2024,1,186.6000061035156
2024-05-22,5307.009765625,18705.19921875,12.289999961853027,5.33,313.175,3.9,-3.478030697149992,-0.2706123039226127,-0.045963738743115545,6.65905079079252,1.4985188920464187,177.92857360839844,170.58799997965494,4.637205785448159,5,2,2024,1,180.11000061035156
2024-05-23,5267.83984375,18623.390625,12.770000457763672,5.33,313.175,3.9,-3.5367248323807887,-0.7380789485015526,-0.43735751110308696,-3.478030697149992,-1.4144086952910362,177.38428824288505,170.55933329264323,4.679942745786742,5,2,2024,1,173.74000549316406
2024-05-24,5304.72021484375,18808.349609375,11.93000030517578,5.33,313.175,3.9,3.165649721483632,0.700104258816947,0.9931541903369201,-3.5367248323807887,6.65905079079252,178.13428824288505,170.83233337402345,4.695059669940039,5,2,2024,1,179.24000549316406
2024-05-28,5306.0400390625,18869.439453125,12.920000076293944,5.33,313.175,3.9,-1.389201861667555,0.02488018529340774,0.32480172380222605,3.165649721483632,-3.478030697149992,178.40714590890067,171.3413335164388,4.575553956643932,5,2,2024,1,176.75
2024-05-29,5266.9501953125,18736.75,14.279999732971191,5.33,313.175,3.9,-0.3168303018918017,-0.7367046509680453,-0.7031976411097096,-1.389201861667555,-3.5367248323807887,178.22571672712053,171.97733357747396,4.540320138418061,5,2,2024,1,176.19000244140625
2024-05-30,5235.47998046875,18538.66015625,14.470000267028809,5.33,313.175,3.9,1.4756744473008343,-0.5975035585443322,-1.0572262732330806,-0.3168303018918017,3.165649721483632,178.7742876325335,172.75533345540364,4.534352614228541,5,2,2024,1,178.7899932861328
2024-05-31,5277.509765625,18536.650390625,12.920000076293944,5.33,313.175,3.9,-0.3971091681523098,0.802787620486467,-0.010840943240020273,1.4756744473008343,-1.389201861667555,177.55714416503906,173.69366709391275,4.471839012531409,5,2,2024,1,178.0800018310547
2024-06-03,5283.39990234375,18600.970703125,13.109999656677246,5.33,313.175,3.9,-1.00517100545634,0.11160825806737495,0.3469899423281575,-0.3971091681523098,-0.3168303018918017,177.0114288330078,174.6683334350586,4.456665199962155,6,2,2024,1,176.2899932861328
2024-06-04,5291.33984375,18654.83984375,13.15999984741211,5.33,313.175,3.9,-0.8622094682395387,0.15028090913065117,0.289603921670345,-1.00517100545634,1.4756744473008343,177.15857151576452,175.75900014241537,4.399925290712216,6,2,2024,1,174.77000427246094
2024-06-05,5354.02978515625,19035.05078125,12.630000114440918,5.33,313.175,3.9,0.13159908560766986,1.1847649793331305,2.03813562959847,-0.8622094682395387,-0.3971091681523098,176.5528564453125,176.76966705322266,4.396714816039735,6,2,2024,1,175.0
2024-06-06,5352.9599609375,19021.189453125,12.579999923706056,5.33,313.175,3.9,1.6800013950892811,-0.019981663563317653,-0.07282002178136127,0.13159908560766986,-1.00517100545634,176.72285679408483,177.29666697184246,3.848014995905165,6,2,2024,1,177.94000244140625
2024-06-07,5346.990234375,19000.94921875,12.220000267028809,5.33,313.175,3.9,-0.25851787543875737,-0.11152197300303701,-0.10640887850299485,1.6800013950892811,-0.8622094682395387,176.90714154924666,177.54000040690104,3.7502672698408546,6,2,2024,1,177.47999572753906
2024-06-10,5360.7900390625,19074.669921875,12.739999771118164,5.33,313.175,3.9,-2.0791089307163446,0.25808546645145203,0.387984317395329,-0.25851787543875737,0.13159908560766986,176.19285583496094,177.72333374023438,3.766114681032142,6,2,2024,1,173.7899932861328
2024-06-11,5375.31982421875,19210.1796875,12.850000381469728,5.33,313.175,3.9,-1.8010183238054034,0.27103813151374556,0.7104173554772553,-2.0791089307163446,1.6800013950892811,175.13285609654017,176.94366709391275,2.466372944190009,6,2,2024,0,170.66000366210938
2024-06-12,5421.02978515625,19465.1796875,12.039999961853027,5.33,313.175,3.9,3.8849112163094723,0.8503672791998707,1.327421211816815,-1.8010183238054034,-0.25851787543875737,175.27571323939733,176.74400024414064,2.3870162768311873,6,2,2024,0,177.2899932861328
2024-06-13,5433.740234375,19576.919921875,11.9399995803833,5.33,313.175,3.9,2.9217711832219218,0.23446558536817097,0.5740519027767066,3.8849112163094723,-2.0791089307163446,176.37571280343192,176.82666676839193,2.425423052647155,6,2,2024,0,182.47000122070312
2024-06-14,5431.60009765625,19659.80078125,12.65999984741211,5.33,313.175,3.9,-2.4442410719736185,-0.0393860697500914,0.4233600571782903,2.9217711832219218,-1.8010183238054034,176.8057120186942,176.76000010172527,2.4686530260334827,6,2,2024,0,178.00999450683594
2024-06-17,5473.22998046875,19902.75,12.75,5.33,313.175,3.9,5.2974598199923895,0.7664386564552705,1.2357664324946116,-2.4442410719736185,3.8849112163094723,178.16285487583704,176.96833343505858,2.6504596880338775,6,2,2024,0,187.44000244140625
2024-06-18,5487.02978515625,19908.859375,12.300000190734863,5.33,313.175,3.9,-1.3764414198944364,0.2521327394745754,0.030696134956231802,5.2974598199923895,2.9217711832219218,179.2171412876674,176.97166697184244,2.6414730807307847,6,2,2024,0,184.8600006103516
2024-06-20,5473.169921875,19752.30078125,13.279999732971191,5.33,313.175,3.9,-1.7797215597047944,-0.25259318472709014,-0.786376511085285,-1.3764414198944364,-2.4442410719736185,180.32857186453683,177.0970006306966,2.5669747971746464,6,2,2024,0,181.57000732421875
2024-06-21,5464.6201171875,19700.4296875,13.199999809265137,5.33,313.175,3.9,0.7930754665036233,-0.1562130321101196,-0.26260785679832477,-1.7797215597047944,5.2974598199923895,182.09285627092635,177.3733337402344,2.5459554886928846,6,2,2024,0,183.00999450683597
2024-06-24,5447.8701171875,19474.619140625,13.329999923706056,5.33,313.175,3.9,-0.23495584322593688,-0.3065171894990004,-1.1462214299735707,0.7930754665036233,-1.3764414198944364,182.84857177734375,177.72700042724608,2.525702771962755,6,2,2024,0,182.5800018310547
2024-06-25,5469.2998046875,19701.130859375,12.84000015258789,5.33,313.175,3.9,2.6125557150967094,0.39335900157368986,1.1631124445329322,-0.23495584322593688,-1.7797215597047944,183.54571533203125,178.35633392333983,2.524498477546799,6,2,2024,0,187.3500061035156
2024-06-26,5477.89990234375,19751.05078125,12.550000190734863,5.33,313.175,3.9,4.81451226037759,0.15724312002203256,0.2533860732732762,2.6125557150967094,0.7930754665036233,186.16857256208147,179.17233378092448,2.635795688962108,6,2,2024,0,196.3699951171875
2024-06-27,5482.8701171875,19789.029296875,12.239999771118164,5.33,313.175,3.9,0.5347064612041263,0.09073212238914774,0.19228605123660092,4.81451226037759,-0.23495584322593688,187.5942862374442,179.83466695149738,2.581774159439015,6,2,2024,0,197.4199981689453
2024-06-28,5460.47998046875,19682.869140625,12.4399995803833,5.33,313.175,3.9,0.2330091774560339,-0.4083652583445674,-0.5364596446717274,0.5347064612041263,2.6125557150967094,189.45428684779577,180.63100026448566,2.542334816094731,6,2,2024,0,197.8800048828125
2024-07-01,5475.08984375,19812.220703125,12.220000267028809,5.33,313.569,4.2,6.054171938510833,0.26755639309195,0.6571783898772221,0.2330091774560339,4.81451226037759,193.49571446010046,181.79833374023437,2.739843259119001,7,3,2024,0,209.8600006103516
2024-07-02,5509.009765625,20011.890625,12.029999732971191,5.33,313.569,4.2,10.197271435359356,0.6195317856513505,1.0078119200615632,6.054171938510833,0.5347064612041263,200.3885716029576,183.5916666666667,3.2465976161977856,7,3,2024,0,231.25999450683597
2024-07-03,5537.02001953125,20186.630859375,12.09000015258789,5.33,313.569,4.2,6.542422054051045,0.5084444409779065,0.8731820378665489,10.197271435359356,0.2330091774560339,209.50428553989954,185.97300008138023,3.3706018317387842,7,3,2024,0,246.38999938964844
2024-07-05,5567.18994140625,20391.970703125,12.479999542236328,5.33,313.569,4.2,2.082067005771493,0.5448765178485582,1.0172071069236344,6.542422054051045,6.054171938510833,218.67142813546317,188.13700002034506,3.215040217249272,7,3,2024,0,251.5200042724609
2024-07-08,5572.85009765625,20439.5390625,12.369999885559082,5.33,313.569,4.2,0.5645666924397386,0.10166989647510949,0.23327004568376442,2.082067005771493,10.197271435359356,226.7528577532087,190.56466674804688,3.1014802375218844,7,3,2024,0,252.94000244140625
2024-07-09,5576.97998046875,20453.01953125,12.510000228881836,5.33,313.569,4.2,3.712336538398886,0.07410719362856977,0.065952899959143,0.5645666924397386,6.542422054051045,236.02571323939733,193.51766611735027,3.0018354832786205,7,3,2024,0,262.3299865722656
2024-07-10,5633.91015625,20675.380859375,12.850000381469728,5.33,313.569,4.2,0.3545241645880992,1.0208065293514812,1.087180930841325,3.712336538398886,2.082067005771493,245.36571393694197,196.3183329264323,2.9894799504403418,7,3,2024,0,263.260009765625
2024-07-11,5584.5400390625,20211.359375,12.920000076293944,5.33,313.569,4.2,-8.444127539962887,-0.8763028841120457,-2.2443189198354974,0.3545241645880992,0.5645666924397386,249.81857081821985,198.46099955240885,3.452500196201602,7,3,2024,0,241.02999877929688
2024-07-12,5615.35009765625,20331.490234375,12.460000038146973,5.33,313.569,4.2,2.9871787680814554,0.5517027074430692,0.5943729817777355,-8.444127539962887,3.712336538398886,252.24285670689173,200.86233266194662,3.458562454892874,7,3,2024,0,248.22999572753903
2024-07-15,5631.22021484375,20386.880859375,13.119999885559082,5.33,313.569,4.2,1.776579679334911,0.28262026252154904,0.2724376047278154,2.9871787680814554,0.3545241645880992,253.1357138497489,203.3239995320638,3.4598064904059282,7,3,2024,0,252.63999938964844
2024-07-16,5667.2001953125,20398.619140625,13.1899995803833,5.33,313.569,4.2,1.5516142251486453,0.6389375498743188,0.05757762225113705,1.776579679334911,-8.444127539962887,253.855712890625,205.93999938964845,3.4467372253305077,7,3,2024,0,256.5599975585937
2024-07-17,5588.27001953125,19799.140625,14.479999542236328,5.33,313.569,4.2,-3.1415644041518753,-1.3927543241993745,-2.9388191009023013,1.5516142251486453,2.9871787680814554,253.22142682756697,208.346999613444,3.5169629705991827,7,3,2024,1,248.5
2024-07-18,5544.58984375,19705.08984375,15.93000030517578,5.33,313.569,4.2,0.2937608561525362,-0.7816403936922511,-0.47502456309261865,-3.1415644041518753,1.776579679334911,251.34999956403456,210.8289993286133,3.4997654412633454,7,3,2024,1,249.22999572753903
2024-07-19,5505.0,19522.619140625,16.520000457763672,5.33,313.569,4.2,-4.02439471622098,-0.7140265531926926,-0.9260079734316751,0.2937608561525362,1.5516142251486453,247.912854875837,212.96899922688803,3.625503960414313,7,3,2024,1,239.1999969482422
2024-07-22,5564.41015625,19822.869140625,14.90999984741211,5.33,313.569,4.2,5.146320115237035,1.079203564940956,1.5379596243580096,-4.02439471622098,-3.1415644041518753,249.40999712262834,215.42133229573568,3.698786094187748,7,3,2024,1,251.50999450683597
2024-07-23,5555.740234375,19754.33984375,14.720000267028809,5.33,313.569,4.2,-2.0396762498772314,-0.1558102589770738,-0.3457082644739651,5.146320115237035,0.2937608561525362,249.14571271623885,217.71799926757814,3.73752423208635,7,3,2024,1,246.3800048828125
2024-07-24,5427.1298828125,19032.390625,18.040000915527344,5.33,313.569,4.2,-12.334604589403686,-2.314909375473495,-3.6546360164924185,-2.0396762498772314,-4.02439471622098,243.90999930245536,219.12466634114583,4.446384917373327,7,3,2024,1,215.9900054931641
2024-07-25,5399.22021484375,18830.580078125,18.459999084472656,5.33,313.569,4.2,1.9723109396238891,-0.5142620237842288,-1.0603531151252787,-12.334604589403686,5.146320115237035,238.72285679408483,220.7776662190755,4.422862169653628,7,3,2024,1,220.25
2024-07-26,5459.10009765625,19023.66015625,16.389999389648438,5.33,313.569,4.2,-0.20431189477511102,1.1090468702846357,1.0253538516813654,1.9723109396238891,-2.0396762498772314,234.62285723005022,222.19466654459634,4.392206816520373,7,3,2024,1,219.8000030517578
2024-07-29,5463.5400390625,19059.490234375,16.600000381469727,5.33,313.569,4.2,5.595997671056185,0.08133101292933098,0.1883448181407399,-0.20431189477511102,-12.334604589403686,232.17571585518974,223.8490000406901,4.463026982834279,7,3,2024,1,232.1000061035156
2024-07-30,5436.43994140625,18796.26953125,17.690000534057617,5.33,313.569,4.2,-4.084450985365362,-0.49601718780302173,-1.3810479707912937,5.595997671056185,1.9723109396238891,229.80714416503906,225.33600006103515,4.5151886068477785,7,3,2024,1,222.6199951171875
2024-07-31,5522.2998046875,19362.4296875,16.360000610351562,5.33,313.569,4.2,4.244907202543402,1.5793398659167401,3.0120878789736683,-4.084450985365362,-0.20431189477511102,227.0300031389509,226.82366689046225,4.483402836973336,7,3,2024,1,232.07000732421875
2024-08-01,5446.68017578125,18890.390625,18.59000015258789,5.33,314.062,4.2,-6.554059651757438,-1.3693502993456064,-2.437912339094195,4.244907202543402,5.595997671056185,222.8128596714565,227.8903335571289,4.666519707802438,8,3,2024,1,216.8600006103516
2024-08-02,5346.56005859375,18440.849609375,23.38999938964844,5.33,314.062,4.2,-4.237758192170549,-1.8381860868696753,-2.3797338263088497,-6.554059651757438,-4.084450985365362,221.62428719656808,228.7603332519531,4.731608541409714,8,3,2024,1,207.6699981689453
2024-08-05,5186.330078125,17895.16015625,38.56999969482422,5.33,314.062,4.2,-4.232673647438423,-2.996879838863975,-2.959134013259246,-4.237758192170549,4.244907202543402,218.57143075125558,229.28933359781902,4.811325909705996,8,3,2024,1,198.8800048828125
2024-08-06,5240.02978515625,18077.919921875,27.709999084472656,5.33,314.062,4.2,0.8849529684359148,1.0354085880061037,1.021280413414849,-4.232673647438423,-6.554059651757438,215.83428737095423,229.8913335164388,4.810644091657886,8,3,2024,1,200.63999938964844
2024-08-07,5199.5,17867.369140625,27.850000381469727,5.33,314.062,4.2,-4.425839767656326,-0.7734647858502863,-1.1646847765667157,0.8849529684359148,-4.237758192170549,210.07142857142858,230.0383331298828,4.871703273675941,8,3,2024,1,191.75999450683597
2024-08-08,5319.31005859375,18413.8203125,23.790000915527344,5.33,314.062,4.2,3.6921162045623124,2.3042611519136447,3.058375117087242,-4.425839767656326,-4.232673647438423,206.67428588867188,230.12066650390625,4.839196866252173,8,3,2024,1,198.83999633789065
2024-08-09,5344.16015625,18513.099609375,20.3700008392334,5.33,314.062,4.2,0.5833854775063152,0.46716768495385086,0.5391564335381682,3.6921162045623124,0.8849529684359148,202.09285627092635,230.2066665649414,4.839336187953415,8,3,2024,1,200.0
2024-08-12,5344.39013671875,18542.029296875,20.709999084472656,5.33,314.062,4.2,-1.2549972534179554,0.004303397765514916,0.1562660392393278,0.5833854775063152,-4.425839767656326,199.32571411132812,230.19366658528645,4.846163769734396,8,3,2024,1,197.4900054931641
2024-08-13,5434.43017578125,19006.4296875,18.1200008392334,5.33,314.062,4.2,5.2357061371637315,1.6847579753558328,2.504582336644612,-1.2549972534179554,3.6921162045623124,199.34857177734375,230.1259999593099,4.813733437813948,8,3,2024,1,207.8300018310547
2024-08-14,5455.2099609375,19022.6796875,16.190000534057617,5.33,314.062,4.2,-3.10349655555765,0.38237284285767004,0.08549738308130106,5.2357061371637315,0.5833854775063152,199.7057146344866,229.13000030517577,4.448565794860366,8,3,2024,1,201.3800048828125
2024-08-15,5543.22021484375,19490.150390625,15.229999542236328,5.33,314.062,4.2,6.336276788880446,1.6133247764330783,2.4574387562872113,-3.10349655555765,-1.2549972534179554,201.63428606305803,228.05500030517578,4.43767889859484,8,3,2024,1,214.13999938964844
2024-08-16,5554.25,19508.51953125,14.800000190734863,5.33,314.062,4.2,0.9246267550119258,0.1989779357261412,0.09424832675399841,6.336276788880446,5.2357061371637315,205.1142861502511,226.875,4.420633889216342,8,3,2024,1,216.1199951171875
2024-08-19,5608.25,19766.490234375,14.649999618530272,5.33,314.062,4.2,3.0538618603692225,0.9722284736913167,1.3223489497076635,0.9246267550119258,-3.10349655555765,208.52571541922433,225.86766662597657,4.462671384167696,8,3,2024,1,222.72000122070312
2024-08-20,5597.1201171875,19719.8203125,15.880000114440918,5.33,314.062,4.2,-0.7273684933138069,-0.19845553982971165,-0.23610626530874423,3.0538618603692225,6.336276788880446,211.54000200544084,224.49333394368486,4.397321731813785,8,3,2024,1,221.1000061035156
2024-08-21,5620.85009765625,19824.83984375,16.270000457763672,5.33,314.062,4.2,0.9814554993405888,0.4239676828782013,0.5325582565447018,-0.7273684933138069,0.9246267550119258,215.22285897391183,223.16033376057942,4.402873821315214,8,3,2024,1,223.2700042724609
2024-08-22,5570.64013671875,19491.83984375,17.549999237060547,5.33,314.062,4.2,-5.6478704568676985,-0.8932805548120926,-1.679710921372124,0.9814554993405888,3.0538618603692225,215.62714494977678,222.14800059000652,4.254951616973759,8,3,2024,1,210.66000366210935
2024-08-23,5634.60986328125,19720.869140625,15.859999656677246,5.33,314.062,4.2,4.58558981020607,1.148337085011919,1.1750009168500108,-5.6478704568676985,-0.7273684933138069,218.3328595842634,221.21766764322916,4.307966799075592,8,3,2024,1,220.32000732421875
2024-08-26,5616.83984375,19516.439453125,16.149999618530273,5.33,314.062,4.2,-3.2271243527550397,-0.31537266931381813,-1.0366160134335778,4.58558981020607,0.9814554993405888,218.20000348772322,219.90333455403646,4.321433455398913,8,3,2024,1,213.2100067138672
2024-08-27,5625.7998046875,19581.51953125,15.43000030517578,5.33,314.062,4.2,-1.8760845523390857,0.15951960865450143,0.33346286489044363,-3.2271243527550397,-5.6478704568676985,217.2128622872489,218.32500152587892,4.311389258346333,8,3,2024,1,209.2100067138672
2024-08-28,5592.18017578125,19350.779296875,17.110000610351562,5.33,314.062,4.2,-1.653843794670573,-0.597597320797616,-1.178357144381792,-1.8760845523390857,4.58558981020607,214.78857639857702,216.9000015258789,4.289483303342517,8,3,2024,1,205.75
2024-08-29,5591.9599609375,19325.44921875,15.649999618530272,5.33,314.062,4.2,0.2575935743848623,-0.003937906806072977,-0.13089952469815813,-1.653843794670573,-3.2271243527550397,212.6714324951172,215.4683349609375,4.289246962600691,8,3,2024,1,206.27999877929688
2024-08-30,5648.39990234375,19574.640625,15.0,5.33,314.062,4.2,3.795812428442069,1.0093051774424433,1.2894469020064525,0.2575935743848623,-1.8760845523390857,211.36286054338728,214.6320017496745,4.307637938792712,8,3,2024,1,214.1100006103516
2024-09-03,5528.93017578125,18958.740234375,20.71999931335449,5.33,314.062,4.2,-1.6393416920415849,-2.115107439771169,-3.1464199135201265,3.795812428442069,-1.653843794670573,211.35428946358817,213.2683354695638,4.189575974250541,9,3,2024,1,210.6000061035156
2024-09-04,5520.06982421875,18921.400390625,21.31999969482422,5.33,314.062,4.2,4.183284569452206,-0.16025435809103872,-0.19695319039341186,-1.6393416920415849,0.2575935743848623,211.2242889404297,212.3693354288737,4.264272595174134,9,3,2024,1,219.41000366210935
2024-09-05,5503.41015625,18930.330078125,19.899999618530277,5.33,314.062,4.2,4.904058305110981,-0.3018017615584734,0.04719358670950413,4.183284569452206,3.795812428442069,213.6471448625837,212.84200185139974,3.7117652402825754,9,3,2024,1,230.1699981689453
2024-09-06,5408.419921875,18421.310546875,22.3799991607666,5.33,314.062,4.2,-8.445932396079382,-1.7260249859284649,-2.6889099616820733,4.904058305110981,-1.6393416920415849,213.86428615025108,212.52466837565103,4.022235290132221,9,3,2024,1,210.72999572753903
2024-09-09,5471.0498046875,18660.779296875,19.450000762939453,5.33,314.062,4.2,2.6289605928169646,1.15800702824842,1.299955013464693,-8.445932396079382,4.183284569452206,215.36714390345978,212.4070017496745,4.052088829739507,9,3,2024,1,216.2700042724609
2024-09-10,5495.52001953125,18829.140625,19.07999992370605,5.33,314.062,4.2,4.577608406578748,0.4472672652839682,0.9022202419659564,2.6289605928169646,4.904058305110981,218.20857238769528,212.20933481852214,4.007840737559496,9,3,2024,1,226.1699981689453
2024-09-11,5554.1298828125,19237.30078125,17.690000534057617,5.33,314.062,4.2,0.8666077418469476,1.0665025888896507,2.167704646637314,4.577608406578748,-8.445932396079382,220.21143014090399,212.39300181070965,3.935477158842312,9,3,2024,1,228.1300048828125
2024-09-12,5595.759765625,19423.0703125,17.06999969482422,5.33,314.062,4.2,0.7364189890953776,0.7495302358939249,0.9656735805215755,0.8666077418469476,2.6289605928169646,222.95571463448658,212.31766815185546,3.861239550110149,9,3,2024,1,229.80999755859372
2024-09-13,5626.02001953125,19514.58984375,16.559999465942383,5.33,314.062,4.2,0.20886633855723424,0.5407711405364557,0.4711898262094172,0.7364189890953776,4.577608406578748,224.50999886648995,212.7653345743815,3.6548852893719035,9,3,2024,1,230.2899932861328
2024-09-16,5633.08984375,19423.060546875,17.139999389648438,5.33,314.062,4.2,-1.5241628421408637,0.12566297656613212,-0.4690300826605043,0.20886633855723424,0.8666077418469476,224.02571323939733,213.40233459472657,3.5722374916057174,9,3,2024,1,226.77999877929688
2024-09-17,5634.580078125,19432.400390625,17.610000610351562,5.33,314.062,4.2,0.4806404196833203,0.026455008109871336,0.04808636480053696,-1.5241628421408637,0.7364189890953776,226.47428458077567,214.36866760253906,3.465520445076525,9,3,2024,0,227.8699951171875
2024-09-18,5618.259765625,19344.490234375,18.229999542236328,5.33,314.062,4.2,-0.2940264990135111,-0.2896455862498093,-0.4523895889486318,0.4806404196833203,0.20886633855723424,228.03571210588728,215.25400085449218,3.467841795126344,9,3,2024,0,227.1999969482422
2024-09-19,5713.64013671875,19839.830078125,16.329999923706055,5.33,314.062,4.2,7.359155565707187,1.697685316676334,2.5606249518520974,-0.2940264990135111,-1.5241628421408637,230.57142639160156,216.99266764322917,3.559954215840221,9,3,2024,1,243.9199981689453
2024-09-20,5702.5498046875,19791.490234375,16.149999618530273,5.33,314.062,4.2,-2.324531900421767,-0.19410273951238066,-0.24365049276958706,7.359155565707187,0.4806404196833203,232.0171399797712,218.30633443196615,3.5647603267749908,9,3,2024,1,238.25
2024-09-23,5718.56982421875,19852.19921875,15.890000343322754,5.33,314.062,4.2,4.931794333683115,0.2809273058532735,0.306742866030163,-2.324531900421767,-0.2940264990135111,234.90142604282923,219.9730010986328,3.648700901461021,9,3,2024,1,250.0
2024-09-24,5732.93017578125,19944.83984375,15.390000343322754,5.33,314.062,4.2,1.7080017089843746,0.25111788443470395,0.46665169928630235,4.931794333683115,7.359155565707187,238.32714189801897,221.86566772460938,3.630907757500946,9,3,2024,1,254.2700042724609
2024-09-25,5722.259765625,19972.609375,15.40999984741211,5.33,314.062,4.2,1.081521490936166,-0.18612489301417234,0.13923165825120432,1.7080017089843746,-2.324531900421767,242.6471405029297,223.50533396402994,3.5382716435677533,9,3,2024,1,257.0199890136719
2024-09-26,5745.3701171875,20115.5390625,15.369999885559082,5.33,314.062,4.2,-1.089404681602335,0.403867571712313,0.7156285131120876,1.081521490936166,4.931794333683115,246.4114270891462,225.26666717529298,3.4808573173024886,9,3,2024,0,254.22000122070312
2024-09-27,5738.169921875,20008.619140625,16.959999084472656,5.33,314.062,4.2,2.4545630573566513,-0.12532169669905446,-0.5315289913076393,-1.089404681602335,1.7080017089843746,251.16285487583704,226.8106669108073,3.338685752884412,9,3,2024,0,260.4599914550781
2024-09-30,5762.47998046875,20060.689453125,16.729999542236328,5.33,314.062,4.2,0.4492104223754234,0.42365525811767224,0.26023941049624355,2.4545630573566513,1.081521490936166,253.69285583496094,228.32766723632812,3.3387553894828903,9,3,2024,0,261.6300048828125
2024-10-01,5708.75,19773.30078125,19.26000022888184,4.83,315.631,4.1,-1.3798172234708361,-0.9324107094664358,-1.4325961854228852,0.4492104223754234,-1.089404681602335,256.51713997977123,229.50433349609375,3.328769896513062,10,4,2024,0,258.0199890136719
2024-10-02,5709.5400390625,19802.58984375,18.899999618530277,4.83,315.631,4.1,-3.488095932262858,0.013839090212397487,0.14812429560457918,-1.3798172234708361,2.4545630573566513,256.3771405901228,230.43500010172525,3.4025122074418745,10,4,2024,0,249.0200042724609
2024-10-03,5699.93994140625,19793.33984375,20.489999771118164,4.83,315.631,4.1,-3.357160254966751,-0.1681413492255035,-0.04671106190142771,-3.488095932262858,0.4492104223754234,254.43285478864397,231.01466674804686,3.470811035742104,10,4,2024,0,240.66000366210935
2024-10-04,5751.06982421875,20035.01953125,19.209999084472656,4.83,315.631,4.1,3.914235030998836,0.8970249395274354,1.2210151970705185,-3.357160254966751,-1.3798172234708361,253.4414280482701,232.32866668701172,3.341586867050875,10,4,2024,0,250.0800018310547
2024-10-07,5695.93994140625,19800.740234375,22.63999938964844,4.83,315.631,4.1,-3.698816351676526,-0.9586022165882668,-1.1693489817146352,3.914235030998836,-3.488095932262858,251.52857099260603,233.01233317057293,3.3455187375391255,10,4,2024,0,240.8300018310547
2024-10-08,5751.1298828125,20107.779296875,21.420000076293945,4.83,315.631,4.1,1.5238957526229946,0.9689347495581924,1.5506443641281953,-3.698816351676526,-3.357160254966751,249.24857221330916,234.05533294677736,3.2821329949325215,10,4,2024,0,244.5
2024-10-09,5792.0400390625,20268.859375,20.86000061035156,4.83,315.631,4.1,-1.4110416966225725,0.7113411987488272,0.8010833804508399,1.5238957526229946,3.914235030998836,246.3085719517299,235.11666615804037,3.2715575984210914,10,4,2024,0,241.0500030517578
2024-10-10,5780.0498046875,20241.759765625,20.93000030517578,4.83,315.631,4.1,-0.9458613360014523,-0.2070122839989974,-0.13370071237667203,-1.4110416966225725,-3.698816351676526,243.55857413155692,236.2173329671224,3.257821694351975,10,4,2024,0,238.7700042724609
2024-10-11,5815.02978515625,20271.970703125,20.459999084472656,4.83,315.631,4.1,-8.782510719719294,0.6051847587953629,0.14925054861734122,-0.9458613360014523,1.5238957526229946,239.09857395717077,236.60133310953776,3.676829254334247,10,4,2024,1,217.8000030517578
2024-10-14,5859.85009765625,20439.05078125,19.700000762939453,4.83,315.631,4.1,0.6244263504570968,0.770766688322233,0.8241925788657678,-8.782510719719294,-1.4110416966225725,236.0271453857422,236.76966654459636,3.6163860689015124,10,4,2024,1,219.16000366210935
2024-10-15,5815.259765625,20159.830078125,20.63999938964844,4.83,315.631,4.1,0.18707960177877236,-0.7609466332438197,-1.3661138480126844,0.6244263504570968,-0.9458613360014523,231.6685747419085,237.06866658528645,3.6007076199534196,10,4,2024,1,219.57000732421875
2024-10-16,5842.47021484375,20174.05078125,19.57999992370605,4.83,315.631,4.1,0.8015641700267029,0.4679145956573816,0.07053979656519438,0.18707960177877236,-8.782510719719294,228.8828604561942,237.1326665242513,3.5239069759561765,10,4,2024,1,221.3300018310547
2024-10-17,5841.47021484375,20190.419921875,19.11000061035156,4.83,315.631,4.1,-0.1987992760882462,-0.017116047891174713,0.08113958273672228,0.8015641700267029,0.6244263504570968,225.51000322614397,236.82333323160807,3.4046572056637086,10,4,2024,0,220.88999938964844
2024-10-18,5864.669921875,20324.0390625,18.030000686645508,4.83,315.631,4.1,-0.08601676940163117,0.39715527389487804,0.6617947578209327,-0.1987992760882462,0.18707960177877236,222.6028594970703,237.15566660563152,3.0162991838731177,10,4,2024,0,220.6999969482422
2024-10-21,5853.97998046875,20361.470703125,18.3700008392334,4.83,315.631,4.1,-0.8382378207102748,-0.18227694906369774,0.18417422102905423,-0.08601676940163117,0.8015641700267029,219.75714547293524,237.24166666666667,2.9862360843265634,10,4,2024,0,218.8500061035156
2024-10-22,5851.2001953125,20390.4609375,18.200000762939453,4.83,315.631,4.1,-0.4021041161845984,-0.04748538883844189,0.14237789989575145,-0.8382378207102748,-0.1987992760882462,219.7814309256417,236.96833343505858,2.8636656553079343,10,4,2024,0,217.97000122070312
2024-10-23,5797.419921875,20066.9609375,19.239999771118164,4.83,315.631,4.1,-1.9819274670942244,-0.9191323428069387,-1.5865261751148219,-0.4021041161845984,-0.08601676940163117,218.9942866734096,236.48566640218098,2.878278056268821,10,4,2024,0,213.6499938964844
2024-10-24,5809.85986328125,20232.869140625,19.07999992370605,4.83,315.631,4.1,21.919035070290406,0.2145772011323821,0.8267729410633473,-1.9819274670942244,-0.8382378207102748,224.8385729108538,237.50800018310548,4.957535842978714,10,4,2024,1,260.4800109863281
2024-10-25,5808.1201171875,20352.01953125,20.32999992370605,4.83,315.631,4.1,3.343823359841336,-0.029944716993013376,0.5888951774306816,21.919035070290406,-0.4021041161845984,231.67571585518974,238.8046671549479,4.983548090812435,10,4,2024,1,269.19000244140625
2024-10-28,5823.52001953125,20351.0703125,19.799999237060547,4.83,315.631,4.1,-2.4815158866218545,0.26514435020339455,-0.004664002746967988,3.343823359841336,-1.9819274670942244,237.6214316231864,239.99566752115885,5.0008697053573625,10,4,2024,1,262.510009765625
2024-10-29,5832.919921875,20550.650390625,19.34000015258789,4.83,315.631,4.1,-1.139012091242797,0.1614127248163344,0.9806859052637451,-2.4815158866218545,21.919035070290406,243.16714477539062,241.05066731770833,5.010942407004904,10,4,2024,1,259.5199890136719
2024-10-30,5813.669921875,20387.69921875,20.350000381469727,4.83,315.631,4.1,-0.7590942139718337,-0.3300233889343751,-0.7929246460702588,-1.139012091242797,3.343823359841336,248.69571358816964,242.0623336791992,5.014351092416747,10,4,2024,1,257.54998779296875
2024-10-31,5705.4501953125,19890.419921875,23.15999984741211,4.83,315.631,4.1,-2.9897037679701866,-1.8614700871699585,-2.439114348016602,-0.7590942139718337,-2.4815158866218545,253.25,242.26000061035157,4.882666314705442,10,4,2024,1,249.8500061035156
2024-11-01,5728.7998046875,20033.140625,21.8799991607666,4.64,316.528,4.2,-0.3482130697311736,0.4092509543626166,0.71753489210169,-2.9897037679701866,-1.139012091242797,258.2971431187221,242.61766713460287,4.860907301528935,11,4,2024,1,248.97999572753903
2024-11-04,5712.68994140625,19963.599609375,21.979999542236328,4.64,316.528,4.2,-2.4660613282231014,-0.2812083478299976,-0.34712987307750076,-0.3482130697311736,-0.7590942139718337,255.77714102608817,242.37900034586588,4.802614866968062,11,4,2024,1,242.83999633789065
2024-11-05,5782.759765625,20227.4609375,20.489999771118164,4.64,316.528,4.2,3.541429020427689,1.2265644545291332,1.321712182612056,-2.4660613282231014,-2.9897037679701866,253.2414267403739,242.2846669514974,4.836572374105342,11,4,2024,1,251.44000244140625
2024-11-06,5929.0400390625,20781.330078125,16.270000457763672,4.64,316.528,4.2,14.751032444224466,2.5295927786425976,2.738203980896947,3.541429020427689,-0.3482130697311736,256.95856802804127,243.33500061035156,5.529716170923455,11,4,2024,1,288.5299987792969
2024-11-07,5973.10009765625,21101.5703125,15.199999809265137,4.64,316.528,4.2,2.904379065700735,0.7431229727488331,1.540999701034984,14.751032444224466,-2.4660613282231014,262.29999869210377,244.75800069173178,5.537647508099188,11,4,2024,1,296.9100036621094
2024-11-08,5995.5400390625,21117.1796875,14.9399995803833,4.64,316.528,4.2,8.187665372925302,0.3756833309231711,0.07397257535262103,2.904379065700735,3.541429020427689,271.39571489606584,246.78333435058593,5.698467971080746,11,4,2024,1,321.2200012207031
2024-11-11,6001.35009765625,21106.58984375,14.970000267028809,4.64,316.528,4.2,8.959591143118995,0.09690634297987444,-0.05014800227450822,8.187665372925302,14.751032444224466,285.7028568812779,249.7290008544922,5.886731009712571,11,4,2024,1,350.0
2024-11-12,5983.990234375,21070.7890625,14.710000038146973,4.64,316.528,4.2,-6.145717075892854,-0.289265965137242,-0.1696189745242105,8.959591143118995,2.904379065700735,297.0614275251116,252.0780008951823,6.019610284059199,11,4,2024,1,328.489990234375
2024-11-13,5985.3798828125,21036.16015625,14.020000457763672,4.64,316.528,4.2,0.5327407385385952,0.023222772482434095,-0.16434555985199717,-6.145717075892854,8.187665372925302,309.5471409388951,254.78533376057942,5.961378414744681,11,4,2024,1,330.239990234375
2024-11-14,5949.169921875,20896.669921875,14.3100004196167,4.64,316.528,4.2,-5.771559508909463,-0.6049734794859041,-0.6630974157779246,0.5327407385385952,8.959591143118995,318.08142525809154,257.13600006103513,6.03948586706617,11,4,2024,1,311.17999267578125
2024-11-15,5870.6201171875,20394.130859375,16.139999389648438,4.64,316.528,4.2,3.0657525449785616,-1.3203489851361216,-2.404876300285208,-5.771559508909463,-6.145717075892854,322.6799970354353,259.49066670735675,6.027462986481076,11,4,2024,1,320.7200012207031
2024-11-18,5893.6201171875,20539.189453125,15.579999923706056,4.64,316.528,4.2,5.618604684798378,0.3917814394541086,0.711276174259301,3.0657525449785616,0.5327407385385952,328.6557094029018,262.7543329874674,6.017223203435659,11,4,2024,1,338.739990234375
2024-11-19,5916.97998046875,20684.58984375,16.350000381469727,4.64,316.528,4.2,2.1432396454288627,0.3963584828470035,0.7079168871626518,5.618604684798378,-5.771559508909463,332.1957092285156,266.1376663208008,6.019054782141632,11,4,2024,1,346.0
2024-11-20,5917.10986328125,20667.099609375,17.15999984741211,4.64,316.528,4.2,-1.1473991967350106,0.002195086225209586,-0.0845568343734171,2.1432396454288627,3.0657525449785616,331.057137625558,269.5036661783854,6.015109285439974,11,4,2024,1,342.0299987792969
2024-11-21,5948.7099609375,20740.779296875,16.8700008392334,4.64,316.528,4.2,-0.6987644766217049,0.5340461540581654,0.3565071485240212,-1.1473991967350106,5.618604684798378,332.6499982561384,272.86599985758465,6.01204457134363,11,4,2024,1,339.6400146484375
2024-11-22,5969.33984375,20776.23046875,15.239999771118164,4.64,316.528,4.2,3.8040225983177356,0.3467959094991535,0.1709249752266606,-0.6987644766217049,2.1432396454288627,335.8385707310268,277.3579996744792,5.712661698622495,11,4,2024,1,352.5599975585937
2024-11-25,5987.3701171875,20804.890625,14.600000381469728,4.64,316.528,4.2,-3.9624464821427563,0.3020480305938378,0.13794685370431825,3.8040225983177356,-1.1473991967350106,339.75428553989957,281.33899943033856,5.80486119690566,11,4,2024,1,338.5899963378906
2024-11-26,6021.6298828125,20922.900390625,14.100000381469728,4.64,316.528,4.2,-0.1063189566898104,0.5722005647630368,0.5672212738441207,-3.9624464821427563,-0.6987644766217049,342.2557155064174,285.29433288574216,5.807590216219573,11,4,2024,1,338.2300109863281
2024-11-27,5998.740234375,20744.490234375,14.100000381469728,4.64,316.528,4.2,-1.5788061864523528,-0.3801238017440034,-0.8527027941591769,-0.1063189566898104,3.8040225983177356,341.42000470842635,289.0129999796549,5.83509415189074,11,4,2024,1,332.8900146484375
2024-11-29,6032.3798828125,20930.369140625,13.510000228881836,4.64,316.528,4.2,3.685898787510977,0.5607785488815242,0.8960398840844208,-1.5788061864523528,-3.9624464821427563,341.3000052315848,293.15533345540365,5.838685423390575,11,4,2024,1,345.1600036621094
2024-12-02,6047.14990234375,21164.599609375,13.34000015258789,4.64,316.528,4.2,3.4563659025395044,0.24484564662998753,1.1190938257050087,3.685898787510977,-0.1063189566898104,343.45143345424106,297.70166676839193,5.838148237826173,12,4,2024,1,357.0899963378906
2024-12-03,6049.8798828125,21229.3203125,13.300000190734863,4.64,316.528,4.2,-1.5878302299992542,0.04514491145146682,0.30579696436274784,3.4563659025395044,-1.5788061864523528,345.13429042271207,302.1206670125326,5.851284843527194,12,4,2024,1,351.4200134277344
2024-12-04,6086.490234375,21492.359375,13.449999809265137,4.64,316.528,4.2,1.8524782309774723,0.6051417924264779,1.2390366654608354,-1.5878302299992542,3.685898787510977,345.9014325823103,306.78600006103517,5.837220015143008,12,4,2024,1,357.92999267578125
2024-12-05,6075.10986328125,21425.220703125,13.539999961853027,4.64,316.528,4.2,3.2296811653515167,-0.18697756269248078,-0.31238390678082206,1.8524782309774723,3.4563659025395044,350.3157174246652,311.9806666056315,5.7975844771145395,12,4,2024,1,369.489990234375
2024-12-06,6090.27001953125,21622.25,12.770000457763672,4.64,316.528,4.2,5.3397958017247005,0.24954538421815275,0.9196138495145778,3.2296811653515167,-1.5878302299992542,357.6000017438616,316.271999613444,4.471230384701227,12,4,2024,1,389.2200012207031
2024-12-09,6052.85009765625,21440.8203125,14.1899995803833,4.64,316.528,4.2,0.14644862094215227,-0.6144213927296471,-0.8390879186948585,5.3397958017247005,1.8524782309774723,365.7285723005022,320.29199981689453,4.462411407292281,12,4,2024,1,389.7900085449219
2024-12-10,6034.91015625,21368.1796875,14.18000030517578,4.64,316.528,4.2,2.873337295448497,-0.2963883313944371,-0.3387959226431758,0.14644862094215227,3.2296811653515167,373.70428466796875,324.90799916585286,4.411309831432615,12,4,2024,1,400.989990234375
2024-12-11,6084.18994140625,21763.98046875,13.579999923706056,4.64,316.528,4.2,5.930322291934931,0.8165786048233592,1.8522905883346485,2.873337295448497,5.3397958017247005,383.3728550502232,330.4163324991862,4.453371341256654,12,4,2024,1,424.7699890136719
2024-12-12,6051.25,21615.26953125,13.920000076293944,4.64,316.528,4.2,-1.5702575706076027,-0.5414022527810203,-0.6832892434981197,5.930322291934931,0.14644862094215227,392.8985682896205,335.7679997762044,4.471547909403586,12,4,2024,1,418.1000061035156
2024-12-13,6051.08984375,21780.25,13.8100004196167,4.64,316.528,4.2,4.336284290396253,-0.0026466639124200775,0.7632589013589763,-1.5702575706076027,2.873337295448497,404.0842851911272,341.9806666056315,4.404926058752622,12,4,2024,1,436.2300109863281
2024-12-16,6074.080078125,22096.66015625,14.6899995803833,4.64,316.528,4.2,6.141250567967771,0.3799354326022186,1.4527388631902838,4.336284290396253,5.930322291934931,417.44571358816967,349.1153330485026,4.446513783729503,12,4,2024,1,463.0199890136719
2024-12-17,6050.60986328125,22001.080078125,15.869999885559082,4.64,316.528,4.2,3.6369912179738284,-0.3863994965801476,-0.43255441070791933,6.141250567967771,-1.5702575706076027,430.39428274972096,357.01599934895836,4.365388599970248,12,4,2024,1,479.8599853515625
2024-12-18,5872.16015625,21209.3203125,27.6200008392334,4.64,316.528,4.2,-8.27949436951747,-2.949284635160343,-3.598731347795159,3.6369912179738284,4.336284290396253,437.58571079799106,363.3056660970052,4.7720181793960945,12,4,2024,1,440.1300048828125
2024-12-19,5867.080078125,21110.509765625,24.09000015258789,4.64,316.528,4.2,-0.8997322180141931,-0.08651123249070469,-0.46588266582388016,-8.27949436951747,6.141250567967771,442.6114283970424,368.2269999186198,4.1430607944926106,12,4,2024,1,436.1700134277344
2024-12-20,5930.85009765625,21289.150390625,18.36000061035156,4.64,316.528,4.2,-3.4642491239586515,1.0869123768910471,0.8462165385076936,-0.8997322180141931,3.6369912179738284,442.0814296177455,372.3653330485026,4.2292884539930204,12,4,2024,1,421.05999755859375
2024-12-23,5974.06982421875,21503.169921875,16.780000686645508,4.64,316.528,4.2,2.2657123925894362,0.7287273468533639,1.005298601978244,-3.4642491239586515,-8.27949436951747,443.8671439034598,376.01133321126304,4.028095310216592,12,4,2024,1,430.6000061035156
2024-12-24,6040.0400390625,21797.650390625,14.270000457763672,4.64,316.528,4.2,7.357174228224572,1.104275925539211,1.3694746859179485,2.2657123925894362,-0.8997322180141931,447.5885707310268,379.7539998372396,3.9291435828469052,12,4,2024,1,462.2799987792969
2024-12-26,6037.58984375,21768.310546875,14.729999542236328,4.64,316.528,4.2,-1.7629994630971146,-0.040565878647391695,-0.13460094654338395,7.357174228224572,-3.4642491239586515,446.3185729980469,383.94200032552084,3.730489765884487,12,4,2024,1,454.1300048828125
2024-12-27,5970.83984375,21473.01953125,15.949999809265137,4.64,316.528,4.2,-4.947922616674816,-1.1055736101235558,-1.356517838116711,-1.7629994630971146,2.2657123925894362,439.432861328125,387.3226674397786,3.8925834422660532,12,4,2024,1,431.6600036621094
2024-12-30,5906.93994140625,21197.08984375,17.399999618530273,4.64,316.528,4.2,-3.301209257078741,-1.0701995701766776,-1.2850064570492092,-4.947922616674816,7.357174228224572,436.18714686802457,390.86366780598956,3.7692230688508817,12,4,2024,1,417.4100036621094
2024-12-31,5881.6298828125,21012.169921875,17.350000381469727,4.64,316.528,4.2,-3.2510019417751113,-0.42848003949274016,-0.8723835358443011,-3.301209257078741,-1.7629994630971146,431.5685729980469,393.63433430989585,3.828844798957212,12,4,2024,1,403.8399963378906
2025-01-02,5868.5498046875,20975.619140625,17.93000030517578,4.64,316.528,4.2,-6.081615932376483,-0.22238866412221947,-0.17395053145818906,-3.2510019417751113,-4.947922616674816,425.6000017438616,394.9856679280599,3.920319359366019,1,1,2025,1,379.2799987792969
2025-01-03,5942.47021484375,21326.16015625,16.1299991607666,4.64,316.528,4.2,8.215567328200034,1.259602672149196,1.6711831640100705,-6.081615932376483,-3.301209257078741,422.7200012207031,397.1336680094401,4.160082128695911,1,1,2025,1,410.4400024414063
2025-01-06,5975.3798828125,21559.5,16.040000915527344,4.64,316.528,4.2,0.14861742226248698,0.5538045085450305,1.0941484169695537,8.215567328200034,-3.2510019417751113,415.40142822265625,399.43433430989586,4.147436371517129,1,1,2025,1,411.0499877929688
2025-01-07,5909.02978515625,21173.0390625,17.81999969482422,4.64,316.528,4.2,-4.060334007311162,-1.110391288210788,-1.792532004452796,0.14861742226248698,-6.081615932376483,406.86285400390625,401.2583333333333,4.231030276425515,1,1,2025,1,394.3599853515625
2025-01-08,5918.25,21180.970703125,17.700000762939453,4.64,316.528,4.2,0.14707807875760093,0.1560360190925314,0.037461039964958864,-4.060334007311162,8.215567328200034,401.6171395438058,402.67100016276044,4.187562158103012,1,1,2025,1,394.9400024414063
2025-01-10,5827.0400390625,20847.580078125,19.540000915527344,4.64,316.528,4.2,-0.050643694180096954,-1.541164380306681,-1.5740101323628797,0.14707807875760093,0.14861742226248698,398.3785661969866,404.54266662597655,4.105080573657964,1,1,2025,1,394.739990234375
2025-01-13,5836.22021484375,20784.720703125,19.190000534057617,4.64,316.528,4.2,2.1710512074366584,0.15754440882007614,-0.30151880824746957,-0.050643694180096954,-4.060334007311162,398.30285208565846,406.7119995117188,4.112732890642984,1,1,2025,1,403.30999755859375
2025-01-14,5842.91015625,20757.41015625,18.709999084472656,4.64,316.528,4.2,-1.7232432245921525,0.11462798112440442,-0.1313972281133169,2.1710512074366584,0.14707807875760093,400.7428501674107,408.8276652018229,4.115539734448185,1,1,2025,1,396.3599853515625
2025-01-15,5949.91015625,21237.849609375,16.1200008392334,4.64,316.528,4.2,8.038151439752795,1.8312792279639112,2.314544297715959,-1.7232432245921525,-0.050643694180096954,403.28284999302457,411.59633178710936,4.298345549516387,1,1,2025,1,428.2200012207031
2025-01-16,5937.33984375,21091.25,16.600000381469727,4.64,316.528,4.2,-3.362756026209668,-0.21126894641922966,-0.6902752023928427,8.038151439752795,2.1710512074366584,403.67856706891746,413.4873321533203,4.3337437446908424,1,1,2025,1,413.8200073242188
2025-01-17,5996.66015625,21441.16015625,15.970000267028809,4.64,316.528,4.2,3.0641323404759113,0.9991058969353706,1.659029959106273,-3.362756026209668,-1.7232432245921525,408.26999773297996,415.98999837239586,4.336619945981494,1,1,2025,1,426.5
2025-01-21,6049.240234375,21566.509765625,15.0600004196167,4.64,316.528,4.2,-0.5697520927974709,0.8768227105582893,0.5846213939056044,3.0641323404759113,8.038151439752795,412.4314270019531,418.1946655273438,4.337702637092975,1,1,2025,1,424.0700073242188
2025-01-22,6086.3701171875,21853.0,15.100000381469728,4.64,316.528,4.2,-2.112863871036752,0.6137941522227575,1.3284033322426447,-0.5697520927974709,-3.362756026209668,415.34142630440846,419.71533203125,4.338117206192161,1,1,2025,1,415.1099853515625
2025-01-23,6118.7099609375,21900.9296875,15.020000457763672,4.64,316.528,4.2,-0.6576523247056931,0.531348622041139,0.21932772388231214,-2.112863871036752,3.0641323404759113,416.6371416364397,420.4873321533203,4.243558055540439,1,1,2025,1,412.3800048828125
2025-01-24,6101.240234375,21774.009765625,14.850000381469728,4.64,316.528,4.2,-1.406474184458839,-0.2855132319398823,-0.5795184208432946,-0.6576523247056931,-0.5697520927974709,418.0971418108259,421.0469980875651,4.254690286212086,1,1,2025,1,406.5799865722656
2025-01-27,6012.27978515625,21127.279296875,17.899999618530273,4.64,316.528,4.2,-2.3193450212053546,-1.4580715690809543,-2.9701946297966852,-1.406474184458839,-2.112863871036752,413.6585693359375,420.9189982096354,4.248959018476564,1,1,2025,1,397.1499938964844
2025-01-28,6067.7001953125,21463.0390625,16.40999984741211,4.64,316.528,4.2,0.23668700890153715,0.9217869449967608,1.589223869798806,-2.3193450212053546,-0.6576523247056931,411.4114249093192,420.0296651204427,4.10206697956121,1,1,2025,1,398.0899963378906
2025-01-29,6039.31005859375,21411.4609375,16.559999465942383,4.64,316.528,4.2,-2.258280870425211,-0.4678895760321544,-0.24031137831788119,0.23668700890153715,-1.406474184458839,406.06856863839283,419.06299845377606,4.11227615644119,1,1,2025,1,389.1000061035156
2025-01-30,6071.169921875,21508.119140625,15.84000015258789,4.64,316.528,4.2,2.873295425445699,0.5275414405311762,0.45143207839550836,-2.258280870425211,-2.3193450212053546,402.6699959891183,417.8646647135417,4.065546559939854,1,1,2025,1,400.2799987792969
2025-01-31,6040.52978515625,21478.05078125,16.43000030517578,4.64,316.528,4.2,1.0792463618949588,-0.5046825754019935,-0.13980004099105603,2.873295425445699,0.23668700890153715,401.1685703822545,415.9173319498698,3.894426201907786,1,1,2025,1,404.6000061035156
2025-02-03,5994.56982421875,21297.580078125,18.6200008392334,4.64,316.528,4.2,-5.1705420445253285,-0.7608597684666707,-0.8402564318478523,1.0792463618949588,-2.258280870425211,397.06856863839283,412.7113321940104,3.913417747223348,2,1,2025,1,383.6799926757813
2025-02-04,6037.8798828125,21566.919921875,17.209999084472656,4.64,316.528,4.2,2.223206563315605,0.7224881828679752,1.2646499872849049,-5.1705420445253285,2.873295425445699,395.01571219308033,411.11399841308594,3.671455788367297,2,1,2025,1,392.2099914550781
2025-02-05,6061.47998046875,21658.16015625,15.770000457763672,4.64,316.528,4.2,-3.5797094243459227,0.3908672930614365,0.42305639704469655,2.223206563315605,1.0792463618949588,392.30428641183033,409.1806650797526,3.7183686447593542,2,1,2025,1,378.1700134277344
2025-02-06,6083.56982421875,21774.0703125,15.5,4.64,316.528,4.2,-1.0180622383618165,0.3644298722618622,0.5351800679918473,-3.5797094243459227,-5.1705420445253285,388.90857369559154,407.62266540527344,3.6756286063507924,2,1,2025,1,374.3200073242188
2025-02-07,6025.990234375,21491.310546875,16.540000915527344,4.64,316.528,4.2,-3.392822173149601,-0.9464770111542897,-1.298607754851766,-1.0180622383618165,2.223206563315605,384.9828578404018,405.3233317057292,3.683164111538062,2,1,2025,1,361.6199951171875
2025-02-10,6066.43994140625,21756.73046875,15.8100004196167,4.64,316.528,4.2,-3.0114441341470455,0.6712541085862833,1.2350104070949497,-3.392822173149601,-3.5797094243459227,377.904288155692,401.60499877929686,3.394045606873056,2,1,2025,0,350.7300109863281
2025-02-11,6068.5,21693.51953125,16.020000457763672,4.64,316.528,4.2,-6.338211812502892,0.03395827888592606,-0.29053509483326634,-3.0114441341470455,-1.0180622383618165,367.0328587123326,397.4173319498698,3.5357863341523674,2,1,2025,1,328.5
2025-02-12,6051.97021484375,21719.259765625,15.890000343322754,4.64,316.528,4.2,2.43835913717656,-0.27238667143857365,0.11865402632302846,-6.338211812502892,-3.392822173149601,360.2942897251674,394.24566548665365,3.5094683763468115,2,1,2025,1,336.510009765625
2025-02-13,6115.06982421875,22030.7109375,15.100000381469728,4.64,316.528,4.2,5.773971683431944,1.0426292122230674,1.4339861267644638,2.43835913717656,-3.0114441341470455,355.1128627232143,392.19666544596356,3.6709668160532813,2,1,2025,1,355.94000244140625
2025-02-14,6114.6298828125,22114.689453125,14.770000457763672,4.64,316.528,4.2,-0.02809633725618932,-0.007194380749464546,0.38118840496452755,5.773971683431944,-6.338211812502892,351.922860281808,390.59666544596354,3.6335976402653754,2,1,2025,1,355.8399963378906
2025-02-18,6129.580078125,22164.609375,15.350000381469728,4.64,316.528,4.2,-0.48617665358937634,0.24449877750611915,0.22573195965880366,-0.02809633725618932,2.43835913717656,349.0357142857143,389.7576649983724,3.4695629155556618,2,1,2025,0,354.1099853515625
2025-02-19,6144.14990234375,22175.599609375,15.270000457763672,4.64,316.528,4.2,1.8214714280444966,0.23769693899173827,0.04958460665405173,-0.48617665358937634,5.773971683431944,348.884286063058,388.0949981689453,3.1148573320665656,2,1,2025,0,360.55999755859375
2025-02-20,6117.52001953125,22068.060546875,15.65999984741211,4.64,316.528,4.2,-1.708454543992588,-0.43341850761716705,-0.4849432006092669,1.8214714280444966,-0.02809633725618932,349.4085693359375,386.2066650390625,3.122343901004154,2,1,2025,0,354.3999938964844
2025-02-21,6013.1298828125,21614.080078125,18.209999084472656,4.64,316.528,4.2,-4.683974714842765,-1.706412670256352,-2.0571833568504783,-1.708454543992588,-0.48617665358937634,350.7371390206473,384.3213317871094,3.149195985248633,2,1,2025,0,337.79998779296875
2025-02-24,5983.25,21352.080078125,18.979999542236328,4.64,316.528,4.2,-2.1521578674915554,-0.49691065044024096,-1.2121728014932387,-4.683974714842765,1.8214714280444966,349.88285173688615,382.17433166503906,3.1616876217631447,2,1,2025,0,330.5299987792969
2025-02-25,5955.25,21087.25,19.43000030517578,4.64,316.528,4.2,-8.38955952220366,-0.46797309154723576,-1.2403010721017127,-2.1521578674915554,-1.708454543992588,342.29142107282365,379.1096649169922,3.468519655381764,2,1,2025,0,302.79998779296875
2025-02-26,5956.06005859375,21132.919921875,19.100000381469727,4.64,316.528,4.2,-3.9630120487999076,0.013602428004699796,0.2165759967516001,-8.38955952220366,-4.683974714842765,332.999991280692,375.359331258138,3.4668165506292365,2,1,2025,0,290.79998779296875
2025-02-27,5861.56982421875,20550.94921875,21.1299991607666,4.64,316.528,4.2,-3.0433204805490277,-1.5864553655509872,-2.7538584600540372,-3.9630120487999076,-2.1521578674915554,322.69142368861606,371.54566548665366,3.48430313482799,2,1,2025,0,281.95001220703125
2025-02-28,5954.5,20884.41015625,19.6299991607666,4.64,316.528,4.2,3.912040539724382,1.585414463498891,1.6226060117737084,-3.0433204805490277,-8.38955952220366,313.0371398925781,367.03766581217445,3.180567902258936,2,1,2025,0,292.9800109863281
2025-03-03,5849.72021484375,20425.580078125,22.780000686645508,4.64,316.528,4.2,-2.843203214376444,-1.75967394669998,-2.1969980224109342,3.912040539724382,-3.9630120487999076,303.0728541782924,362.73199869791665,3.169825046798918,3,1,2025,0,284.6499938964844
2025-03-04,5778.14990234375,20352.529296875,23.51000022888184,4.64,316.528,4.2,-4.429996705409467,-1.2234826602200433,-0.35764360654919614,-2.843203214376444,-3.0433204805490277,293.67857142857144,357.5833323160807,3.117848819894248,3,1,2025,0,272.0400085449219
2025-03-05,5842.6298828125,20628.4609375,21.93000030517578,4.64,316.528,4.2,2.5952056083059283,1.1159277893187936,1.3557609307427443,-4.429996705409467,3.912040539724382,286.3314296177455,352.75099894205727,3.2007603134597713,3,1,2025,0,279.1000061035156
2025-03-06,5738.52001953125,20052.630859375,24.8700008392334,4.64,316.528,4.2,-5.60730689868919,-1.7819007085749905,-2.7914349978393815,2.5952056083059283,-2.843203214376444,280.7100045340402,347.69566650390624,3.292331663316082,3,1,2025,0,263.45001220703125
2025-03-07,5770.2001953125,20201.369140625,23.3700008392334,4.64,316.528,4.2,-0.29607088371812473,0.552061780274804,0.7417394869185578,-5.60730689868919,-4.429996705409467,276.6914367675781,342.70533345540366,3.295996487229967,3,1,2025,0,262.6700134277344
2025-03-10,5614.56005859375,19430.94921875,27.86000061035156,4.64,316.528,4.2,-15.426206822195109,-2.69730913054258,-3.813701519495938,-0.29607088371812473,2.5952056083059283,268.14857700892856,336.5576670328776,4.169390787811084,3,1,2025,1,222.1499938964844
2025-03-11,5572.06982421875,19376.9609375,26.920000076293945,4.64,316.528,4.2,3.7947369642955975,-0.7567865323653167,-0.2778468547378177,-15.426206822195109,-5.60730689868919,259.23428998674666,331.00533396402994,4.296017927715787,3,1,2025,1,230.5800018310547
2025-03-12,5599.2998046875,19596.01953125,24.229999542236328,4.64,316.528,4.2,7.593891216839133,0.48868699294464246,1.1305105813887328,3.7947369642955975,-0.29607088371812473,254.01143319266183,326.00533396402994,4.6091257107498285,3,1,2025,1,248.08999633789065
2025-03-13,5521.52001953125,19225.48046875,24.65999984741211,4.64,316.528,4.2,-2.986820819658209,-1.3890984206835322,-1.8908894324640602,7.593891216839133,-15.426206822195109,249.53143092564173,321.0580001831055,4.615406059932886,3,1,2025,1,240.67999267578125
2025-03-14,5638.93994140625,19704.640625,21.770000457763672,4.64,316.528,4.2,3.8640532386444715,2.1265869083087807,2.492318238958191,-2.986820819658209,3.7947369642955975,245.37142944335938,316.0480000813802,4.651049225670172,3,1,2025,1,249.97999572753903
2025-03-17,5675.1201171875,19812.240234375,20.51000022888184,4.64,316.528,4.2,-4.7883836408052165,0.6416130719105961,0.5460622775250501,3.8640532386444715,7.593891216839133,241.73714120047433,310.49499969482423,4.664434923293958,3,1,2025,1,238.00999450683597
2025-03-18,5614.66015625,19483.359375,21.700000762939453,4.64,316.528,4.2,-5.335909096824709,-1.0653512117636543,-1.659988247085653,-4.7883836408052165,-2.986820819658209,236.3999960763114,305.2159998575846,4.668841513166734,3,1,2025,1,225.30999755859372
2025-03-19,5675.2900390625,19736.66015625,19.899999618530277,4.64,316.528,4.2,4.682438935722,1.0798495567894584,1.300087815323181,-5.335909096824709,3.8640532386444715,238.3585684640067,300.00433349609375,4.759888050303347,3,1,2025,1,235.8600006103516
2025-03-20,5662.89013671875,19677.609375,19.799999237060547,4.64,316.528,4.2,0.16958954271570903,-0.21848931523151816,-0.29919338318900035,4.682438935722,-4.7883836408052165,239.1699959891183,295.2739995320638,4.754458322618204,3,1,2025,1,236.25999450683597
2025-03-21,5667.56005859375,19753.970703125,19.280000686645508,4.64,316.528,4.2,5.269623506518362,0.08246534476661349,0.3880620184584904,0.16958954271570903,-5.335909096824709,239.2585688999721,291.0869995117188,4.909875693485196,3,1,2025,1,248.7100067138672
2025-03-24,5767.56982421875,20180.44921875,17.479999542236328,4.64,316.528,4.2,11.933580126800525,1.7646000146633645,2.158950835932605,5.269623506518362,4.682438935722,244.64571489606584,288.3126668294271,5.445559465535004,3,1,2025,1,278.3900146484375
2025-03-25,5776.64990234375,20287.830078125,17.149999618530273,4.64,316.528,4.2,3.5022807884516727,0.15743334544251475,0.5321034146020365,11.933580126800525,0.16958954271570903,250.0971461704799,286.22633361816406,5.480882710426679,3,1,2025,1,288.1400146484375
2025-03-26,5712.2001953125,19916.990234375,18.32999992370605,4.64,316.528,4.2,-5.580626179068949,-1.1156934922627149,-1.8278930882305255,3.5022807884516727,5.269623506518362,254.96143232073103,284.3450002034505,5.454763678776333,3,1,2025,1,272.0599975585937
2025-03-27,5693.31005859375,19798.619140625,18.690000534057617,4.64,316.528,4.2,0.39329829222261026,-0.3306980860763864,-0.5943221960600376,-5.580626179068949,11.933580126800525,261.79286193847656,282.2323333740234,5.429757236432357,3,1,2025,1,273.1300048828125
2025-03-28,5580.93994140625,19281.400390625,21.649999618530277,4.64,316.528,4.2,-3.507493471452938,-1.973722070834405,-2.612398098707369,0.39329829222261026,3.5022807884516727,265.74857439313615,279.1526662190755,5.320433890600234,3,1,2025,1,263.54998779296875
2025-03-31,5611.85009765625,19278.44921875,22.280000686645508,4.64,316.528,4.2,-1.6657121359109794,0.5538521570653376,-0.01530579633850504,-3.507493471452938,-5.580626179068949,269.02000427246094,275.92999979654945,5.32003188473077,3,1,2025,1,259.1600036621094
2025-04-01,5633.06982421875,19436.419921875,21.770000457763672,4.33,320.302,4.2,3.5885119854736525,0.37812354559083605,0.8194160294354047,-1.6657121359109794,0.39329829222261026,271.8414306640625,273.075,5.382922791856698,4,2,2025,1,268.4599914550781
2025-04-02,5670.97021484375,19581.779296875,21.51000022888184,4.33,320.302,4.2,5.326685079977622,0.6728194715792668,0.7478711387399306,3.5885119854736525,-3.507493471452938,272.46571568080356,270.48166707356773,5.478446740154013,4,2,2025,1,282.760009765625
2025-04-03,5396.52001953125,18521.470703125,30.020000457763672,4.33,320.302,4.2,-5.474611137253548,-4.8395633359901495,-5.414771444795175,5.326685079977622,-1.6657121359109794,269.48571341378346,267.5776672363281,5.546048168298784,4,2,2025,1,267.2799987792969
2025-04-04,5074.080078125,17397.69921875,45.310001373291016,4.33,320.302,4.2,-10.419786826814681,-5.974960534553109,-6.067398763238563,-5.474611137253548,3.5885119854736525,264.8242841448103,264.2986673990885,5.779070205329328,4,2,2025,1,239.42999267578125
2025-04-07,5062.25,17430.6796875,46.97999954223633,4.33,320.302,4.2,-2.5644236634809525,-0.23314724921273955,0.18956799019984594,-10.419786826814681,5.326685079977622,259.13285391671315,261.05733388264974,5.782452292953269,4,2,2025,1,233.2899932861328
2025-04-08,4982.77001953125,17090.400390625,52.33000183105469,4.33,320.302,4.2,-4.899478333715845,-1.5700524562941354,-1.9521860476790387,-2.5644236634809525,-5.474611137253548,253.17714146205358,258.3593343098958,5.662306055225296,4,2,2025,1,221.8600006103516
2025-04-09,5456.89990234375,19145.060546875,33.619998931884766,4.33,320.302,4.2,22.689989839624513,9.515387644904848,12.02230555919035,-4.899478333715845,-10.419786826814681,255.03999982561385,257.7393351236979,7.075469211980803,4,2,2025,1,272.20001220703125
2025-04-10,5268.0498046875,18343.5703125,40.720001220703125,4.33,320.302,4.2,-7.2740695894926155,-3.4607579584726933,-4.186407415179605,22.689989839624513,-2.5644236634809525,252.7457144601005,256.75433451334635,7.17991757865344,4,2,2025,1,252.3999938964844
2025-04-11,5363.35986328125,18690.05078125,37.560001373291016,4.33,320.302,4.2,-0.03565623615965352,1.8092095201708958,1.8888387748261515,-7.2740695894926155,-4.899478333715845,248.39571271623885,255.39866739908854,7.1394172750824145,4,2,2025,1,252.30999755859372
2025-04-14,5405.97021484375,18796.01953125,30.88999938964844,4.33,320.302,4.2,0.015856900364230597,0.7944712390868913,0.5669794653865079,-0.03565623615965352,22.689989839624513,246.26285661969865,254.3220011393229,7.1227774272816715,4,2,2025,1,252.3500061035156
2025-04-15,5396.6298828125,18830.23046875,30.1200008392334,4.33,320.302,4.2,0.6974418324816822,-0.17277808903947145,0.18201160859150356,0.015856900364230597,-7.2740695894926155,248.36000061035156,253.72433420817057,7.0782222082239405,4,2,2025,1,254.1100006103516
2025-04-16,5275.7001953125,18257.640625,32.63999938964844,4.33,320.302,4.2,-4.94274035985427,-2.24083715440897,-3.040801039053931,0.6974418324816822,-0.03565623615965352,249.54000200544084,252.47266743977863,7.116918130420354,4,2,2025,1,241.5500030517578
2025-04-17,5282.7001953125,18258.08984375,29.649999618530277,4.33,320.302,4.2,-0.07452201709629014,0.13268380955802073,0.0024604425030938515,-4.94274035985427,0.015856900364230597,252.327144077846,251.73666687011718,7.0444278000959635,4,2,2025,1,241.3699951171875
2025-04-21,5158.2001953125,17808.30078125,33.81999969482422,4.33,320.302,4.2,-5.746362595919797,-2.3567493023827546,-2.4635055821787932,-0.07452201709629014,0.6974418324816822,245.9414280482701,250.5643330891927,7.120639506980319,4,2,2025,1,227.5
2025-04-22,5287.759765625,18276.41015625,30.56999969482422,4.33,320.302,4.2,4.602198338770602,2.5117204723895226,2.628602137565328,-5.746362595919797,-4.94274035985427,243.8800005231585,251.09166666666667,6.564947611527482,4,2,2025,1,237.97000122070312
2025-04-23,5375.85986328125,18693.259765625,28.450000762939453,4.33,320.302,4.2,5.366224400956132,1.6661138470960069,2.2808068204381415,4.602198338770602,-0.07452201709629014,243.6557159423828,251.76366678873697,6.5989228525857655,4,2,2025,1,250.7400054931641
2025-04-24,5484.77001953125,19214.400390625,26.46999931335449,4.33,320.302,4.2,3.49764859229853,2.0259113708281262,2.7878531167598863,5.366224400956132,-5.746362595919797,244.67857360839844,252.1443339029948,6.48809757749048,4,2,2025,1,259.510009765625
2025-04-25,5525.2099609375,19432.560546875,24.84000015258789,4.33,320.302,4.2,9.803091011549903,0.7373133469998461,1.1353992412713731,3.49764859229853,4.602198338770602,249.08428955078125,253.62000122070313,6.679120442167926,4,2,2025,1,284.95001220703125
2025-04-28,5528.75,19427.2890625,25.149999618530277,4.33,320.302,4.2,0.32637046356942534,0.06407067039131409,-0.02712707037388906,9.803091011549903,5.366224400956132,255.41714695521765,254.81666819254556,6.653787104273938,4,2,2025,1,285.8800048828125
2025-04-29,5560.830078125,19544.94921875,24.170000076293945,4.33,320.302,4.2,2.1512501019458785,0.5802410694099036,0.6056437203949105,0.32637046356942534,3.49764859229853,262.65429033551897,256.6173350016276,6.578335873131872,4,2,2025,1,292.0299987792969
2025-04-30,5569.06005859375,19571.01953125,24.700000762939453,4.33,320.302,4.2,-3.3797880897321053,0.147999135976562,0.13338644274905054,2.1512501019458785,9.803091011549903,270.46286228724887,258.5123352050781,6.524037665936709,4,2,2025,1,282.1600036621094
2025-05-01,5604.14013671875,19786.7109375,24.600000381469727,4.33,320.62,4.3,-0.5812356915055328,0.6299102138585644,1.1020959123033691,-3.3797880897321053,0.32637046356942534,276.54143197195873,260.0010014851888,6.490846963631771,5,2,2025,1,280.5199890136719
2025-05-02,5686.669921875,20102.609375,22.68000030517578,4.33,320.62,4.3,2.3848576584252656,1.472657412963474,1.5965181808023754,-0.5812356915055328,2.1512501019458785,281.75142996651783,261.6993347167969,6.496345281693565,5,2,2025,1,287.2099914550781
2025-05-05,5650.3798828125,19967.939453125,23.63999938964844,4.33,320.62,4.3,-2.4198258752220814,-0.6381597588933863,-0.6699126434923319,2.3848576584252656,-3.3797880897321053,284.71571568080356,262.7510014851888,6.467452452273993,5,2,2025,1,280.260009765625
2025-05-06,5606.91015625,19791.349609375,24.76000022888184,4.33,320.62,4.3,-1.7519458684867262,-0.7693239651855532,-0.8843668830454288,-2.4198258752220814,-0.5812356915055328,283.3442862374442,262.64966786702473,6.112697054667837,5,2,2025,1,275.3500061035156
2025-05-07,5631.27978515625,19867.970703125,23.549999237060547,4.33,320.62,4.3,0.3159597232260225,0.43463562331358396,0.38714435984550377,-1.7519458684867262,2.3848576584252656,281.9642857142857,262.25233408610023,6.079751138722032,5,2,2025,1,276.2200012207031
2025-05-08,5663.93994140625,20063.560546875,22.479999542236328,4.33,320.62,4.3,3.1134624811778533,0.5799775094835535,0.9844480177295445,0.3159597232260225,-2.4198258752220814,280.93428693498885,262.6776677449544,6.009994608817726,5,2,2025,1,284.82000732421875
2025-05-09,5659.91015625,20061.44921875,21.899999618530277,4.33,320.62,4.3,4.718770485146129,-0.0711480912216289,-0.010523197615230906,3.1134624811778533,-1.7519458684867262,283.23428780691967,263.5153345743815,6.063514004586402,5,2,2025,1,298.260009765625
2025-05-12,5844.18994140625,20868.150390625,18.38999938964844,4.33,320.62,4.3,6.745790403815088,3.2558782749008364,4.021151029911807,4.718770485146129,0.3159597232260225,288.64286150251115,265.3430018107096,6.120751081487155,5,2,2025,1,318.3800048828125
2025-05-13,5886.5498046875,21197.69921875,18.21999931335449,4.33,320.62,4.3,4.928074062685361,0.7248200983532183,1.5791951943812332,6.745790403815088,3.1134624811778533,295.337149483817,267.84000193277996,6.147346276289839,5,2,2025,1,334.07000732421875
2025-05-14,5892.580078125,21319.2109375,18.6200008392334,4.33,320.62,4.3,4.073991993646375,0.1024415597859818,0.5732306959168376,4.928074062685361,4.718770485146129,304.9685756138393,270.48066864013674,6.154965449769462,5,2,2025,1,347.67999267578125
2025-05-15,5916.93017578125,21335.8203125,17.829999923706055,4.33,320.62,4.3,-1.3978329078298546,0.41323320741357694,0.07790801943230452,4.073991993646375,6.745790403815088,314.6071472167969,272.48266855875653,6.115783440753106,5,2,2025,1,342.82000732421875
2025-05-16,5958.3798828125,21427.939453125,17.239999771118164,4.33,320.62,4.3,2.08856061756566,0.7005272294898557,0.4317581385470781,-1.3978329078298546,4.928074062685361,325.14429146902904,275.23933563232424,6.002378858653822,5,2,2025,1,349.9800109863281
2025-05-19,5963.60009765625,21447.05078125,18.13999938964844,4.33,320.62,4.3,-2.2544186527114873,0.08761131291423752,0.08918882829032082,2.08856061756566,4.073991993646375,333.32571847098217,278.66133575439454,5.637556362179197,5,2,2025,1,342.0899963378906
2025-05-20,5940.4599609375,21367.369140625,18.09000015258789,4.33,320.62,4.3,0.5057180873010214,-0.38802294486252054,-0.37152726236215905,-2.2544186527114873,-1.3978329078298546,339.83428955078125,282.3456695556641,5.591918692650903,5,2,2025,1,343.82000732421875
2025-05-21,5844.60986328125,21080.359375,20.8700008392334,4.33,320.62,4.3,-2.6758222357769146,-1.613513066101424,-1.3432152724844326,0.5057180873010214,2.08856061756566,342.154288155692,286.10433603922525,5.519224339861246,5,2,2025,1,334.6199951171875
2025-05-22,5842.009765625,21112.470703125,20.280000686645508,4.33,320.62,4.3,1.9185982671137136,-0.04448710379429954,0.15232818166792672,-2.6758222357769146,-2.2544186527114873,343.1500026157924,288.39900258382164,3.8094760020175955,5,2,2025,1,341.0400085449219
2025-05-23,5802.81982421875,20915.66015625,22.290000915527344,4.33,320.62,4.3,-0.49847881903489766,-0.6708297825321674,-0.9322004498785064,1.9185982671137136,0.5057180873010214,341.9585745675223,291.29700266520183,3.5011880081394775,5,2,2025,1,339.3399963378906
2025-05-27,5921.5400390625,21414.990234375,18.959999084472656,4.33,320.62,4.3,6.939947711644767,2.04590558452733,2.3873503126115247,-0.49847881903489766,-2.6758222357769146,344.82571847098217,294.9830032348633,3.6548705728995308,5,2,2025,1,362.8900146484375
2025-05-28,5888.5498046875,21318.169921875,19.309999465942383,4.33,320.62,4.3,-1.6506435862546853,-0.5571225417268844,-0.4521146703330481,6.939947711644767,1.9185982671137136,345.8142874581473,298.46800282796227,3.6873044003649653,5,2,2025,1,356.8999938964844
2025-05-29,5912.169921875,21363.94921875,19.18000030517578,4.33,320.62,4.3,0.42869117552875036,0.4011194261904327,0.2147430902500913,-1.6506435862546853,-0.49847881903489766,348.14857264927457,301.9453358968099,3.688960953762901,5,2,2025,1,358.42999267578125
2025-05-30,5911.68994140625,21340.990234375,18.56999969482422,4.33,320.62,4.3,-3.3395646193957407,-0.008118516130162234,-0.10746601267358491,0.42869117552875036,6.939947711644767,348.5257132393973,305.4423355102539,3.6073489508855654,5,2,2025,1,346.4599914550781
2025-06-02,5935.93994140625,21491.75,18.36000061035156,4.33,320.62,4.3,-1.088145559849063,0.41020419271569075,0.7064328504408524,-3.3395646193957407,-1.6506435862546853,349.67857142857144,308.81966908772785,3.625092198286351,6,2,2025,1,342.69000244140625
2025-06-03,5970.3701171875,21662.580078125,17.690000534057617,4.33,320.62,4.3,0.46105417753929956,0.5800290454605506,0.794863508671928,-1.088145559849063,0.42869117552875036,350.13999720982144,312.71200205485025,3.3817032137233247,6,2,2025,0,344.2699890136719
2025-06-04,5970.81005859375,21721.919921875,17.610000610351562,4.33,320.62,4.3,-3.5495400733921767,0.00736874595066439,0.2739278679455337,0.46105417753929956,-3.3395646193957407,349.0985674176897,315.8480016072591,3.4461102732399183,6,2,2025,0,332.04998779296875
2025-06-05,5939.2998046875,21547.4296875,18.479999542236328,4.33,320.62,4.3,-14.259893789082124,-0.5277383403094138,-0.8032910304548224,-3.5495400733921767,-1.088145559849063,337.9285670689174,316.98000183105466,4.363382856068007,6,2,2025,1,284.70001220703125
2025-06-06,6000.35986328125,21761.7890625,16.770000457763672,4.33,320.62,4.3,3.6670186138995975,1.0280683010067904,0.9948257314623232,-14.259893789082124,0.46105417753929956,329.105712890625,318.16766866048175,4.367478080808038,6,2,2025,1,295.1400146484375
2025-06-09,6005.8798828125,21797.869140625,17.15999984741211,4.33,320.62,4.3,4.553761352840424,0.09199480792858594,0.16579555119009548,3.6670186138995975,-3.5495400733921767,321.9842834472656,318.95533447265626,4.078503083790623,6,2,2025,1,308.5799865722656
2025-06-10,6038.81005859375,21941.919921875,16.950000762939453,4.33,320.62,4.3,5.674382827003055,0.548298940767844,0.6608479953736923,4.553761352840424,-14.259893789082124,319.0742841448103,320.29566752115886,4.19275055715674,6,2,2025,1,326.0899963378906
2025-06-11,6022.240234375,21860.80078125,17.260000228881836,4.33,320.62,4.3,0.10426457165473302,-0.2743888954607865,-0.36969937413784404,5.674382827003055,3.6670186138995975,316.75142560686385,321.442333984375,4.1820558608357965,6,2,2025,1,326.42999267578125
2025-06-12,6045.259765625,21913.3203125,18.020000457763672,4.33,320.62,4.3,-2.242443246166159,0.38224199557175265,0.24024523060950376,0.10426457165473302,4.553761352840424,313.15713936941967,322.6740000406901,4.151094958425691,6,2,2025,1,319.1099853515625
2025-06-13,5976.97021484375,21631.0390625,20.81999969482422,4.33,320.62,4.3,1.9429076154419578,-1.1296379879250695,-1.2881719701736793,-2.242443246166159,5.674382827003055,312.1942836216518,324.16700032552086,4.1540642638944645,6,2,2025,1,325.3099975585937
2025-06-16,6033.10986328125,21937.5703125,19.11000061035156,4.33,320.62,4.3,1.1742668079331775,0.9392659896159117,1.417089808373606,1.9429076154419578,0.10426457165473302,318.5414254324777,325.5643341064453,4.141801394887106,6,2,2025,1,329.1300048828125
2025-06-17,5982.72021484375,21719.080078125,21.600000381469727,4.33,320.62,4.3,-3.8829637497946212,-0.8352184790166306,-0.9959636881505696,1.1742668079331775,-2.242443246166159,321.57142421177457,326.767333984375,4.186243176820482,6,2,2025,1,316.3500061035156
2025-06-18,5980.8701171875,21719.689453125,20.13999938964844,4.33,320.62,4.3,1.80179597897272,-0.03092402101070313,0.002805712754905265,-3.8829637497946212,1.9429076154419578,323.49571010044644,328.3240000406901,4.170804906173066,6,2,2025,1,322.04998779296875
2025-06-20,5967.83984375,21626.390625,20.6200008392334,4.33,320.62,4.3,0.03416111576173275,-0.2178658486505891,-0.4295587573954762,1.80179597897272,1.1742668079331775,322.9342825753348,329.85533345540364,4.171808511967452,6,2,2025,1,322.1600036621094
2025-06-23,6025.169921875,21856.330078125,19.82999992370605,4.33,320.62,4.3,8.231930938729072,0.9606504133156335,1.0632354566794566,0.03416111576173275,-3.8829637497946212,326.11285400390625,331.98399963378904,4.377682756852976,6,2,2025,1,348.67999267578125
2025-06-24,6092.18017578125,22190.51953125,17.479999542236328,4.33,320.62,4.3,-2.3545920693855638,1.112172017970181,1.5290282125610677,8.231930938729072,1.80179597897272,329.1642848423549,333.39099934895836,4.348154810942781,6,2,2025,1,340.4700012207031
2025-06-25,6092.16015625,22237.740234375,16.760000228881836,4.33,320.62,4.3,-3.7947582404945,-0.00032861029504172024,0.2127967443867229,-2.3545920693855638,0.03416111576173275,329.4842834472656,333.69666544596356,4.253915009063614,6,2,2025,1,327.54998779296875
2025-06-26,6141.02001953125,22447.2890625,16.59000015258789,4.33,320.62,4.3,-0.5403721812350049,0.8020121275230219,0.942311700363696,-3.7947582404945,8.231930938729072,329.0057111467634,333.4203318277995,4.159770282792902,6,2,2025,1,325.7799987792969
2025-06-27,6173.06982421875,22534.19921875,16.31999969482422,4.33,320.62,4.3,-0.6599526995335614,0.5218970885222163,0.38717439779929474,-0.5403721812350049,-2.3545920693855638,330.0457109723772,332.61866556803386,4.089181207445698,6,2,2025,1,323.6300048828125
2025-06-30,6204.9501953125,22679.009765625,16.729999542236328,4.33,320.62,4.3,-1.8446995428822777,0.5164427424532603,0.6426256618629056,-0.6599526995335614,-3.7947582404945,329.4185703822545,331.7799987792969,4.0946732081297785,6,2,2025,1,317.6600036621094
2025-07-01,6198.009765625,22478.130859375,16.829999923706055,4.33,322.169,4.3,-5.335897504131726,-0.1118531087121899,-0.8857481359458519,-1.8446995428822777,-0.5403721812350049,326.35428292410717,330.1376647949219,4.176979296739221,7,3,2025,1,300.7099914550781
2025-07-02,6227.419921875,22641.890625,16.639999389648438,4.33,322.169,4.3,4.968242780731846,0.47450967910880326,0.7285292831930468,-5.335897504131726,-0.6599526995335614,321.6357116699219,329.25633138020834,4.2744822994277705,7,3,2025,1,315.6499938964844
2025-07-03,6279.35009765625,22866.970703125,16.3799991607666,4.33,322.169,4.3,-0.09503811144286889,0.8338955206607324,0.9940869419997833,4.968242780731846,-1.8446995428822777,318.0471409388951,328.3073313395182,4.272580223921324,7,3,2025,1,315.3500061035156
2025-07-07,6229.97998046875,22685.5703125,17.790000915527344,4.33,322.169,4.3,-6.789282780315342,-0.7862297279128794,-0.7932856213447192,-0.09503811144286889,-5.335897504131726,313.24571446010043,326.9513315836588,4.4183880529672575,7,3,2025,1,293.94000244140625
2025-07-08,6225.52001953125,22702.25,16.809999465942383,4.33,322.169,4.3,1.3165935514200422,-0.07158868810946961,0.0735255374682442,-6.789282780315342,4.968242780731846,309.25,325.5103312174479,4.40916133241144,7,3,2025,1,297.8099975585937
2025-07-09,6263.259765625,22864.91015625,15.9399995803833,4.33,322.169,4.3,-0.6480617479611261,0.6062103402663555,0.7164935468951361,1.3165935514200422,-0.09503811144286889,305.2857142857143,324.06166483561196,4.409414638127617,7,3,2025,1,295.8800048828125
2025-07-10,6280.4599609375,22829.259765625,15.779999732971191,4.33,322.169,4.3,4.72826483827995,0.27462050044453346,-0.1559174752114867,-0.6480617479611261,-6.789282780315342,304.17285592215404,322.29433085123696,4.300307741389343,7,3,2025,1,309.8699951171875
2025-07-11,6259.75,22780.599609375,16.399999618530273,4.33,322.169,4.3,1.174690904506881,-0.32975229626984737,-0.21314819993974998,4.72826483827995,1.3165935514200422,306.00142996651783,320.847998046875,4.303656840016017,7,3,2025,1,313.510009765625
2025-07-14,6268.56005859375,22855.630859375,17.200000762939453,4.33,322.169,4.3,1.0813001260769006,0.1407413809457303,0.3293646843655518,1.174690904506881,-0.6480617479611261,306.1800013950893,319.4636647542318,4.309315542966236,7,3,2025,1,316.8999938964844
2025-07-15,6243.759765625,22884.58984375,17.3799991607666,4.33,322.169,4.3,-1.9312070795389769,-0.3956298214731202,0.1267039380937529,1.0813001260769006,4.72826483827995,305.5271432059152,318.2743316650391,4.282842749236582,7,3,2025,1,310.7799987792969
2025-07-16,6263.7001953125,22907.970703125,17.15999984741211,4.33,322.169,4.3,3.5040912192586537,0.3193657417327689,0.10216857516187616,-1.9312070795389769,1.174690904506881,309.4885733468192,317.57366536458335,4.334352130859149,7,3,2025,1,321.6700134277344
2025-07-17,6297.35986328125,23081.05078125,16.520000457763672,4.33,322.169,4.3,-0.7025863995037018,0.537376740890938,0.7555452220889602,3.5040912192586537,1.0813001260769006,312.5742885044643,316.7449991861979,4.334207459784025,7,3,2025,1,319.4100036621094
2025-07-18,6296.7900390625,23065.470703125,16.40999984741211,4.33,322.169,4.3,3.205907804067243,-0.009048620868445933,-0.06750159805400946,-0.7025863995037018,-1.9312070795389769,317.39857264927457,316.6649993896484,4.327289137144712,7,3,2025,1,329.6499938964844
2025-07-21,6305.60009765625,23180.060546875,16.649999618530273,4.33,322.169,4.3,-0.35188948387289143,0.1399134882868358,0.49680253754575965,3.205907804067243,3.5040912192586537,320.0585719517299,318.1246653238932,3.3806688504633464,7,3,2025,0,328.489990234375
2025-07-22,6309.6201171875,23063.580078125,16.5,4.33,322.169,4.3,1.10201078413521,0.06375316336257875,-0.5025028666963638,-0.35188948387289143,-0.7025863995037018,322.71571132114957,319.35699768066405,3.3307403038109147,7,3,2025,0,332.1099853515625
2025-07-23,6358.91015625,23162.41015625,15.369999885559082,4.33,322.169,4.3,0.13550095657461902,0.7811886951519131,0.4285114357364561,1.10201078413521,3.205907804067243,324.9528547014509,320.1563313802083,3.2393395873081468,7,3,2025,0,332.5599975585937
2025-07-24,6363.35009765625,23219.869140625,15.390000343322754,4.33,322.169,4.3,-8.197020076301275,0.06982236416543941,0.24806997193898006,0.13550095657461902,-0.35188948387289143,324.1699959891183,319.4633310953776,3.430159745423518,7,3,2025,0,305.29998779296875
2025-07-25,6388.64013671875,23272.25,14.93000030517578,4.33,322.169,4.3,3.52440556693423,0.397432777929585,0.22558636768263973,-8.197020076301275,1.10201078413521,323.36856515066967,319.11766459147134,3.495532912534743,7,3,2025,0,316.0599975585937
2025-07-28,6389.77001953125,23356.26953125,15.029999732971191,4.33,322.169,4.3,3.0152499060024818,0.017685810881817865,0.3610288272513307,3.52440556693423,0.13550095657461902,324.2514212472098,319.3336649576823,3.5134808335619514,7,3,2025,1,325.5899963378906
2025-07-29,6370.85986328125,23308.30078125,15.979999542236328,4.33,322.169,4.3,-1.3483166498468035,-0.2959442388724254,-0.20537847422860134,3.0152499060024818,-8.197020076301275,323.0442810058594,319.19666544596356,3.5062038829027258,7,3,2025,1,321.20001220703125
2025-07-30,6362.89990234375,23345.41015625,15.479999542236328,4.33,322.169,4.3,-0.6724793213012448,-0.12494327466496813,0.1592109838819855,-1.3483166498468035,3.52440556693423,321.6942836216518,318.86033223470054,3.50140064078494,7,3,2025,1,319.0400085449219
2025-07-31,6339.39013671875,23218.119140625,16.719999313354492,4.33,322.169,4.3,-3.3757582882378623,-0.36948193411530106,-0.5452507142648,-0.6724793213012448,3.0152499060024818,318.28856985909596,318.59099833170575,3.4834037577113515,7,3,2025,0,308.2699890136719
2025-08-01,6238.009765625,22763.310546875,20.3799991607666,4.33,323.291,4.3,-1.829559909125389,-1.5992133140148468,-1.9588520112045482,-3.3757582882378623,-1.3483166498468035,314.01285661969865,317.94366556803385,3.480746252440649,8,3,2025,0,302.6300048828125
2025-08-04,6329.93994140625,23188.609375,17.520000457763672,4.33,323.291,4.3,2.190795617037322,1.473710033091602,1.8683522647077622,-1.829559909125389,-0.6724793213012448,314.57857404436385,317.5136657714844,3.506817486994924,8,3,2025,1,309.260009765625
2025-08-05,6299.18994140625,23018.560546875,17.850000381469727,4.33,323.291,4.3,-0.17461311772288823,-0.48578659963033344,-0.7333291331748981,2.190795617037322,-3.3757582882378623,313.5300031389509,316.1816660563151,3.136331271384107,8,3,2025,0,308.7200012207031
2025-08-06,6345.06005859375,23315.0390625,16.770000457763672,4.33,323.291,4.3,3.624644466558724,0.7281907295092482,1.2879976357394352,-0.17461311772288823,-1.829559909125389,312.7185756138393,315.496332804362,3.1944330818162205,8,3,2025,0,319.9100036621094
2025-08-07,6340.0,23389.529296875,16.56999969482422,4.33,323.291,4.3,0.7377028928595486,-0.07974800154801898,0.3194943580206555,3.624644466558724,2.190795617037322,312.8714294433594,315.32033284505206,3.122847247899662,8,3,2025,0,322.2699890136719
2025-08-08,6389.4501953125,23611.26953125,15.149999618530272,4.33,323.291,4.3,2.290006868278205,0.7799715348974834,0.9480320512675888,0.7377028928595486,-0.17461311772288823,314.3871416364397,315.44933268229164,3.1488011725589753,8,3,2025,0,329.6499938964844
2025-08-11,6373.4501953125,23526.630859375,16.25,4.33,323.291,4.3,2.845443669493286,-0.25041278217863283,-0.35846726396044915,2.290006868278205,3.624644466558724,318.7814287458147,315.96266581217446,3.184917435561369,8,3,2025,0,339.0299987792969
2025-08-12,6445.759765625,23839.19921875,14.729999542236328,4.33,323.291,4.3,0.5338753399730889,1.134543584661274,1.3285725493093592,2.845443669493286,0.7377028928595486,324.239998953683,316.73533223470054,3.1616550861185577,8,3,2025,0,340.8399963378906
2025-08-13,6466.580078125,23849.0390625,14.489999771118164,4.33,323.291,4.3,-0.42835097722239146,0.32300788824048965,0.041275898824078006,0.5338753399730889,2.290006868278205,328.5428553989955,318.0243326822917,2.9827372493366253,8,3,2025,0,339.3800048828125
2025-08-14,6468.5400390625,23832.439453125,14.829999923706056,4.33,323.291,4.3,-1.1196942235471519,0.030309080129242716,-0.06960284366803737,-0.42835097722239146,2.845443669493286,332.3799961635045,318.68866577148435,2.8695329113045847,8,3,2025,0,335.5799865722656
2025-08-15,6449.7998046875,23712.0703125,15.09000015258789,4.33,323.291,4.3,-1.49591430196655,-0.2897135097229109,-0.5050642879498302,-1.1196942235471519,0.5338753399730889,333.9014238630022,319.19566548665364,2.886602711601413,8,3,2025,0,330.5599975585937
2025-08-18,6449.14990234375,23713.759765625,14.989999771118164,4.33,323.291,4.3,1.3915797850586165,-0.010076318078544588,0.007124865533603142,-1.49591430196655,-0.42835097722239146,335.7428545270647,320.5696655273438,2.573138922028559,8,3,2025,0,335.1600036621094
2025-08-19,6411.3701171875,23384.76953125,15.56999969482422,4.33,323.291,4.3,-1.7454368181154867,-0.5858103118756786,-1.3873389864221264,1.3915797850586165,-1.1196942235471519,335.6942836216518,321.6196655273437,2.599035705582216,8,3,2025,0,329.3099975585937
2025-08-20,6395.77978515625,23249.5703125,15.6899995803833,4.33,323.291,4.3,-1.6428300696053832,-0.24316693228262354,-0.5781507428128774,-1.7454368181154867,-1.49591430196655,333.53285435267856,322.5536651611328,2.618727726386867,8,3,2025,0,323.8999938964844
2025-08-21,6370.169921875,23142.580078125,16.600000381469727,4.33,323.291,4.3,-1.170116892973183,-0.40041815293089256,-0.4601815557747191,-1.6428300696053832,1.3915797850586165,330.57142421177457,322.89499816894534,2.4961142743282454,8,3,2025,0,320.1099853515625
2025-08-22,6466.91015625,23498.119140625,14.220000267028809,4.33,323.291,4.3,6.2166209505171155,1.5186444876893468,1.5362982921513835,-1.170116892973183,-1.7454368181154867,330.6614249093192,323.77833150227866,2.727282203808525,8,3,2025,0,340.010009765625
2025-08-25,6439.31982421875,23425.609375,14.789999961853027,4.33,323.291,4.3,1.9381771561470362,-0.4266385548063467,-0.3085768915846554,6.2166209505171155,-1.6428300696053832,332.23571341378346,324.76833190917966,2.740126538130819,8,3,2025,0,346.6000061035156
2025-08-26,6465.93994140625,23525.2890625,14.619999885559082,4.33,323.291,4.3,1.462783391499567,0.4133995191134998,0.4255158783889712,1.9381771561470362,-1.170116892973183,335.25142996651783,326.13133239746094,2.7132380381280163,8,3,2025,0,351.6700134277344
2025-08-27,6481.39990234375,23565.849609375,14.850000381469728,4.33,323.291,4.3,-0.5886220733017145,0.23909843081744153,0.17241253345385843,1.462783391499567,6.2166209505171155,337.3142874581473,327.0623321533203,2.656620346696564,8,3,2025,0,349.6000061035156
2025-08-28,6501.85986328125,23703.44921875,14.43000030517578,4.33,323.291,4.3,-1.0354676927882056,0.31567194195349924,0.5838941165111189,-0.5886220733017145,1.9381771561470362,339.69571794782365,327.9479990641276,2.661696139683519,8,3,2025,0,345.9800109863281
2025-08-29,6460.259765625,23415.419921875,15.359999656677246,4.33,323.291,4.3,-3.5002067994093333,-0.639818429357164,-1.2151366420004472,-1.0354676927882056,1.462783391499567,341.1200038364955,328.0886657714844,2.6907865948729,8,3,2025,0,333.8699951171875
2025-09-02,6415.5400390625,23231.109375,17.170000076293945,4.33,323.291,4.3,-1.350828116207925,-0.6922279936861564,-0.7871332117465712,-3.5002067994093333,-0.5886220733017145,342.4414324079241,328.11766560872394,2.702442232537316,9,3,2025,0,329.3599853515625
2025-09-03,6448.259765625,23414.83984375,16.350000381469727,4.33,323.291,4.3,1.436121932444001,0.5100073627984258,0.7908811662163728,-1.350828116207925,-1.0354676927882056,341.59571620396207,328.1836659749349,2.707634288105456,9,3,2025,0,334.0899963378906
2025-09-04,6502.080078125,23633.009765625,15.300000190734863,4.33,323.291,4.3,1.328983953448204,0.8346486409699372,0.9317591891760735,1.436121932444001,-3.5002067994093333,340.44285801478793,328.382666015625,2.7175983730133515,9,3,2025,0,338.5299987792969
2025-09-05,6481.5,23652.439453125,15.18000030517578,4.33,323.291,4.3,3.6363092201525005,-0.3165152978388819,0.08221418978238137,1.328983953448204,-1.350828116207925,340.3242841448103,329.9006663004557,2.2990384382797453,9,3,2025,0,350.8399963378906
2025-09-08,6495.14990234375,23762.30078125,15.109999656677246,4.33,323.291,4.3,-1.265534855703887,0.21059789159529885,0.4644820181982645,3.6363092201525005,1.436121932444001,339.8671395438058,330.91199951171876,2.2467562908990413,9,3,2025,0,346.3999938964844
2025-09-09,6512.60986328125,23839.80078125,15.039999961853027,4.33,323.291,4.3,0.1645517708609212,0.26881536531127015,0.32614686899827827,-1.265534855703887,1.328983953448204,340.0085667201451,331.6246663411458,2.1888139762608994,9,3,2025,0,346.9700012207031
2025-09-10,6532.0400390625,23849.26953125,15.350000381469728,4.33,323.291,4.3,0.23633378140295314,0.2983469943562689,0.039718242978969975,0.1645517708609212,3.6363092201525005,341.9971400669643,332.51099955240886,2.1683084922563736,9,3,2025,0,347.7900085449219
2025-09-11,6587.47021484375,23992.560546875,14.710000038146973,4.33,323.291,4.3,6.043873744853956,0.8485890387959882,0.6008193057537525,0.23633378140295314,-1.265534855703887,347.6328560965402,334.1699991861979,2.4000708976962914,9,3,2025,0,368.80999755859375
2025-09-12,6584.2900390625,24092.189453125,14.760000228881836,4.33,323.291,4.3,7.356092584909479,-0.048276131466740146,0.4152491604860309,6.043873744853956,0.1645517708609212,356.4685712541853,337.0923329671224,2.5927045556439077,9,3,2025,0,395.9400024414063
2025-09-15,6615.27978515625,24293.779296875,15.6899995803833,4.33,323.291,4.3,3.561147147692445,0.4706619226962694,0.8367435601576378,7.356092584909479,0.23633378140295314,366.68428693498885,340.67266642252605,2.585984468275945,9,3,2025,0,410.0400085449219
2025-09-16,6606.759765625,24274.25,16.360000610351562,4.33,323.291,4.3,2.8241113869250656,-0.12879303382402618,-0.08038805587368136,3.561147147692445,6.043873744853956,376.79571533203125,344.4179992675781,2.598181024053262,9,3,2025,0,421.6199951171875
2025-09-17,6600.35009765625,24223.689453125,15.720000267028809,4.33,323.291,4.3,1.005642588937583,-0.09701681605103207,-0.20828881170376068,2.8241113869250656,7.356092584909479,388.1471426827567,348.3226654052734,2.587593713812962,9,3,2025,0,425.8599853515625
2025-09-18,6631.9599609375,24454.890625,15.699999809265137,4.33,323.291,4.3,-2.1157139806429193,0.47891191851283654,0.9544424366997983,1.005642588937583,3.561147147692445,398.13000052315846,351.553998819987,2.607373858529477,9,3,2025,0,416.8500061035156
2025-09-19,6664.35986328125,24626.25,15.449999809265137,4.33,323.291,4.3,2.2118270566640286,0.48854188708296054,0.7007161783206817,-2.1157139806429193,2.8241113869250656,409.3128574916295,355.0139994303385,2.6177218023298314,9,3,2025,0,426.0700073242188
2025-09-22,6693.75,24761.0703125,16.100000381469727,4.33,323.291,4.3,1.910480435358397,0.44100464743330736,0.5474658646769104,2.2118270566640286,1.005642588937583,418.6557137625558,358.49933268229165,2.612020858592088,9,3,2025,0,434.2099914550781
2025-09-23,6656.919921875,24580.169921875,16.639999389648438,4.33,323.291,4.3,-1.9253323313789705,-0.5502159197012135,-0.7305838897185168,1.910480435358397,-2.1157139806429193,422.92857142857144,361.39333292643227,2.6380457897457297,9,3,2025,0,425.8500061035156
2025-09-24,6637.97021484375,24503.5703125,16.18000030517578,4.33,323.291,4.3,3.977927016229388,-0.2846617843333288,-0.31163173248379694,-1.9253323313789705,2.2118270566640286,427.60714285714283,364.7916666666667,2.7004541157190554,9,3,2025,0,442.7900085449219
2025-09-25,6604.72021484375,24397.310546875,16.739999771118164,4.33,323.291,4.3,-4.381307961359793,-0.500906134312662,-0.43365013453078305,3.977927016229388,1.910480435358397,427.86000279017856,367.5920003255208,2.859779916866483,9,3,2025,0,423.3900146484375
2025-09-26,6643.7001953125,24503.849609375,15.289999961853027,4.33,323.291,4.3,4.01756741055197,0.5901836747171263,0.43668363484288264,-4.381307961359793,-1.9253323313789705,429.93714686802457,371.08600056966145,2.8957577728030386,9,3,2025,0,440.3999938964844
2025-09-29,6661.2099609375,24611.349609375,16.1200008392334,4.33,323.291,4.3,0.638055766924972,0.263554421636214,0.438706577593706,4.01756741055197,3.977927016229388,433.7028590611049,374.84100036621095,2.8595851901779055,9,3,2025,0,443.2099914550781
2025-09-30,6688.4599609375,24679.990234375,16.280000686645508,4.33,323.291,4.3,0.34069849388267404,0.40908483833717035,0.2788982566557463,0.638055766924972,-4.381307961359793,436.3671439034598,378.4930002848307,2.861328007602697,9,3,2025,0,444.7200012207031
2025-10-01,6711.2001953125,24800.859375,16.290000915527344,4.09,323.291,4.3,3.3144428390707636,0.3399920834961989,0.4897454961576564,0.34069849388267404,4.01756741055197,439.9742867606027,382.8313334147135,2.8438332210558768,10,4,2025,0,459.4599914550781
2025-10-02,6715.35009765625,24892.759765625,16.6299991607666,4.09,323.291,4.3,-5.105992228133283,0.06183547238911569,0.370553250737915,3.3144428390707636,0.638055766924972,441.4242858886719,386.5680002848307,3.0257837360785755,10,4,2025,0,436.0
2025-10-03,6715.7900390625,24785.51953125,16.649999618530273,4.09,323.291,4.3,-1.4151406944344913,0.006551280273581206,-0.4308089395659964,-5.105992228133283,0.34069849388267404,439.5728541782924,390.22533365885414,3.0322773018658036,10,4,2025,0,429.8299865722656
2025-10-06,6740.27978515625,24978.560546875,16.3700008392334,4.09,323.291,4.3,5.4486690457546505,0.36465919796933033,0.7788459522973135,-1.4151406944344913,3.3144428390707636,443.8385663713728,394.0,2.989939045840103,10,4,2025,0,453.25
2025-10-07,6714.58984375,24840.23046875,17.239999771118164,4.09,323.291,4.3,-4.447877255843213,-0.38114057910215715,-0.5537952351794218,5.4486690457546505,-5.105992228133283,442.7942810058594,396.88299967447915,3.144586789523997,10,4,2025,0,433.0899963378906
2025-10-08,6753.72021484375,25136.619140625,16.299999237060547,4.09,323.291,4.3,1.2930352007361146,0.5827663640568082,1.1931800401283166,-4.447877255843213,-1.4151406944344913,442.1485682896205,399.7836659749349,3.143492175588084,10,4,2025,0,438.6900024414063
2025-10-09,6735.10986328125,25098.1796875,16.43000030517578,4.09,323.291,4.3,-0.7180455170972766,-0.2755570407195318,-0.1529221289066518,1.2930352007361146,5.4486690457546505,440.83714076450894,402.64833272298176,3.1455335025268787,10,4,2025,0,435.5400085449219
2025-10-10,6552.509765625,24221.740234375,21.65999984741211,4.09,323.291,4.3,-5.062684914805626,-2.711167321141361,-3.492043901341202,-0.7180455170972766,-4.447877255843213,434.2699977329799,404.89866536458334,3.3075678313255863,10,4,2025,0,413.489990234375
2025-10-13,6654.72021484375,24750.25,19.030000686645508,4.09,323.291,4.3,5.419720958518703,1.5598671787557583,2.1819644687417927,-5.062684914805626,1.2930352007361146,434.2557111467634,408.29966532389324,3.3226466523069136,10,4,2025,0,435.8999938964844
2025-10-14,6644.31005859375,24579.3203125,20.809999465942383,4.09,323.291,4.3,-1.5278742269702716,-0.15643266604626893,-0.6906180240603632,5.419720958518703,-0.7180455170972766,434.17142595563615,411.628998819987,3.3270210250667103,10,4,2025,0,429.239990234375
2025-10-15,6671.06005859375,24745.359375,20.63999938964844,4.09,323.291,4.3,1.3768529951932784,0.40260011595036893,0.675523409064982,-1.5278742269702716,-5.062684914805626,431.58571079799106,414.99766540527344,3.326733848992829,10,4,2025,0,435.1499938964844
2025-10-16,6629.06982421875,24657.240234375,25.309999465942383,4.09,323.291,4.3,-1.470755828163206,-0.6294387099829435,-0.35610370126216706,1.3768529951932784,5.419720958518703,430.96571132114957,418.0049987792969,3.3545424135852993,10,4,2025,0,428.75
2025-10-17,6664.009765625,24817.94921875,20.780000686645508,4.09,323.291,4.3,2.462973191508744,0.5270715550257155,0.6517719860268611,-1.470755828163206,-1.5278742269702716,431.05428205217635,420.95399881998696,3.327604145188892,10,4,2025,0,439.30999755859375
2025-10-20,6735.1298828125,25141.01953125,18.229999542236328,4.09,323.291,4.3,1.8483519979771268,1.0672270853256949,1.301760712186173,2.462973191508744,1.3768529951932784,432.7528512137277,424.32166544596356,3.3092873840411725,10,4,2025,0,447.4299926757813
2025-10-21,6735.35009765625,25127.130859375,17.8700008392334,4.09,323.291,4.3,-1.0794954856246375,0.0032696450934288634,-0.05524307340732948,1.8483519979771268,-1.470755828163206,436.9114249093192,427.50933227539065,3.3266913975615724,10,4,2025,0,442.6000061035156
2025-10-22,6699.39990234375,24879.009765625,18.600000381469727,4.09,323.291,4.3,-0.8201547294971134,-0.5337539220865439,-0.9874628947436181,-1.0794954856246375,2.462973191508744,437.3499973842076,430.5486653645833,3.33917645403083,10,4,2025,0,438.9700012207031
2025-10-23,6738.43994140625,25097.41015625,17.299999237060547,4.09,323.291,4.3,2.280340282431337,0.5827393442932483,0.8778500136559231,-0.8201547294971134,1.8483519979771268,440.1700003487723,433.2209991455078,3.204630793858022,10,4,2025,0,448.9800109863281
2025-10-24,6791.68994140625,25358.16015625,16.3700008392334,4.09,323.291,4.3,-3.398817183887881,0.7902422587873881,1.038951821628764,2.280340282431337,-1.0794954856246375,439.96571568080356,434.48033243815104,3.0321110111323377,10,4,2025,0,433.7200012207031
2025-10-27,6875.16015625,25821.55078125,15.789999961853027,4.09,323.291,4.3,4.311540199760255,1.2290050865671143,1.8273826734459986,-3.398817183887881,-0.8201547294971134,443.3471461704799,435.89299926757815,3.0624683071031975,10,4,2025,0,452.4200134277344
2025-10-28,6890.89013671875,26012.150390625,16.420000076293945,4.09,323.291,4.3,1.7969970655449474,0.22879438603986557,0.7381416050092682,4.311540199760255,2.280340282431337,446.3814304896764,437.19066569010414,3.039787225633523,10,4,2025,0,460.5499877929688
2025-10-29,6890.58984375,26119.849609375,16.920000076293945,4.09,323.291,4.3,0.20845119924044475,-0.0043578255173426506,0.41403427680017924,1.7969970655449474,-3.398817183887881,448.39286150251115,438.3789998372396,3.037246815951131,10,4,2025,0,461.510009765625
2025-10-30,6822.33984375,25734.810546875,16.90999984741211,4.09,323.291,4.3,-4.639120107705208,-0.9904812439519239,-1.4741243470322352,0.20845119924044475,4.311540199760255,448.0357186453683,439.1539998372396,3.140028308621621,10,4,2025,0,440.1000061035156
2025-10-31,6840.2001953125,25858.130859375,17.440000534057617,4.09,323.291,4.3,3.740057084027071,0.26179217059763005,0.4791965041878843,-4.639120107705208,1.7969970655449474,450.548575265067,440.1703328450521,3.1853766098331397,10,4,2025,0,456.55999755859375
2025-11-03,6851.97021484375,25972.939453125,17.170000076293945,4.09,323.291,4.3,2.586735066967427,0.17207127269924793,0.4439941710186579,3.740057084027071,0.20845119924044475,453.3185729980469,441.3089996337891,3.199675127215987,11,4,2025,0,468.3699951171875
2025-11-04,6771.5498046875,25435.69921875,19.0,4.09,323.291,4.3,-5.147636612701911,-1.1736830084583816,-2.0684614282668767,2.586735066967427,-4.639120107705208,454.8242885044643,441.92266642252605,3.3285247709354695,11,4,2025,0,444.260009765625
2025-11-05,6796.2900390625,25620.029296875,18.010000228881836,4.09,323.291,4.3,4.008913061517672,0.36535556982648654,0.7246904303268353,-5.147636612701911,3.740057084027071,456.2028590611049,442.5653330485026,3.3297437331999302,11,4,2025,0,462.0700073242188
2025-11-06,6720.31982421875,25130.0390625,19.5,4.09,323.291,4.3,-3.497306340156048,-1.1178189042419073,-1.912528001811331,4.008913061517672,2.586735066967427,454.11143275669644,443.3159993489583,3.2915325531628317,11,4,2025,0,445.9100036621094
2025-11-07,6728.7998046875,25059.810546875,19.07999992370605,4.09,323.291,4.3,-3.675632866235745,0.12618418007710464,-0.2794604315987659,-3.497306340156048,-5.147636612701911,449.5414297921317,442.9533325195313,3.28558159512234,11,4,2025,0,429.5199890136719
2025-11-10,6832.43017578125,25611.740234375,17.600000381469727,4.09,323.291,4.3,3.6575764515015763,1.540101862170995,2.202449561490516,-3.675632866235745,4.008913061517672,450.27428763253346,443.0206665039062,3.35235650893671,11,4,2025,0,445.2300109863281
2025-11-11,6846.60986328125,25533.490234375,17.280000686645508,4.09,323.291,4.3,-1.260026442672324,0.2075350517340535,-0.3055239483296668,3.6575764515015763,-3.497306340156048,447.85428728376115,442.8506663004557,3.3606219650214575,11,4,2025,0,439.6199951171875
2025-11-12,6850.919921875,25517.330078125,17.510000228881836,4.09,323.291,4.3,-2.051769508633805,0.06295171887717999,-0.06329004026345286,-1.260026442672324,-3.675632866235745,442.4585745675223,441.888666788737,3.321604240779653,11,4,2025,0,430.6000061035156
2025-11-13,6737.490234375,24993.4609375,20.0,4.09,323.291,4.3,-6.644220962287406,-1.6556854961596978,-2.052993549956439,-2.051769508633805,3.6575764515015763,436.4200003487723,440.7549997965495,3.411208640684073,11,4,2025,0,401.989990234375
2025-11-14,6734.10986328125,25008.240234375,19.82999992370605,4.09,323.291,4.3,0.5870832424868633,-0.05017255648851471,0.059132654384908,-6.644220962287406,-1.260026442672324,428.1742858886719,439.9056671142578,3.4064789425584032,11,4,2025,0,404.3500061035156
2025-11-17,6672.41015625,24799.919921875,22.3799991607666,4.09,323.291,4.3,1.1302107716671506,-0.9162266176807821,-0.8330066831877869,0.5870832424868633,-2.051769508633805,422.89000156947543,438.42800089518227,3.249486949495421,11,4,2025,0,408.9200134277344
2025-11-18,6617.31982421875,24503.099609375,24.690000534057617,4.09,323.291,4.3,-1.8756757252943457,-0.8256436690967983,-1.196859963399266,1.1302107716671506,-6.644220962287406,418.8514317103795,437.3666676839193,3.1689619090036505,11,4,2025,0,401.25
2025-11-19,6642.16015625,24640.51953125,23.65999984741211,4.09,323.291,4.3,0.6828636098130891,0.37538357962292324,0.560826687503746,-1.8756757252943457,0.5870832424868633,412.96000017438615,436.2100006103516,3.160961375534077,11,4,2025,0,403.989990234375
2025-11-20,6538.759765625,24054.380859375,26.420000076293945,4.09,323.291,4.3,-2.168365419886953,-1.5567283563270418,-2.3787593891096193,0.6828636098130891,1.1302107716671506,406.6185738699777,434.8663340250651,3.179785841061831,11,4,2025,0,395.2300109863281
2025-11-21,6602.990234375,24239.5703125,23.43000030517578,4.09,323.291,4.3,-1.0474950113494086,0.9823035415319481,0.7698782779221869,-2.168365419886953,-1.8756757252943457,400.9742867606027,434.119667561849,3.053261309903081,11,4,2025,0,391.0899963378906
2025-11-24,6705.1201171875,24873.849609375,20.520000457763672,4.09,323.291,4.3,6.82451678419993,1.5467217001293498,2.616710150789725,-1.0474950113494086,0.6828636098130891,403.2300022670201,433.5156677246094,3.1506894770425613,11,4,2025,0,417.7799987792969
2025-11-25,6765.8798828125,25018.359375,18.559999465942383,4.09,323.291,4.3,0.38776272725380423,0.9061696817220577,0.5809706494749101,6.82451678419993,-2.168365419886953,405.38000052315846,433.1876678466797,3.140007784666655,11,4,2025,0,419.3999938964844
2025-11-26,6812.60986328125,25236.939453125,17.190000534057617,4.09,323.291,4.3,1.7119677587676296,0.6906711511012631,0.8736787047012307,0.38776272725380423,-1.0474950113494086,407.9028538295201,432.9020009358724,3.145774182784096,11,4,2025,0,426.5799865722656
2025-11-28,6849.08984375,25434.890625,16.350000381469727,4.09,323.291,4.3,0.8415835173881447,0.5354773163420257,0.7843707524150201,1.7119677587676296,6.82451678419993,412.03428431919644,432.9493347167969,3.137276860123738,11,4,2025,0,430.1700134277344
2025-12-01,6812.6298828125,25342.849609375,17.239999771118164,3.72,326.031,4.4,-0.006973703038437584,-0.5323329342915684,-0.3618691229382853,0.8415835173881447,0.38776272725380423,415.77000209263394,432.64366861979164,3.1042423948411666,12,4,2025,0,430.1400146484375
2025-12-02,6829.3701171875,25555.859375,16.59000015258789,3.72,326.031,4.4,-0.20923987153301793,0.24572352619998128,0.8405122900867479,-0.006973703038437584,1.7119677587676296,420.6285705566406,432.03733520507814,3.0841221596013373,12,4,2025,0,429.239990234375
2025-12-03,6849.72021484375,25606.5390625,16.079999923706055,3.72,326.031,4.4,4.076973347810542,0.29797912994984355,0.19830946303287522,-0.20923987153301793,0.8415835173881447,428.5785696847098,432.1753346761068,3.169701355295715,12,4,2025,0,446.739990234375
2025-12-04,6857.1201171875,25581.69921875,15.779999732971191,3.72,326.031,4.4,1.7437455153354264,0.10803218396737702,-0.09700586123478905,4.076973347810542,-0.006973703038437584,433.8285696847098,432.6940012613932,3.1791527807531472,12,4,2025,0,454.5299987792969
2025-12-05,6870.39990234375,25692.05078125,15.40999984741211,3.72,326.031,4.4,0.10340378456106247,0.1936641757662061,0.43136916573203177,1.7437455153354264,-0.20923987153301793,438.9142848423549,432.89466756184896,3.153953468782585,12,4,2025,0,455.0
2025-12-08,6846.509765625,25627.94921875,16.65999984741211,3.72,326.031,4.4,-3.3890139401614006,-0.3477255626794018,-0.24949959443012482,0.10340378456106247,4.076973347810542,440.7714276994978,433.090000406901,3.153579741646429,12,4,2025,0,439.5799865722656
2025-12-09,6840.509765625,25668.689453125,16.93000030517578,3.72,326.031,4.4,1.271674558948499,-0.08763589340257116,0.15896798462982087,-3.3890139401614006,1.7437455153354264,442.9142848423549,432.84833374023435,3.0608294570113777,12,4,2025,0,445.1700134277344
2025-12-10,6886.68017578125,25776.439453125,15.770000457763672,3.72,326.031,4.4,1.410696720325344,0.674955693920154,0.41977211262291814,1.271674558948499,0.10340378456106247,445.9585702078683,432.5450012207031,3.053776834312781,12,4,2025,0,451.4500122070313
2025-12-11,6901.0,25686.689453125,14.850000381469728,3.72,326.031,4.4,-1.0100780674035303,0.2079350841514227,-0.34818618049716754,1.410696720325344,-3.3890139401614006,448.4800022670201,432.0576680501302,3.0587156327267224,12,4,2025,0,446.8900146484375
2025-12-12,6827.41015625,25196.73046875,15.739999771118164,3.72,326.031,4.4,2.7008830833098685,-1.0663649289958,-1.907443095261907,-1.0100780674035303,1.271674558948499,450.2257167271205,432.68633422851565,2.9723006728969557,12,4,2025,0,458.9599914550781
2025-12-15,6816.509765625,25067.26953125,16.5,3.72,326.031,4.4,3.5624033484225714,-0.15965630269072495,-0.5138005411478352,2.7008830833098685,1.410696720325344,453.1942879813058,433.31133422851565,2.9651373573465185,12,4,2025,0,475.30999755859375
2025-12-16,6800.259765625,25132.939453125,16.479999542236328,3.72,326.031,4.4,3.0653694218629735,-0.23839179519623555,0.261974770699025,3.5624033484225714,-1.0100780674035303,458.1771458217076,434.02833455403646,2.9798027420493733,12,4,2025,0,489.8800048828125
2025-12-17,6721.43017578125,24647.609375,17.6200008392334,3.72,326.031,4.4,-4.617456293730249,-1.1592143912241393,-1.9310517937234595,3.0653694218629735,2.7008830833098685,462.13143484933033,434.7950012207031,2.9484445515050997,12,4,2025,0,467.260009765625
2025-12-18,6774.759765625,25019.369140625,16.8700008392334,3.72,326.031,4.4,3.4477560704677446,0.7934262269941872,1.5082994864486832,-4.617456293730249,3.5624033484225714,467.5885750906808,435.5050008138021,2.9252043724511143,12,4,2025,0,483.3699951171875
2025-12-19,6834.5,25346.1796875,14.90999984741211,3.72,326.031,4.4,-0.4489279293453219,0.8818059450332205,1.3062301652696062,3.4477560704677446,3.0653694218629735,471.8385750906808,436.68133443196615,2.8444697112275583,12,4,2025,0,481.2000122070313
2025-12-22,6878.490234375,25461.69921875,14.079999923706056,3.72,326.031,4.4,1.5648376118613028,0.6436496360377575,0.4557670334317532,-0.4489279293453219,-4.617456293730249,477.8157174246652,438.6550018310547,2.7517222551812517,12,4,2025,0,488.7300109863281
2025-12-23,6909.7900390625,25587.830078125,14.0,3.72,326.031,4.4,-0.648622625268469,0.45503887657032394,0.49537486988344703,1.5648376118613028,3.4477560704677446,481.61571829659596,439.99933471679685,2.6912579748838876,12,4,2025,0,485.55999755859375
2025-12-24,6932.0498046875,25656.150390625,13.470000267028809,3.72,326.031,4.4,-0.032952397832164415,0.32214822012188726,0.2670031506829762,-0.648622625268469,-0.4489279293453219,483.05714634486606,441.52533467610675,2.675624336244335,12,4,2025,0,485.3999938964844
2025-12-26,6929.93994140625,25644.390625,13.600000381469728,3.72,326.031,4.4,-2.1034181259704465,-0.030436354912266594,-0.04583604884580428,-0.032952397832164415,1.5648376118613028,480.9585745675223,443.0116678873698,2.677249430606503,12,4,2025,0,475.1900024414063
2025-12-29,6905.740234375,25525.560546875,14.199999809265137,3.72,326.031,4.4,-3.2723726747357684,-0.349205148036813,-0.4633764937629459,-2.1034181259704465,-0.648622625268469,479.8700038364955,444.93333536783854,2.4324905279560944,12,4,2025,0,459.6400146484375
2025-12-30,6896.240234375,25462.560546875,14.329999923706056,3.72,326.031,4.4,-1.133500523587172,-0.13756671519022934,-0.24681142607743123,-3.2723726747357684,-0.032952397832164415,475.7357177734375,446.6026682535807,2.450004414074046,12,4,2025,0,454.4299926757813
2025-12-31,6845.5,25249.849609375,14.949999809265137,3.72,326.031,4.4,-1.0364613980130888,-0.7357666300846111,-0.8353870660745666,-1.133500523587172,-2.1034181259704465,471.2385733468192,447.96266784667966,2.4602222837823313,12,4,2025,0,449.7200012207031
2026-01-02,6858.47021484375,25206.169921875,14.510000228881836,3.72,326.031,4.4,-2.590499391813128,0.18947067188299638,-0.17298989172506163,-1.0364613980130888,-3.2723726747357684,464.00142996651783,449.19000142415365,2.485815116862761,1,1,2026,0,438.0700073242188
2026-01-05,6902.0498046875,25401.3203125,14.899999618530272,3.72,326.031,4.4,3.1045280151877908,0.6354126864826393,0.7742167541909595,-2.590499391813128,-1.133500523587172,459.1600036621094,450.779335530599,2.5367124028387424,1,1,2026,0,451.6700134277344
2026-01-06,6944.81982421875,25639.7109375,14.75,3.72,326.031,4.4,-4.142409594709518,0.6196712678341321,0.9384969838858614,3.1045280151877908,-1.0364613980130888,451.66857474190846,452.03700154622396,2.629625596187719,1,1,2026,0,432.9599914550781
2026-01-07,6920.93017578125,25653.900390625,15.380000114440918,3.72,326.031,4.4,-0.35799792672750463,-0.3439923431013958,0.05534170474694733,-4.142409594709518,-2.590499391813128,445.41428920200894,453.38100179036456,2.6200979359713146,1,1,2026,0,431.4100036621094
2026-01-08,6921.4599609375,25507.099609375,15.449999809265137,3.72,326.031,4.4,1.017589785492734,0.00765482590914246,-0.5722357186030314,-0.35799792672750463,3.1045280151877908,442.0085710797991,453.98166809082034,2.3238490178373685,1,1,2026,0,435.7999877929688
2026-01-09,6966.27978515625,25766.259765625,14.489999771118164,3.72,326.031,4.4,2.113359850994656,0.6475487031883276,1.0160314587658759,1.017589785492734,-4.142409594709518,440.66285923549106,454.83533528645836,2.3507015378976694,1,1,2026,0,445.010009765625
2026-01-12,6977.27001953125,25787.66015625,15.119999885559082,3.72,326.031,4.4,0.887616368794375,0.1577633215136931,0.08305586771095719,2.113359850994656,-0.35799792672750463,440.55428641183033,455.5813354492187,2.3374960563400244,1,1,2026,0,448.9599914550781
2026-01-13,6963.740234375,25741.94921875,15.979999542236328,3.72,326.031,4.4,-0.3920124914344236,-0.19391230550597216,-0.17725895728046837,0.887616368794375,1.017589785492734,441.8585728236608,456.1490020751953,2.3366176144139077,1,1,2026,0,447.2000122070313
2026-01-14,6926.60009765625,25465.939453125,16.75,3.72,326.031,4.4,-1.7889087168218576,-0.5333360445499591,-1.0722178156732598,-0.3920124914344236,2.113359850994656,440.07714407784607,456.4510019938151,2.3633976871437654,1,1,2026,0,439.2000122070313
2026-01-15,6944.47021484375,25547.0703125,15.84000015258789,3.72,326.031,4.4,-0.14344373071545347,0.25799262171273263,0.3185857703162265,-1.7889087168218576,0.887616368794375,440.8785749162947,456.7620025634766,2.3631346321417785,1,1,2026,0,438.5700073242188
2026-01-16,6940.009765625,25529.259765625,15.859999656677246,3.72,326.031,4.4,-0.24397640202235005,-0.06423023039563436,-0.06971659238079742,-0.14344373071545347,-0.3920124914344236,441.7485743931362,456.4540028889974,2.2408178586677425,1,1,2026,0,437.5
2026-01-20,6796.85986328125,24987.5703125,20.09000015258789,3.72,326.031,4.4,-4.171428571428571,-2.062675805627745,-2.1218376799721494,-0.24397640202235005,-1.7889087168218576,439.38429042271207,455.2780029296875,2.3361841818643256,1,1,2026,0,419.25
2026-01-21,6875.6201171875,25326.580078125,16.899999618530273,3.72,326.031,4.4,2.907573629435012,1.1587741323274559,1.356713603544768,-4.171428571428571,-0.14344373071545347,437.44571794782365,454.4926696777344,2.4055670733953067,1,1,2026,0,431.4400024414063
2026-01-22,6913.35009765625,25518.349609375,15.640000343322754,3.72,326.031,4.4,4.1535283721378935,0.5487502192628835,0.7571868395118697,2.907573629435012,-0.24397640202235005,437.5028599330357,454.81866963704425,2.4490192114771516,1,1,2026,0,449.3599853515625
2026-01-23,6915.60986328125,25605.470703125,16.09000015258789,3.72,326.031,4.4,-0.06675890216037983,0.03268698377891788,0.34140567506761865,4.1535283721378935,-4.171428571428571,437.76857212611606,454.9483357747396,2.439155991485329,1,1,2026,0,449.05999755859375
2026-01-26,6950.22998046875,25713.2109375,16.149999618530273,3.72,326.031,4.4,-3.0864440001146964,0.5006083031276365,0.4207703721761824,-0.06675890216037983,2.907573629435012,437.1971435546875,454.4066691080729,2.4907902752323814,1,1,2026,0,435.2000122070313
2026-01-27,6978.60009765625,25939.740234375,16.350000381469727,3.72,326.031,4.4,-0.9880556502607218,0.40818961771371676,0.8809840880068087,-3.0864440001146964,4.1535283721378935,436.10142735072543,453.87366841634116,2.4905136234586074,1,1,2026,0,430.8999938964844
2026-01-28,6978.02978515625,26022.7890625,16.350000381469727,3.72,326.031,4.4,0.12995998294869082,-0.008172305219089626,0.32016060058668305,-0.9880556502607218,-0.06675890216037983,435.2385689871652,452.9570017496745,2.4347288120577644,1,1,2026,0,431.4599914550781
2026-01-29,6969.009765625,25884.30078125,16.8799991607666,3.72,326.031,4.4,-3.453389466363932,-0.1292631274007694,-0.5321807778458587,0.12995998294869082,-3.0864440001146964,434.85428292410717,450.99866841634116,2.3998533003502014,1,1,2026,0,416.55999755859375
2026-01-30,6939.02978515625,25552.390625,17.440000534057617,3.72,326.031,4.4,3.3248526466028494,-0.4301899620894223,-1.282283647740745,-3.453389466363932,-0.9880556502607218,434.70714024135043,449.01633504231773,2.413244582025898,1,1,2026,0,430.4100036621094
2026-02-02,6976.43994140625,25738.609375,16.34000015258789,3.72,326.031,4.4,-1.9980962408733927,0.539126612916796,0.7287723201045981,3.3248526466028494,0.12995998294869082,430.7714276994978,447.50133463541664,2.300215740124537,2,1,2026,0,421.80999755859375
2026-02-03,6917.81005859375,25338.619140625,18.0,3.72,326.031,4.4,0.03555958781265023,-0.8403983020698336,-1.5540475732286896,-1.9980962408733927,-3.453389466363932,426.8999982561384,445.45433451334634,2.1894391902189643,2,1,2026,0,421.9599914550781
2026-02-04,6882.72021484375,24891.240234375,18.63999938964844,3.72,326.031,4.4,-3.779974882085746,-0.5072391906223106,-1.7656009736249811,0.03555958781265023,3.3248526466028494,422.72999790736606,442.9480010986328,2.27335851108357,2,1,2026,0,406.010009765625
2026-02-05,6798.39990234375,24548.689453125,21.770000457763672,3.72,326.031,4.4,-2.167438757390938,-1.2251015567674717,-1.376190089463425,-3.779974882085746,-1.9980962408733927,417.9171404157366,439.8973337809245,2.256275959270548,2,1,2026,0,397.2099914550781
2026-02-06,6932.2998046875,25075.76953125,20.3700008392334,3.72,326.031,4.4,3.4994069120882987,1.9695796697335899,2.147080312093408,-2.167438757390938,0.03555958781265023,415.00999668666293,437.41566670735676,2.380914278239125,2,1,2026,0,411.1099853515625
2026-02-09,6964.81982421875,25268.140625,17.360000610351562,3.72,326.031,4.4,1.5105500216312517,0.4691086716887227,0.7671592830292395,3.4994069120882987,-3.779974882085746,415.11856951032365,435.1463338216146,2.4084506505238754,2,1,2026,0,417.3200073242188
2026-02-10,6941.81005859375,25127.640625,17.790000915527344,3.72,326.031,4.4,1.8906316477488083,-0.3303712975458173,-0.5560361646119394,1.5105500216312517,-2.167438757390938,414.3757106236049,433.48033345540364,2.4256271494732986,2,1,2026,0,425.2099914550781
2026-02-11,6941.47021484375,25201.259765625,17.649999618530273,3.72,326.031,4.4,0.719643851293883,-0.004895607156218951,0.2929807128479567,1.8906316477488083,3.4994069120882987,415.29856654575894,432.4346659342448,2.3681018913852543,2,1,2026,0,428.2699890136719
2026-02-12,6832.759765625,24687.609375,20.81999969482422,3.72,326.031,4.4,-2.615168463063966,-1.566101212770199,-2.0381933101837557,0.719643851293883,1.5105500216312517,414.5999973842076,431.1893330891927,2.403255184667267,2,1,2026,0,417.0700073242188
2026-02-13,6836.169921875,24732.73046875,20.600000381469727,3.72,326.031,4.4,0.08871295242764976,0.04990891480125548,0.18276817760933817,-2.615168463063966,1.8906316477488083,416.2328534807478,430.1133331298828,2.399457631189352,2,1,2026,0,417.4400024414063
2026-02-17,6843.22021484375,24701.599609375,20.290000915527344,3.72,326.031,4.4,-1.6313715788533467,0.10313220779065713,-0.12586907626044308,0.08871295242764976,0.719643851293883,418.1499982561384,429.19866638183595,2.3730288236710386,2,1,2026,0,410.6300048828125
2026-02-18,6881.31005859375,24898.869140625,19.6200008392334,3.72,326.031,4.4,0.16803507615164026,0.5566070147410729,0.7986103506233189,-1.6313715788533467,-2.615168463063966,418.18000139508933,427.8536661783854,2.291698942455965,2,1,2026,0,411.3200073242188
2026-02-19,6861.89013671875,24797.33984375,20.229999542236328,3.72,326.031,4.4,0.09481282794783219,-0.28221256867719813,-0.4077666993692719,0.16803507615164026,0.08871295242764976,417.3785705566407,427.1453328450521,2.1733436117001372,2,1,2026,0,411.7099914550781
2026-02-20,6909.509765625,25012.619140625,19.09000015258789,3.72,326.031,4.4,0.02672169037041261,0.6939724763506794,0.8681548030211816,0.09481282794783219,-1.6313715788533467,415.4657156808036,426.4923329671224,2.1731769910328045,2,1,2026,0,411.8200073242188
2026-02-23,6837.75,24708.939453125,21.01000022888184,3.72,326.031,4.4,-2.911471161845147,-1.0385652247284827,-1.214105911070984,0.02672169037041261,0.16803507615164026,411.4028581891742,425.2933329264323,2.2194136754340037,2,1,2026,0,399.8299865722656
2026-02-24,6890.06982421875,24977.0390625,19.549999237060547,3.72,326.031,4.4,2.3885197787236967,0.7651614086322311,1.0850308241015627,-2.911471161845147,0.09481282794783219,410.30428641183045,424.1056660970052,2.2301152477675084,2,1,2026,0,409.3800048828125
2026-02-25,6946.1298828125,25329.0390625,17.93000030517578,3.72,326.031,4.4,1.9590573349979934,0.8136355657339944,1.409294348778456,2.3885197787236967,0.02672169037041261,410.29857090541293,423.0536661783854,2.2574359152303076,2,1,2026,0,417.3999938964844
2026-02-26,6908.85986328125,25034.369140625,18.6299991607666,3.72,326.031,4.4,-2.1130827631028026,-0.5365580569328343,-1.1633679475478553,1.9590573349979934,-2.911471161845147,410.0057111467634,421.7663319905599,2.2837263099380585,2,1,2026,0,408.5799865722656
2026-02-27,6878.8798828125,24960.0390625,19.86000061035156,3.72,326.031,4.4,-1.4856275407819197,-0.43393528110311497,-0.2969121279128961,-2.1130827631028026,2.3885197787236967,408.7471400669643,420.5433319091797,2.277458010682425,2,1,2026,0,402.510009765625
2026-03-02,6881.6201171875,24992.599609375,21.440000534057617,3.72,326.031,4.4,0.20123662491411398,0.03983547353176853,0.130450704798446,-1.4856275407819197,1.9590573349979934,407.54857090541293,419.3683319091797,2.278962731246425,3,1,2026,0,403.3200073242188
2026-03-03,6816.6298828125,24720.080078125,23.56999969482422,3.72,326.031,4.4,-2.7000928420799375,-0.9444031095625416,-1.0904009007041249,0.20123662491411398,-2.1130827631028026,404.77856881277904,417.8659983317057,2.322303525397958,3,1,2026,0,392.4299926757813
2026-03-04,6869.5,25093.6796875,21.149999618530277,3.72,326.031,4.4,3.442654745501761,0.7756049264286302,1.5113203848623469,-2.7000928420799375,-1.4856275407819197,405.65142822265625,417.4223317464193,2.3046405954612026,3,1,2026,0,405.9400024414063
2026-03-05,6830.7099609375,25020.41015625,23.75,3.72,326.031,4.4,-0.09607691927178141,-0.5646704863891072,-0.2919840061818335,3.442654745501761,0.20123662491411398,405.10428292410717,416.559331258138,2.234467422864517,3,1,2026,0,405.5499877929688
2026-03-06,6740.02001953125,24643.01953125,29.489999771118164,3.72,326.031,4.4,-2.1748186591348695,-1.3276795812569242,-1.5083310890718127,-0.09607691927178141,-2.7000928420799375,402.15142822265625,414.80499877929685,2.1060867035664246,3,1,2026,0,396.7300109863281
2026-03-09,6795.990234375,24967.25,25.5,3.72,326.031,4.4,0.49151353198746417,0.8304161513105202,1.3157091741084814,-2.1748186591348695,3.442654745501761,400.73714338030135,413.12566528320315,2.111527346285383,3,1,2026,0,398.6799926757813
2026-03-10,6781.47998046875,24956.470703125,24.93000030517578,3.72,326.031,4.4,0.14046291985589932,-0.21351198877325173,-0.043173745106084294,0.49151353198746417,-0.09607691927178141,400.2699977329799,411.9269978841146,2.049895657858309,3,1,2026,0,399.239990234375
2026-03-11,6775.7998046875,24965.009765625,24.229999542236328,3.72,326.031,4.4,2.149087591352483,-0.08376012017449197,0.034215825633276964,0.14046291985589932,-2.1748186591348695,400.91285487583707,411.1576649983724,2.091427436158863,3,1,2026,0,407.8200073242188
2026-03-12,6672.6201171875,24533.580078125,27.290000915527344,3.72,326.031,4.4,-3.1410910030242323,-1.5227676506708532,-1.7281374674006589,2.149087591352483,0.49151353198746417,401.2814287458147,409.942665608724,2.1598207511520395,3,1,2026,0,395.010009765625
2026-03-13,6632.18994140625,24380.73046875,27.190000534057617,3.72,326.031,4.4,-0.9645319015723963,-0.6059115470564369,-0.6230220330186831,-3.1410910030242323,0.14046291985589932,399.1757158551898,409.09733276367194,2.0796873395103934,3,1,2026,0,391.2000122070313
2026-03-16,6699.3798828125,24655.33984375,23.51000022888184,3.72,326.031,4.4,1.1145156481373153,1.013088316225197,1.1263377664257446,-0.9645319015723963,2.149087591352483,397.7485743931362,407.93566589355476,1.988070940405419,3,1,2026,0,395.55999755859375
2026-03-17,6716.08984375,24780.419921875,22.3700008392334,3.72,326.031,4.4,0.9379086555709071,0.24942548757938,0.5073143542846159,1.1145156481373153,-3.1410910030242323,398.11142839704246,407.18433227539066,1.971856491877891,3,1,2026,0,399.2699890136719
2026-03-18,6624.7001953125,24425.08984375,25.09000015258789,3.72,326.031,4.4,-1.6254640751756533,-1.3607567880073446,-1.4339146763664434,0.9379086555709071,-0.9645319015723963,397.2685721261161,406.21166585286466,1.9893008592870312,3,1,2026,0,392.7799987792969
2026-03-19,6606.490234375,24355.279296875,24.059999465942383,3.72,326.031,4.4,-3.177353995904608,-0.2748797741878972,-0.28581490312455937,-1.6254640751756533,1.1145156481373153,394.56285749162953,405.35466512044275,1.9548519859227704,3,1,2026,0,380.2999877929688
2026-03-20,6506.47998046875,23898.150390625,26.780000686645508,3.72,326.031,4.4,-3.2448058727281515,-1.5138182356779217,-1.8769191709029354,-3.177353995904608,0.9379086555709071,388.86856951032365,404.3796651204428,2.001591670260229,3,1,2026,0,367.9599914550781
2026-03-23,6581.0,24188.58984375,26.149999618530277,3.72,326.031,4.4,3.5031022251806876,1.1453200463990454,1.215321890513077,-3.2448058727281515,-1.6254640751756533,386.845711844308,403.3709991455079,2.0018295241484654,3,1,2026,0,380.8500061035156
2026-03-24,6556.3701171875,24002.44921875,26.950000762939453,3.72,326.031,4.4,0.5724019012326664,-0.37425745042546366,-0.7695389694165944,3.5031022251806876,-3.177353995904608,385.6785670689174,402.22799886067713,1.9808366432268134,3,1,2026,0,383.0299987792969
2026-03-25,6591.89990234375,24162.98046875,25.32999992370605,3.72,326.031,4.4,0.7623458833617258,0.5419124381509377,0.6688119555507521,0.5724019012326664,-3.2448058727281515,384.3057120186942,400.9193328857422,1.9489236937605519,3,1,2026,0,385.9500122070313
2026-03-26,6477.16015625,23586.990234375,27.440000534057617,3.72,326.031,4.4,-3.585963575004303,-1.7406172392416708,-2.383771468589846,0.7623458833617258,3.5031022251806876,380.4257114955357,399.04733276367193,2.027876718047129,3,1,2026,0,372.1099853515625
2026-03-27,6368.85009765625,23132.76953125,31.049999237060547,3.72,326.031,4.4,-2.7626237359861583,-1.6721843521074309,-1.9257255741897628,-3.585963575004303,0.5724019012326664,376.0042811802455,397.2059987386068,2.033482777067245,3,1,2026,0,361.8299865722656
2026-03-30,6343.72021484375,22953.380859375,30.61000061035156,3.72,326.031,4.4,-1.8102390725044493,-0.39457488286226416,-0.7754742536671411,-2.7626237359861583,0.7623458833617258,372.4299970354353,395.13399861653653,2.0455761703624553,3,1,2026,0,355.2799987792969
2026-03-31,6528.52001953125,23740.189453125,25.25,3.72,326.031,4.4,4.635780589195071,2.913114047102594,3.427854914142814,-1.8102390725044493,-3.585963575004303,372.971426827567,393.8379984537761,2.238621657709308,3,1,2026,0,371.75
2026-04-01,6575.31982421875,24019.990234375,24.540000915527344,3.72,326.031,4.4,2.5581734406523227,0.7168516684867399,1.1785954017025313,4.635780589195071,-2.7626237359861583,373.0299987792969,392.8359985351563,2.2978530685266145,4,2,2026,0,381.260009765625
2026-04-02,6582.68994140625,24045.533203125,23.8700008392334,3.72,326.031,4.4,-5.421500524128142,0.11208758485563575,0.10634046267614661,2.5581734406523227,-1.8102390725044493,369.8242841448103,391.13199869791674,2.484343123447591,4,2,2026,0,360.5899963378906
