Date,TSLA_Close,TSLA_Volume,TSLA_Adj_Close,SP500_Close,NASDAQ_Close,VIX_Close,Fed_Funds_Rate,CPI,Unemployment_Rate
2018-01-02,21.368667602539062,65283000,21.368667602539062,2695.81005859375,6511.33984375,9.770000457763672,1.42,249.529,4.1
2018-01-03,21.149999618530277,67822500,21.149999618530277,2713.06005859375,6575.7998046875,9.149999618530272,1.42,249.529,4.1
2018-01-04,20.974666595458984,149194500,20.974666595458984,2723.989990234375,6584.580078125,9.220000267028809,1.42,249.529,4.1
2018-01-05,21.10533332824707,68868000,21.10533332824707,2743.14990234375,6653.2900390625,9.220000267028809,1.42,249.529,4.1
2018-01-08,22.42733383178711,147891000,22.42733383178711,2747.7099609375,6676.6298828125,9.520000457763672,1.42,249.529,4.1
2018-01-09,22.246000289916992,107199000,22.246000289916992,2751.2900390625,6677.93994140625,10.079999923706056,1.42,249.529,4.1
2018-01-10,22.31999969482422,64648500,22.31999969482422,2748.22998046875,6662.66015625,9.81999969482422,1.42,249.529,4.1
2018-01-11,22.530000686645508,99682500,22.530000686645508,2767.56005859375,6708.490234375,9.880000114440918,1.42,249.529,4.1
2018-01-12,22.4146671295166,72376500,22.4146671295166,2786.239990234375,6758.5400390625,10.15999984741211,1.42,249.529,4.1
2018-01-16,22.67066764831543,97114500,22.67066764831543,2776.419921875,6737.14013671875,11.65999984741211,1.42,249.529,4.1
2018-01-17,23.143999099731445,106552500,23.143999099731445,2802.56005859375,6810.27978515625,11.90999984741211,1.42,249.529,4.1
2018-01-18,22.971332550048828,85287000,22.971332550048828,2798.030029296875,6811.3798828125,12.220000267028809,1.42,249.529,4.1
2018-01-19,23.334667205810547,73324500,23.334667205810547,2810.300048828125,6834.330078125,11.270000457763672,1.42,249.529,4.1
2018-01-22,23.437332153320312,93156000,23.437332153320312,2832.969970703125,6906.27978515625,11.029999732971191,1.42,249.529,4.1
2018-01-23,23.519332885742188,81981000,23.519332885742188,2839.1298828125,6963.4599609375,11.100000381469728,1.42,249.529,4.1
2018-01-24,23.05933380126953,79312500,23.05933380126953,2837.5400390625,6919.35009765625,11.470000267028809,1.42,249.529,4.1
2018-01-25,22.50933265686035,101104500,22.50933265686035,2839.25,6916.2998046875,11.579999923706056,1.42,249.529,4.1
2018-01-26,22.856666564941406,68091000,22.856666564941406,2872.8701171875,7022.97021484375,11.079999923706056,1.42,249.529,4.1
2018-01-29,23.302000045776367,71206500,23.302000045776367,2853.530029296875,6988.31982421875,13.84000015258789,1.42,249.529,4.1
2018-01-30,23.05466651916504,70765500,23.05466651916504,2822.429931640625,6930.72998046875,14.789999961853027,1.42,249.529,4.1
2018-01-31,23.62066650390625,93211500,23.62066650390625,2823.81005859375,6949.990234375,13.539999961853027,1.42,249.529,4.1
2018-02-01,23.28333282470703,62965500,23.28333282470703,2821.97998046875,6901.5,13.470000267028809,1.42,249.529,4.1
2018-02-02,22.916667938232425,55572000,22.916667938232425,2762.1298828125,6760.2900390625,17.309999465942383,1.42,249.529,4.1
2018-02-05,22.208667755126957,66961500,22.208667755126957,2648.93994140625,6495.919921875,37.31999969482422,1.42,249.529,4.1
2018-02-06,22.264667510986328,76326000,22.264667510986328,2695.139892578125,6665.97998046875,29.979999542236328,1.42,249.529,4.1
2018-02-07,23.0,104538000,23.0,2681.659912109375,6582.02001953125,27.729999542236328,1.42,249.529,4.1
2018-02-08,21.01533317565918,154719000,21.01533317565918,2581.0,6306.10009765625,33.459999084472656,1.42,249.529,4.1
2018-02-09,20.69466781616211,194005500,20.69466781616211,2619.550048828125,6412.68017578125,29.059999465942383,1.42,249.529,4.1
2018-02-12,21.048667907714844,93417000,21.048667907714844,2656.0,6523.85009765625,25.61000061035156,1.42,249.529,4.1
2018-02-13,21.577333450317383,68403000,21.577333450317383,2662.93994140625,6553.85986328125,24.96999931335449,1.42,249.529,4.1
2018-02-14,21.48733329772949,59260500,21.48733329772949,2698.6298828125,6675.02978515625,19.26000022888184,1.42,249.529,4.1
2018-02-15,22.271333694458008,88693500,22.271333694458008,2731.199951171875,6794.919921875,19.1299991607666,1.42,249.529,4.1
2018-02-16,22.36599922180176,84639000,22.36599922180176,2732.219970703125,6770.66015625,19.459999084472656,1.42,249.529,4.1
2018-02-20,22.31800079345703,60141000,22.31800079345703,2716.260009765625,6779.68994140625,20.600000381469727,1.42,249.529,4.1
2018-02-21,22.21999931335449,48294000,22.21999931335449,2701.330078125,6759.259765625,20.020000457763672,1.42,249.529,4.1
2018-02-22,23.077999114990234,104547000,23.077999114990234,2703.9599609375,6761.85009765625,18.71999931335449,1.42,249.529,4.1
2018-02-23,23.46999931335449,87261000,23.46999931335449,2747.300048828125,6896.60009765625,16.489999771118164,1.42,249.529,4.1
2018-02-26,23.827999114990234,65100000,23.827999114990234,2779.60009765625,6989.10009765625,15.800000190734863,1.42,249.529,4.1
2018-02-27,23.39933204650879,71961000,23.39933204650879,2744.280029296875,6900.35009765625,18.59000015258789,1.42,249.529,4.1
2018-02-28,22.87066650390625,91045500,22.87066650390625,2713.830078125,6854.419921875,19.850000381469727,1.42,249.529,4.1
2018-03-01,22.062000274658203,103284000,22.062000274658203,2677.669921875,6750.5400390625,22.46999931335449,1.51,249.577,4.0
2018-03-02,22.341333389282227,76392000,22.341333389282227,2691.25,6811.0400390625,19.59000015258789,1.51,249.577,4.0
2018-03-05,22.22333335876465,57357000,22.22333335876465,2720.93994140625,6881.27978515625,18.729999542236328,1.51,249.577,4.0
2018-03-06,21.8799991607666,64285500,21.8799991607666,2728.1201171875,6913.02001953125,18.36000061035156,1.51,249.577,4.0
2018-03-07,22.15333366394043,75109500,22.15333366394043,2726.800048828125,6929.39013671875,17.760000228881836,1.51,249.577,4.0
2018-03-08,21.940000534057617,53493000,21.940000534057617,2738.969970703125,6966.43017578125,16.540000915527344,1.51,249.577,4.0
2018-03-09,21.81133270263672,82602000,21.81133270263672,2786.570068359375,7101.18017578125,14.640000343322754,1.51,249.577,4.0
2018-03-12,23.03400039672852,123960000,23.03400039672852,2783.02001953125,7131.1201171875,15.779999732971191,1.51,249.577,4.0
2018-03-13,22.78933334350586,89487000,22.78933334350586,2765.31005859375,7046.509765625,16.350000381469727,1.51,249.577,4.0
2018-03-14,21.775333404541016,119511000,21.775333404541016,2749.47998046875,7040.97998046875,17.229999542236328,1.51,249.577,4.0
2018-03-15,21.706666946411133,98472000,21.706666946411133,2747.330078125,7030.97021484375,16.59000015258789,1.51,249.577,4.0
2018-03-16,21.42333221435547,91759500,21.42333221435547,2752.010009765625,7019.9501953125,15.800000190734863,1.51,249.577,4.0
2018-03-19,20.90399932861328,112264500,20.90399932861328,2712.919921875,6864.8798828125,19.020000457763672,1.51,249.577,4.0
2018-03-20,20.703332901000977,71464500,20.703332901000977,2716.93994140625,6885.919921875,18.200000762939453,1.51,249.577,4.0
2018-03-21,21.101999282836918,89376000,21.101999282836918,2711.929931640625,6853.4501953125,17.860000610351562,1.51,249.577,4.0
2018-03-22,20.606666564941406,74097000,20.606666564941406,2643.68994140625,6682.259765625,23.34000015258789,1.51,249.577,4.0
2018-03-23,20.1026668548584,99823500,20.1026668548584,2588.260009765625,6508.08984375,24.8700008392334,1.51,249.577,4.0
2018-03-26,20.27866744995117,125628000,20.27866744995117,2658.550048828125,6753.830078125,21.030000686645508,1.51,249.577,4.0
2018-03-27,18.61199951171875,208080000,18.61199951171875,2612.6201171875,6529.83984375,22.5,1.51,249.577,4.0
2018-03-28,17.185333251953125,315021000,17.185333251953125,2605.0,6460.81005859375,22.8700008392334,1.51,249.577,4.0
2018-03-29,17.742000579833984,227560500,17.742000579833984,2640.8701171875,6581.1298828125,19.96999931335449,1.51,249.577,4.0
2018-04-02,16.832000732421875,241710000,16.832000732421875,2581.8798828125,6390.83984375,23.6200008392334,1.51,249.577,4.0
2018-04-03,17.8353328704834,282666000,17.8353328704834,2614.449951171875,6458.830078125,21.100000381469727,1.51,249.577,4.0
2018-04-04,19.12933349609375,298450500,19.12933349609375,2644.68994140625,6560.06005859375,20.059999465942383,1.51,249.577,4.0
2018-04-05,20.381332397460938,286816500,20.381332397460938,2662.840087890625,6594.83984375,18.940000534057617,1.51,249.577,4.0
2018-04-06,19.953332901000977,202804500,19.953332901000977,2604.469970703125,6433.2099609375,21.489999771118164,1.51,249.577,4.0
2018-04-09,19.310667037963867,153747000,19.310667037963867,2613.159912109375,6472.33984375,21.770000457763672,1.51,249.577,4.0
2018-04-10,20.31333351135254,164847000,20.31333351135254,2656.8701171875,6615.8701171875,20.46999931335449,1.51,249.577,4.0
2018-04-11,20.062000274658203,112243500,20.062000274658203,2642.18994140625,6583.43994140625,20.239999771118164,1.51,249.577,4.0
2018-04-12,19.60533332824707,114132000,19.60533332824707,2663.989990234375,6656.259765625,18.489999771118164,1.51,249.577,4.0
2018-04-13,20.022666931152344,109908000,20.022666931152344,2656.300048828125,6628.33984375,17.40999984741211,1.51,249.577,4.0
2018-04-16,19.41399955749512,95077500,19.41399955749512,2677.840087890625,6675.18017578125,16.559999465942383,1.51,249.577,4.0
2018-04-17,19.179332733154297,105000000,19.179332733154297,2706.389892578125,6816.3701171875,15.25,1.51,249.577,4.0
2018-04-18,19.55666732788086,98365500,19.55666732788086,2708.639892578125,6833.2099609375,15.600000381469728,1.51,249.577,4.0
2018-04-19,20.005332946777344,91359000,20.005332946777344,2693.1298828125,6774.89013671875,15.960000038146973,1.51,249.577,4.0
2018-04-20,19.34933280944824,84418500,19.34933280944824,2670.139892578125,6667.75,16.8799991607666,1.51,249.577,4.0
2018-04-23,18.891332626342773,73401000,18.891332626342773,2670.2900390625,6648.7998046875,16.34000015258789,1.51,249.577,4.0
2018-04-24,18.8973331451416,85279500,18.8973331451416,2634.56005859375,6509.0498046875,18.020000457763672,1.51,249.577,4.0
2018-04-25,18.71266746520996,60204000,18.71266746520996,2639.39990234375,6513.93994140625,17.84000015258789,1.51,249.577,4.0
2018-04-26,19.03199958801269,65340000,19.03199958801269,2666.93994140625,6649.64990234375,16.239999771118164,1.51,249.577,4.0
2018-04-27,19.60533332824707,65469000,19.60533332824707,2669.909912109375,6656.35009765625,15.40999984741211,1.51,249.577,4.0
2018-04-30,19.59333229064941,63423000,19.59333229064941,2648.050048828125,6605.56982421875,15.93000030517578,1.51,249.577,4.0
2018-05-01,19.994667053222656,69384000,19.994667053222656,2654.800048828125,6681.9599609375,15.489999771118164,1.7,250.792,3.8
2018-05-02,20.07666778564453,134556000,20.07666778564453,2635.669921875,6644.47998046875,15.970000267028809,1.7,250.792,3.8
2018-05-03,18.96333312988281,260281500,18.96333312988281,2629.72998046875,6643.47998046875,15.899999618530272,1.7,250.792,3.8
2018-05-04,19.606000900268555,128541000,19.606000900268555,2663.419921875,6769.1201171875,14.770000457763672,1.7,250.792,3.8
2018-05-07,20.184667587280277,130173000,20.184667587280277,2672.6298828125,6821.8701171875,14.75,1.7,250.792,3.8
2018-05-08,20.131332397460938,88950000,20.131332397460938,2671.919921875,6815.47998046875,14.710000038146973,1.7,250.792,3.8
2018-05-09,20.456666946411133,85911000,20.456666946411133,2697.7900390625,6893.2099609375,13.420000076293944,1.7,250.792,3.8
2018-05-10,20.334667205810547,84774000,20.334667205810547,2723.070068359375,6963.5498046875,13.229999542236328,1.7,250.792,3.8
2018-05-11,20.070667266845703,70194000,20.070667266845703,2727.719970703125,6952.56005859375,12.649999618530272,1.7,250.792,3.8
2018-05-14,19.46466636657715,109302000,19.46466636657715,2730.1298828125,6964.3701171875,12.93000030517578,1.7,250.792,3.8
2018-05-15,18.94533348083496,142788000,18.94533348083496,2711.449951171875,6888.5400390625,14.630000114440918,1.7,250.792,3.8
2018-05-16,19.09866714477539,85110000,19.09866714477539,2722.4599609375,6929.97021484375,13.420000076293944,1.7,250.792,3.8
2018-05-17,18.96933364868164,66309000,18.96933364868164,2720.1298828125,6901.6298828125,13.43000030517578,1.7,250.792,3.8
2018-05-18,18.454666137695312,108778500,18.454666137695312,2712.969970703125,6866.25,13.420000076293944,1.7,250.792,3.8
2018-05-21,18.965999603271484,137739000,18.965999603271484,2733.010009765625,6905.52978515625,13.079999923706056,1.7,250.792,3.8
2018-05-22,18.333999633789062,134187000,18.333999633789062,2724.43994140625,6893.6201171875,13.220000267028809,1.7,250.792,3.8
2018-05-23,18.60466766357422,89776500,18.60466766357422,2733.2900390625,6953.6298828125,12.579999923706056,1.7,250.792,3.8
2018-05-24,18.523332595825195,62650500,18.523332595825195,2727.760009765625,6949.7001953125,12.529999732971191,1.7,250.792,3.8
2018-05-25,18.59000015258789,58126500,18.59000015258789,2721.330078125,6960.919921875,13.220000267028809,1.7,250.792,3.8
2018-05-29,18.917333602905277,84999000,18.917333602905277,2689.860107421875,6926.5400390625,17.020000457763672,1.7,250.792,3.8
2018-05-30,19.447999954223636,112345500,19.447999954223636,2724.010009765625,6976.3701171875,14.9399995803833,1.7,250.792,3.8
2018-05-31,18.98200035095215,88795500,18.98200035095215,2705.27001953125,6967.72998046875,15.43000030517578,1.7,250.792,3.8
2018-06-01,19.454666137695312,81366000,19.454666137695312,2734.6201171875,7083.93017578125,13.460000038146973,1.82,251.018,4.0
2018-06-04,19.78266716003418,71967000,19.78266716003418,2746.8701171875,7143.56982421875,12.739999771118164,1.82,251.018,4.0
2018-06-05,19.408666610717773,89928000,19.408666610717773,2748.800048828125,7166.75,12.399999618530272,1.82,251.018,4.0
2018-06-06,21.299999237060547,281509500,21.299999237060547,2772.35009765625,7210.080078125,11.640000343322754,1.82,251.018,4.0
2018-06-07,21.07266616821289,215179500,21.07266616821289,2770.3701171875,7152.830078125,12.130000114440918,1.82,251.018,4.0
2018-06-08,21.17733383178711,123078000,21.17733383178711,2779.030029296875,7152.6201171875,12.18000030517578,1.82,251.018,4.0
2018-06-11,22.13999938964844,197752500,22.13999938964844,2782.0,7168.47998046875,12.350000381469728,1.82,251.018,4.0
2018-06-12,22.851333618164062,335211000,22.851333618164062,2786.85009765625,7209.18017578125,12.34000015258789,1.82,251.018,4.0
2018-06-13,22.985332489013672,142047000,22.985332489013672,2775.6298828125,7205.259765625,12.9399995803833,1.82,251.018,4.0
2018-06-14,23.847999572753903,164715000,23.847999572753903,2782.489990234375,7279.58984375,12.119999885559082,1.82,251.018,4.0
2018-06-15,23.87800025939941,162724500,23.87800025939941,2779.659912109375,7255.759765625,11.979999542236328,1.82,251.018,4.0
2018-06-18,24.722000122070312,181098000,24.722000122070312,2773.75,7251.41015625,12.3100004196167,1.82,251.018,4.0
2018-06-19,23.503332138061523,191428500,23.503332138061523,2762.590087890625,7228.0400390625,13.350000381469728,1.82,251.018,4.0
2018-06-20,24.14800071716309,125755500,24.14800071716309,2767.320068359375,7280.7001953125,12.789999961853027,1.82,251.018,4.0
2018-06-21,23.167333602905277,119506500,23.167333602905277,2749.760009765625,7217.490234375,14.640000343322754,1.82,251.018,4.0
2018-06-22,22.242000579833984,153991500,22.242000579833984,2754.8798828125,7197.509765625,13.770000457763672,1.82,251.018,4.0
2018-06-25,22.200666427612305,103969500,22.200666427612305,2717.070068359375,7038.169921875,17.329999923706055,1.82,251.018,4.0
2018-06-26,22.799999237060547,111787500,22.799999237060547,2723.06005859375,7068.2001953125,15.920000076293944,1.82,251.018,4.0
2018-06-27,22.96666717529297,125005500,22.96666717529297,2699.6298828125,6969.669921875,17.90999984741211,1.82,251.018,4.0
2018-06-28,23.32866668701172,125970000,23.32866668701172,2716.31005859375,7031.60009765625,16.850000381469727,1.82,251.018,4.0
2018-06-29,22.86333274841309,97386000,22.86333274841309,2718.3701171875,7040.7998046875,16.09000015258789,1.82,251.018,4.0
2018-07-02,22.33799934387207,281397000,22.33799934387207,2726.7099609375,7097.81982421875,15.600000381469728,1.82,251.018,4.0
2018-07-03,20.724000930786133,184239000,20.724000930786133,2713.219970703125,7014.5498046875,16.139999389648438,1.82,251.018,4.0
2018-07-05,20.61066627502441,262146000,20.61066627502441,2736.610107421875,7101.0498046875,14.970000267028809,1.82,251.018,4.0
2018-07-06,20.59333229064941,132982500,20.59333229064941,2759.820068359375,7207.330078125,13.369999885559082,1.82,251.018,4.0
2018-07-09,21.233999252319336,113952000,21.233999252319336,2784.169921875,7276.0,12.6899995803833,1.82,251.018,4.0
2018-07-10,21.49799919128418,142072500,21.49799919128418,2793.840087890625,7282.60009765625,12.640000343322754,1.82,251.018,4.0
2018-07-11,21.263999938964844,73261500,21.263999938964844,2774.02001953125,7243.97998046875,13.630000114440918,1.82,251.018,4.0
2018-07-12,21.11400032043457,85818000,21.11400032043457,2798.2900390625,7366.25,12.579999923706056,1.82,251.018,4.0
2018-07-13,21.257999420166016,88047000,21.257999420166016,2801.31005859375,7375.81982421875,12.18000030517578,1.82,251.018,4.0
2018-07-16,20.67333221435547,117280500,20.67333221435547,2798.429931640625,7357.89990234375,12.829999923706056,1.82,251.018,4.0
2018-07-17,21.512666702270508,104943000,21.512666702270508,2809.550048828125,7403.89013671875,12.0600004196167,1.82,251.018,4.0
2018-07-18,21.59000015258789,84363000,21.59000015258789,2815.6201171875,7390.1298828125,12.100000381469728,1.82,251.018,4.0
2018-07-19,21.34866714477539,88729500,21.34866714477539,2804.489990234375,7352.35986328125,12.869999885559082,1.82,251.018,4.0
2018-07-20,20.905332565307617,77433000,20.905332565307617,2801.830078125,7350.22998046875,12.859999656677246,1.82,251.018,4.0
2018-07-23,20.21333312988281,164893500,20.21333312988281,2806.97998046875,7371.77978515625,12.619999885559082,1.82,251.018,4.0
2018-07-24,19.82866668701172,143862000,19.82866668701172,2820.39990234375,7406.25,12.40999984741211,1.82,251.018,4.0
2018-07-25,20.582666397094727,106131000,20.582666397094727,2846.070068359375,7508.58984375,12.289999961853027,1.82,251.018,4.0
2018-07-26,20.44333267211914,69457500,20.44333267211914,2837.43994140625,7400.75,12.140000343322754,1.82,251.018,4.0
2018-07-27,19.812000274658203,85549500,19.812000274658203,2818.820068359375,7296.77978515625,13.029999732971191,1.82,251.018,4.0
2018-07-30,19.344667434692383,102211500,19.344667434692383,2802.60009765625,7193.10009765625,14.260000228881836,1.82,251.018,4.0
2018-07-31,19.875999450683597,76153500,19.875999450683597,2816.2900390625,7231.97998046875,12.829999923706056,1.82,251.018,4.0
2018-08-01,20.05599975585937,151941000,20.05599975585937,2813.360107421875,7272.89013671875,13.149999618530272,1.91,251.663,3.8
2018-08-02,23.30266761779785,348225000,23.30266761779785,2827.219970703125,7372.14990234375,12.1899995803833,1.91,251.663,3.8
2018-08-03,23.211332321166992,204847500,23.211332321166992,2840.35009765625,7395.490234375,11.640000343322754,1.91,251.663,3.8
2018-08-06,22.79933357238769,128464500,22.79933357238769,2850.39990234375,7438.990234375,11.270000457763672,1.91,251.663,3.8
2018-08-07,25.30466651916504,463137000,25.30466651916504,2858.449951171875,7462.64990234375,10.93000030517578,1.91,251.663,3.8
2018-08-08,24.689332962036133,368568000,24.689332962036133,2857.699951171875,7469.5498046875,10.850000381469728,1.91,251.663,3.8
2018-08-09,23.49666786193848,257757000,23.49666786193848,2853.580078125,7466.9599609375,11.270000457763672,1.91,251.663,3.8
2018-08-10,23.69933319091797,173280000,23.69933319091797,2833.280029296875,7408.2998046875,13.15999984741211,1.91,251.663,3.8
2018-08-13,23.76066780090332,156958500,23.76066780090332,2821.929931640625,7401.169921875,14.779999732971191,1.91,251.663,3.8
2018-08-14,23.176000595092773,104796000,23.176000595092773,2839.9599609375,7447.169921875,13.3100004196167,1.91,251.663,3.8
2018-08-15,22.57933235168457,136519500,22.57933235168457,2818.3701171875,7354.66015625,14.640000343322754,1.91,251.663,3.8
2018-08-16,22.36333274841309,90960000,22.36333274841309,2840.68994140625,7374.2900390625,13.449999809265137,1.91,251.663,3.8
2018-08-17,20.36666679382324,284379000,20.36666679382324,2850.1298828125,7377.5400390625,12.640000343322754,1.91,251.663,3.8
2018-08-20,20.562667846679688,261034500,20.562667846679688,2857.050048828125,7371.419921875,12.489999771118164,1.91,251.663,3.8
2018-08-21,21.459999084472656,197583000,21.459999084472656,2862.9599609375,7397.22998046875,12.859999656677246,1.91,251.663,3.8
2018-08-22,21.44266700744629,89190000,21.44266700744629,2861.820068359375,7424.60009765625,12.25,1.91,251.663,3.8
2018-08-23,21.34000015258789,77209500,21.34000015258789,2856.97998046875,7413.83984375,12.40999984741211,1.91,251.663,3.8
2018-08-24,21.521333694458008,54039000,21.521333694458008,2874.68994140625,7485.39990234375,11.989999771118164,1.91,251.663,3.8
2018-08-27,21.284666061401367,196189500,21.284666061401367,2896.739990234375,7559.1298828125,12.15999984741211,1.91,251.663,3.8
2018-08-28,20.790666580200195,114736500,20.790666580200195,2897.52001953125,7570.25,12.5,1.91,251.663,3.8
2018-08-29,20.333999633789062,111711000,20.333999633789062,2914.0400390625,7660.18017578125,12.25,1.91,251.663,3.8
2018-08-30,20.209999084472656,108250500,20.209999084472656,2901.1298828125,7642.669921875,13.529999732971191,1.91,251.663,3.8
2018-08-31,20.11066627502441,80626500,20.11066627502441,2901.52001953125,7654.5498046875,12.859999656677246,1.91,251.663,3.8
2018-09-04,19.26333236694336,125257500,19.26333236694336,2896.719970703125,7622.31982421875,13.15999984741211,1.91,251.663,3.8
2018-09-05,18.715999603271484,115812000,18.715999603271484,2888.60009765625,7523.259765625,13.90999984741211,1.91,251.663,3.8
2018-09-06,18.729999542236328,112212000,18.729999542236328,2878.050048828125,7453.169921875,14.649999618530272,1.91,251.663,3.8
2018-09-07,17.549333572387695,337378500,17.549333572387695,2871.679931640625,7430.259765625,14.880000114440918,1.91,251.663,3.8
2018-09-10,19.03333282470703,214252500,19.03333282470703,2877.1298828125,7447.68017578125,14.15999984741211,1.91,251.663,3.8
2018-09-11,18.62933349609375,137550000,18.62933349609375,2887.889892578125,7507.8701171875,13.220000267028809,1.91,251.663,3.8
2018-09-12,19.369333267211918,150231000,19.369333267211918,2888.919921875,7488.06005859375,13.140000343322754,1.91,251.663,3.8
2018-09-13,19.297332763671875,95104500,19.297332763671875,2904.179931640625,7561.68994140625,12.369999885559082,1.91,251.663,3.8
2018-09-14,19.68000030517578,101484000,19.68000030517578,2904.97998046875,7545.5,12.06999969482422,1.91,251.663,3.8
2018-09-17,19.6560001373291,103314000,19.6560001373291,2888.800048828125,7434.72998046875,13.68000030517578,1.91,251.663,3.8
2018-09-18,18.997333526611328,248212500,18.997333526611328,2904.31005859375,7494.39990234375,12.789999961853027,1.91,251.663,3.8
2018-09-19,19.934667587280277,124423500,19.934667587280277,2907.949951171875,7490.31982421875,11.75,1.91,251.663,3.8
2018-09-20,19.8886661529541,110241000,19.8886661529541,2930.75,7569.02978515625,11.800000190734863,1.91,251.663,3.8
2018-09-21,19.940000534057617,75757500,19.940000534057617,2929.669921875,7531.06982421875,11.68000030517578,1.91,251.663,3.8
2018-09-24,19.978666305541992,72645000,19.978666305541992,2919.3701171875,7548.75,12.199999809265137,1.91,251.663,3.8
2018-09-25,20.06599998474121,67225500,20.06599998474121,2915.56005859375,7563.18994140625,12.420000076293944,1.91,251.663,3.8
2018-09-26,20.6386661529541,117648000,20.6386661529541,2905.969970703125,7563.08984375,12.890000343322754,1.91,251.663,3.8
2018-09-27,20.501333236694336,127636500,20.501333236694336,2914.0,7629.56982421875,12.40999984741211,1.91,251.663,3.8
2018-09-28,17.65133285522461,504745500,17.65133285522461,2913.97998046875,7627.64990234375,12.119999885559082,1.91,251.663,3.8
2018-10-01,20.71333312988281,326664000,20.71333312988281,2924.590087890625,7645.4501953125,12.0,2.19,252.772,3.8
2018-10-02,20.06800079345703,176152500,20.06800079345703,2923.429931640625,7628.27978515625,12.050000190734863,2.19,252.772,3.8
2018-10-03,19.65333366394043,119925000,19.65333366394043,2925.510009765625,7637.43017578125,11.609999656677246,2.19,252.772,3.8
2018-10-04,18.788667678833008,147213000,18.788667678833008,2901.610107421875,7490.0,14.220000267028809,2.19,252.772,3.8
2018-10-05,17.463333129882812,269167500,17.463333129882812,2885.570068359375,7399.009765625,14.81999969482422,2.19,252.772,3.8
2018-10-08,16.70400047302246,202090500,16.70400047302246,2884.429931640625,7352.81982421875,15.6899995803833,2.19,252.772,3.8
2018-10-09,17.520000457763672,180909000,17.520000457763672,2880.340087890625,7371.6201171875,15.949999809265137,2.19,252.772,3.8
2018-10-10,17.125333786010742,192229500,17.125333786010742,2785.679931640625,7044.5,22.959999084472656,2.19,252.772,3.8
2018-10-11,16.815332412719727,122515500,16.815332412719727,2728.3701171875,6964.02978515625,24.979999542236328,2.19,252.772,3.8
2018-10-12,17.25200080871582,108021000,17.25200080871582,2767.1298828125,7157.2099609375,21.309999465942383,2.19,252.772,3.8
2018-10-15,17.305999755859375,93000000,17.305999755859375,2750.7900390625,7068.669921875,21.299999237060547,2.19,252.772,3.8
2018-10-16,18.439332962036133,142896000,18.439332962036133,2809.919921875,7276.43017578125,17.6200008392334,2.19,252.772,3.8
2018-10-17,18.118667602539062,129832500,18.118667602539062,2809.2099609375,7278.6298828125,17.399999618530273,2.19,252.772,3.8
2018-10-18,17.5939998626709,81318000,17.5939998626709,2768.780029296875,7116.08984375,20.059999465942383,2.19,252.772,3.8
2018-10-19,17.333332061767578,140632500,17.333332061767578,2767.780029296875,7107.22998046875,19.88999938964844,2.19,252.772,3.8
2018-10-22,17.39666748046875,84004500,17.39666748046875,2755.8798828125,7141.2099609375,19.63999938964844,2.19,252.772,3.8
2018-10-23,19.60933303833008,285417000,19.60933303833008,2740.68994140625,7118.669921875,20.709999084472656,2.19,252.772,3.8
2018-10-24,19.233333587646484,300874500,19.233333587646484,2656.10009765625,6789.14990234375,25.229999542236328,2.19,252.772,3.8
2018-10-25,20.99066734313965,312610500,20.99066734313965,2705.570068359375,7016.39013671875,24.21999931335449,2.19,252.772,3.8
2018-10-26,22.059999465942383,411382500,22.059999465942383,2658.68994140625,6852.39990234375,24.15999984741211,2.19,252.772,3.8
2018-10-29,22.32333374023437,217290000,22.32333374023437,2641.25,6713.89990234375,24.700000762939453,2.19,252.772,3.8
2018-10-30,21.99333381652832,136900500,21.99333381652832,2682.6298828125,6810.1201171875,23.350000381469727,2.19,252.772,3.8
2018-10-31,22.488000869750977,114364500,22.488000869750977,2711.739990234375,6967.10009765625,21.229999542236328,2.19,252.772,3.8
2018-11-01,22.95199966430664,120001500,22.95199966430664,2740.3701171875,7069.169921875,19.34000015258789,2.2,252.594,3.8
2018-11-02,23.0939998626709,117120000,23.0939998626709,2723.06005859375,6965.2900390625,19.51000022888184,2.2,252.594,3.8
2018-11-05,22.76000022888184,117465000,22.76000022888184,2738.31005859375,6937.08984375,19.959999084472656,2.2,252.594,3.8
2018-11-06,22.73733329772949,101443500,22.73733329772949,2755.449951171875,6988.85009765625,19.90999984741211,2.2,252.594,3.8
2018-11-07,23.21066665649414,110617500,23.21066665649414,2813.889892578125,7203.1298828125,16.360000610351562,2.2,252.594,3.8
2018-11-08,23.426666259765625,106360500,23.426666259765625,2806.830078125,7158.58984375,16.719999313354492,2.2,252.594,3.8
2018-11-09,23.367332458496094,76482000,23.367332458496094,2781.010009765625,7039.14990234375,17.360000610351562,2.2,252.594,3.8
2018-11-12,22.0853328704834,104122500,22.0853328704834,2726.219970703125,6829.10009765625,20.450000762939453,2.2,252.594,3.8
2018-11-13,22.582000732421875,81729000,22.582000732421875,2722.179931640625,6830.91015625,20.020000457763672,2.2,252.594,3.8
2018-11-14,22.933332443237305,75604500,22.933332443237305,2701.580078125,6769.8701171875,21.25,2.2,252.594,3.8
2018-11-15,23.22933387756348,69385500,23.22933387756348,2730.199951171875,6890.4501953125,19.979999542236328,2.2,252.594,3.8
2018-11-16,23.62066650390625,108093000,23.62066650390625,2736.27001953125,6867.02001953125,18.13999938964844,2.2,252.594,3.8
2018-11-19,23.564666748046875,145633500,23.564666748046875,2690.72998046875,6642.919921875,20.100000381469727,2.2,252.594,3.8
2018-11-20,23.166000366210938,120070500,23.166000366210938,2641.889892578125,6526.9599609375,22.479999542236328,2.2,252.594,3.8
2018-11-21,22.54599952697754,70302000,22.54599952697754,2649.929931640625,6575.66015625,20.799999237060547,2.2,252.594,3.8
2018-11-23,21.722000122070312,63039000,21.722000122070312,2632.56005859375,6527.35009765625,21.520000457763672,2.2,252.594,3.8
2018-11-26,23.06666755676269,119881500,23.06666755676269,2673.449951171875,6678.33984375,18.899999618530277,2.2,252.594,3.8
2018-11-27,22.92799949645996,95374500,22.92799949645996,2682.169921875,6701.0400390625,19.020000457763672,2.2,252.594,3.8
2018-11-28,23.191333770751957,61914000,23.191333770751957,2743.7900390625,6913.330078125,18.489999771118164,2.2,252.594,3.8
2018-11-29,22.744667053222656,46210500,22.744667053222656,2737.800048828125,6892.39990234375,18.790000915527344,2.2,252.594,3.8
2018-11-30,23.365333557128903,84436500,23.365333557128903,2760.169921875,6949.009765625,18.06999969482422,2.2,252.594,3.8
2018-12-03,23.89933204650879,124597500,23.89933204650879,2790.3701171875,7062.1298828125,16.440000534057617,2.2,252.594,3.8
2018-12-04,23.979999542236328,126928500,23.979999542236328,2700.06005859375,6795.2099609375,20.739999771118164,2.2,252.594,3.8
2018-12-06,24.20400047302246,117637500,24.20400047302246,2695.949951171875,6838.85009765625,21.190000534057617,2.2,252.594,3.8
2018-12-07,23.86466789245605,172668000,23.86466789245605,2633.080078125,6613.27978515625,23.229999542236328,2.2,252.594,3.8
2018-12-10,24.34333229064941,99202500,24.34333229064941,2637.719970703125,6682.740234375,22.63999938964844,2.2,252.594,3.8
2018-12-11,24.450666427612305,94632000,24.450666427612305,2636.780029296875,6704.240234375,21.76000022888184,2.2,252.594,3.8
2018-12-12,24.440000534057617,75405000,24.440000534057617,2651.070068359375,6763.9599609375,21.459999084472656,2.2,252.594,3.8
2018-12-13,25.119333267211918,110488500,25.119333267211918,2650.5400390625,6767.97021484375,20.649999618530277,2.2,252.594,3.8
2018-12-14,24.38066673278809,95064000,24.38066673278809,2599.949951171875,6594.9599609375,21.6299991607666,2.2,252.594,3.8
2018-12-17,23.22800064086914,115110000,23.22800064086914,2545.93994140625,6448.39013671875,24.520000457763672,2.2,252.594,3.8
2018-12-18,22.46866607666016,106500000,22.46866607666016,2546.159912109375,6491.52001953125,25.57999992370605,2.2,252.594,3.8
2018-12-19,22.197999954223636,124113000,22.197999954223636,2506.9599609375,6342.97021484375,25.57999992370605,2.2,252.594,3.8
2018-12-20,21.025333404541016,136078500,21.025333404541016,2467.419921875,6243.18994140625,28.3799991607666,2.2,252.594,3.8
2018-12-21,21.31800079345703,120252000,21.31800079345703,2416.6201171875,6046.56005859375,30.11000061035156,2.2,252.594,3.8
2018-12-24,19.69266700744629,83398500,19.69266700744629,2351.10009765625,5899.35009765625,36.06999969482422,2.2,252.594,3.8
2018-12-26,21.73933219909668,122446500,21.73933219909668,2467.699951171875,6262.77001953125,30.40999984741211,2.2,252.594,3.8
2018-12-27,21.07533264160156,128626500,21.07533264160156,2488.830078125,6288.2998046875,29.959999084472656,2.2,252.594,3.8
2018-12-28,22.257999420166016,149085000,22.257999420166016,2485.739990234375,6285.27001953125,28.34000015258789,2.2,252.594,3.8
2018-12-31,22.18666648864746,94534500,22.18666648864746,2506.85009765625,6329.97021484375,25.420000076293945,2.2,252.594,3.8
2019-01-02,20.67466735839844,174879000,20.67466735839844,2510.030029296875,6360.8701171875,23.21999931335449,2.2,252.594,3.8
2019-01-03,20.02400016784668,104478000,20.02400016784668,2447.889892578125,6147.1298828125,25.450000762939453,2.2,252.594,3.8
2019-01-04,21.179332733154297,110911500,21.179332733154297,2531.93994140625,6422.669921875,21.3799991607666,2.2,252.594,3.8
2019-01-07,22.33066749572754,113268000,22.33066749572754,2549.68994140625,6488.25,21.399999618530277,2.2,252.594,3.8
2019-01-08,22.356666564941406,105127500,22.356666564941406,2574.409912109375,6551.85009765625,20.46999931335449,2.2,252.594,3.8
2019-01-09,22.568666458129883,81493500,22.568666458129883,2584.9599609375,6600.68994140625,19.979999542236328,2.2,252.594,3.8
2019-01-10,22.99799919128418,90846000,22.99799919128418,2596.639892578125,6620.93994140625,19.5,2.2,252.594,3.8
2019-01-11,23.15066719055176,75586500,23.15066719055176,2596.260009765625,6601.39990234375,18.190000534057617,2.2,252.594,3.8
2019-01-14,22.293333053588867,78709500,22.293333053588867,2582.610107421875,6541.0400390625,19.06999969482422,2.2,252.594,3.8
2019-01-15,22.96199989318848,90849000,22.96199989318848,2610.300048828125,6669.64013671875,18.600000381469727,2.2,252.594,3.8
2019-01-16,23.06999969482422,70375500,23.06999969482422,2616.10009765625,6668.56005859375,19.040000915527344,2.2,252.594,3.8
2019-01-17,23.15399932861328,55150500,23.15399932861328,2635.9599609375,6718.4501953125,18.059999465942383,2.2,252.594,3.8
2019-01-18,20.15066719055176,362262000,20.15066719055176,2670.7099609375,6784.60986328125,17.799999237060547,2.2,252.594,3.8
2019-01-22,19.92799949645996,181000500,19.92799949645996,2632.89990234375,6646.81005859375,20.799999237060547,2.2,252.594,3.8
2019-01-23,19.172666549682617,187950000,19.172666549682617,2638.699951171875,6658.759765625,19.520000457763672,2.2,252.594,3.8
2019-01-24,19.43400001525879,120183000,19.43400001525879,2642.330078125,6702.5498046875,18.88999938964844,2.2,252.594,3.8
2019-01-25,19.80266761779785,108744000,19.80266761779785,2664.760009765625,6787.3701171875,17.420000076293945,2.2,252.594,3.8
2019-01-28,19.7586669921875,96349500,19.7586669921875,2643.85009765625,6697.08984375,18.8700008392334,2.2,252.594,3.8
2019-01-29,19.83066749572754,69325500,19.83066749572754,2640.0,6632.7900390625,19.1299991607666,2.2,252.594,3.8
2019-01-30,20.584667205810547,168754500,20.584667205810547,2681.050048828125,6807.91015625,17.65999984741211,2.2,252.594,3.8
2019-01-31,20.468000411987305,188538000,20.468000411987305,2704.10009765625,6906.83984375,16.56999969482422,2.2,252.594,3.8
2019-02-01,20.81399917602539,109251000,20.81399917602539,2706.530029296875,6875.52001953125,16.139999389648438,2.4,253.319,3.8
2019-02-04,20.85933303833008,110281500,20.85933303833008,2724.8701171875,6959.9599609375,15.729999542236328,2.4,253.319,3.8
2019-02-05,21.42333221435547,101142000,21.42333221435547,2737.699951171875,7023.52001953125,15.56999969482422,2.4,253.319,3.8
2019-02-06,21.14800071716309,75577500,21.14800071716309,2731.610107421875,6997.6201171875,15.380000114440918,2.4,253.319,3.8
2019-02-07,20.500667572021484,97809000,20.500667572021484,2706.050048828125,6904.97998046875,16.3700008392334,2.4,253.319,3.8
2019-02-08,20.386667251586918,87663000,20.386667251586918,2707.8798828125,6913.1298828125,15.720000267028809,2.4,253.319,3.8
2019-02-11,20.856000900268555,106945500,20.856000900268555,2709.800048828125,6909.18017578125,15.970000267028809,2.4,253.319,3.8
2019-02-12,20.78733253479004,82764000,20.78733253479004,2744.72998046875,7014.669921875,15.43000030517578,2.4,253.319,3.8
2019-02-13,20.544666290283203,77124000,20.544666290283203,2753.030029296875,7015.8798828125,15.649999618530272,2.4,253.319,3.8
2019-02-14,20.251333236694336,78012000,20.251333236694336,2745.72998046875,7022.419921875,16.219999313354492,2.4,253.319,3.8
2019-02-15,20.525333404541016,58573500,20.525333404541016,2775.60009765625,7055.18017578125,14.90999984741211,2.4,253.319,3.8
2019-02-19,20.375999450683597,62526000,20.375999450683597,2779.760009765625,7066.60986328125,14.880000114440918,2.4,253.319,3.8
2019-02-20,20.17066764831543,107131500,20.17066764831543,2784.699951171875,7062.33984375,14.020000457763672,2.4,253.319,3.8
2019-02-21,19.415332794189453,133638000,19.415332794189453,2774.8798828125,7035.16015625,14.460000038146973,2.4,253.319,3.8
2019-02-22,19.6473331451416,86109000,19.6473331451416,2792.669921875,7090.6298828125,13.510000228881836,2.4,253.319,3.8
2019-02-25,19.917999267578125,99397500,19.917999267578125,2796.110107421875,7115.43017578125,14.850000381469728,2.4,253.319,3.8
2019-02-26,19.857332229614254,128737500,19.857332229614254,2793.89990234375,7123.22021484375,15.170000076293944,2.4,253.319,3.8
2019-02-27,20.982667922973636,167758500,20.982667922973636,2792.3798828125,7117.0,14.699999809265137,2.4,253.319,3.8
2019-02-28,21.32533264160156,157810500,21.32533264160156,2784.489990234375,7097.52978515625,14.779999732971191,2.4,253.319,3.8
2019-03-01,19.652666091918945,343671000,19.652666091918945,2803.68994140625,7151.56982421875,13.56999969482422,2.41,254.277,3.8
2019-03-04,19.02400016784668,256452000,19.02400016784668,2792.81005859375,7150.830078125,14.630000114440918,2.41,254.277,3.8
2019-03-05,18.43600082397461,281470500,18.43600082397461,2789.64990234375,7156.7900390625,14.739999771118164,2.41,254.277,3.8
2019-03-06,18.416000366210938,155032500,18.416000366210938,2771.449951171875,7112.47021484375,15.739999771118164,2.41,254.277,3.8
2019-03-07,18.439332962036133,141637500,18.439332962036133,2748.929931640625,7026.8798828125,16.59000015258789,2.41,254.277,3.8
2019-03-08,18.94266700744629,132294000,18.94266700744629,2743.070068359375,7015.68994140625,16.049999237060547,2.41,254.277,3.8
2019-03-11,19.39466667175293,110884500,19.39466667175293,2783.300048828125,7164.02001953125,14.329999923706056,2.41,254.277,3.8
2019-03-12,18.89066696166992,112561500,18.89066696166992,2791.52001953125,7201.27978515625,13.770000457763672,2.41,254.277,3.8
2019-03-13,19.263999938964844,102670500,19.263999938964844,2810.919921875,7256.97998046875,13.40999984741211,2.41,254.277,3.8
2019-03-14,19.33066749572754,106551000,19.33066749572754,2808.47998046875,7243.009765625,13.5,2.41,254.277,3.8
2019-03-15,18.36199951171875,221782500,18.36199951171875,2822.47998046875,7306.990234375,12.880000114440918,2.41,254.277,3.8
2019-03-18,17.965999603271484,154215000,17.965999603271484,2832.93994140625,7326.27978515625,13.100000381469728,2.41,254.277,3.8
2019-03-19,17.83133316040039,177009000,17.83133316040039,2832.570068359375,7349.27978515625,13.5600004196167,2.41,254.277,3.8
2019-03-20,18.239999771118164,103623000,18.239999771118164,2824.22998046875,7380.75,13.90999984741211,2.41,254.277,3.8
2019-03-21,18.26799964904785,89206500,18.26799964904785,2854.8798828125,7493.27001953125,13.630000114440918,2.41,254.277,3.8
2019-03-22,17.635332107543945,131184000,17.635332107543945,2800.7099609375,7326.06005859375,16.479999542236328,2.41,254.277,3.8
2019-03-25,17.3613338470459,153225000,17.3613338470459,2798.360107421875,7316.9599609375,16.329999923706055,2.41,254.277,3.8
2019-03-26,17.851333618164062,110263500,17.851333618164062,2818.4599609375,7351.14990234375,14.68000030517578,2.41,254.277,3.8
2019-03-27,18.32200050354004,131688000,18.32200050354004,2805.3701171875,7308.18994140625,15.149999618530272,2.41,254.277,3.8
2019-03-28,18.57466697692871,101611500,18.57466697692871,2815.43994140625,7320.47021484375,14.43000030517578,2.41,254.277,3.8
2019-03-29,18.65733337402344,89869500,18.65733337402344,2834.39990234375,7378.77001953125,13.710000038146973,2.41,254.277,3.8
2019-04-01,19.27866744995117,121656000,19.27866744995117,2867.18994140625,7478.419921875,13.399999618530272,2.42,255.233,3.7
2019-04-02,19.058666229248047,82183500,19.058666229248047,2867.239990234375,7499.64013671875,13.359999656677246,2.42,255.233,3.7
2019-04-03,19.45400047302246,118791000,19.45400047302246,2873.39990234375,7544.97021484375,13.739999771118164,2.42,255.233,3.7
2019-04-04,17.851999282836914,355810500,17.851999282836914,2879.389892578125,7540.56982421875,13.579999923706056,2.42,255.233,3.7
2019-04-05,18.33066749572754,195574500,18.33066749572754,2892.739990234375,7578.83984375,12.81999969482422,2.42,255.233,3.7
2019-04-08,18.21333312988281,156156000,18.21333312988281,2895.77001953125,7599.740234375,13.18000030517578,2.42,255.233,3.7
2019-04-09,18.15399932861328,88560000,18.15399932861328,2878.199951171875,7568.490234375,14.279999732971191,2.42,255.233,3.7
2019-04-10,18.40399932861328,105919500,18.40399932861328,2888.2099609375,7611.490234375,13.300000190734863,2.42,255.233,3.7
2019-04-11,17.89466667175293,147538500,17.89466667175293,2888.320068359375,7594.89013671875,13.020000457763672,2.42,255.233,3.7
2019-04-12,17.84666633605957,101190000,17.84666633605957,2907.409912109375,7628.14990234375,12.010000228881836,2.42,255.233,3.7
2019-04-15,17.7586669921875,150579000,17.7586669921875,2905.580078125,7629.1201171875,12.31999969482422,2.42,255.233,3.7
2019-04-16,18.224000930786133,109093500,18.224000930786133,2907.06005859375,7654.72998046875,12.18000030517578,2.42,255.233,3.7
2019-04-17,18.082000732421875,76897500,18.082000732421875,2900.449951171875,7680.72021484375,12.600000381469728,2.42,255.233,3.7
2019-04-18,18.21733283996582,88144500,18.21733283996582,2905.030029296875,7689.72021484375,12.09000015258789,2.42,255.233,3.7
2019-04-22,17.516666412353516,182206500,17.516666412353516,2907.969970703125,7713.490234375,12.420000076293944,2.42,255.233,3.7
2019-04-23,17.593332290649414,164158500,17.593332290649414,2933.679931640625,7810.7099609375,12.279999732971191,2.42,255.233,3.7
2019-04-24,17.243999481201172,160912500,17.243999481201172,2927.25,7784.41015625,13.140000343322754,2.42,255.233,3.7
2019-04-25,16.5086669921875,327741000,16.5086669921875,2926.169921875,7816.919921875,13.25,2.42,255.233,3.7
2019-04-26,15.675999641418455,335410500,15.675999641418455,2939.8798828125,7826.68017578125,12.729999542236328,2.42,255.233,3.7
2019-04-29,16.097999572753906,250717500,16.097999572753906,2943.030029296875,7839.0400390625,13.109999656677246,2.42,255.233,3.7
2019-04-30,15.912667274475098,141969000,15.912667274475098,2945.830078125,7781.4599609375,13.119999885559082,2.42,255.233,3.7
2019-05-01,15.600666999816896,160566000,15.600666999816896,2923.72998046875,7751.85009765625,14.800000190734863,2.39,255.296,3.6
2019-05-02,16.273332595825195,272389500,16.273332595825195,2917.52001953125,7724.06005859375,14.420000076293944,2.39,255.296,3.6
2019-05-03,17.00200080871582,355602000,17.00200080871582,2945.639892578125,7845.72998046875,12.869999885559082,2.39,255.296,3.6
2019-05-06,17.022666931152344,162508500,17.022666931152344,2932.469970703125,7794.08984375,15.4399995803833,2.39,255.296,3.6
2019-05-07,16.470666885375977,151971000,16.470666885375977,2884.050048828125,7640.14990234375,19.31999969482422,2.39,255.296,3.6
2019-05-08,16.32266616821289,92646000,16.32266616821289,2879.419921875,7617.5498046875,19.399999618530277,2.39,255.296,3.6
2019-05-09,16.131999969482422,100671000,16.131999969482422,2870.719970703125,7582.75,19.100000381469727,2.39,255.296,3.6
2019-05-10,15.968000411987305,105124500,15.968000411987305,2881.39990234375,7586.52978515625,16.040000915527344,2.39,255.296,3.6
2019-05-13,15.133999824523926,162522000,15.133999824523926,2811.8701171875,7324.1298828125,20.549999237060547,2.39,255.296,3.6
2019-05-14,15.487333297729492,108786000,15.487333297729492,2834.409912109375,7401.8798828125,18.059999465942383,2.39,255.296,3.6
2019-05-15,15.463333129882812,109440000,15.463333129882812,2850.9599609375,7503.25,16.440000534057617,2.39,255.296,3.6
2019-05-16,15.222000122070312,112249500,15.222000122070312,2876.320068359375,7580.14013671875,15.289999961853027,2.39,255.296,3.6
2019-05-17,14.0686674118042,266800500,14.0686674118042,2859.530029296875,7503.68017578125,15.960000038146973,2.39,255.296,3.6
2019-05-20,13.690667152404783,307893000,13.690667152404783,2840.22998046875,7376.7001953125,16.309999465942383,2.39,255.296,3.6
2019-05-21,13.67199993133545,270058500,13.67199993133545,2864.360107421875,7451.02001953125,14.949999809265137,2.39,255.296,3.6
2019-05-22,12.84866714477539,280278000,12.84866714477539,2856.27001953125,7420.66015625,14.75,2.39,255.296,3.6
2019-05-23,13.03266716003418,398206500,13.03266716003418,2822.239990234375,7307.93017578125,16.920000076293945,2.39,255.296,3.6
2019-05-24,12.708666801452637,212049000,12.708666801452637,2826.06005859375,7300.9599609375,15.850000381469728,2.39,255.296,3.6
2019-05-28,12.579999923706056,154693500,12.579999923706056,2802.389892578125,7278.3798828125,17.5,2.39,255.296,3.6
2019-05-29,12.657333374023438,179529000,12.657333374023438,2783.02001953125,7216.85986328125,17.899999618530273,2.39,255.296,3.6
2019-05-30,12.54800033569336,118897500,12.54800033569336,2788.860107421875,7245.39990234375,17.299999237060547,2.39,255.296,3.6
2019-05-31,12.343999862670898,156100500,12.343999862670898,2752.06005859375,7127.9599609375,18.709999084472656,2.39,255.296,3.6
2019-06-03,11.9313325881958,195966000,11.9313325881958,2744.449951171875,6978.02001953125,18.86000061035156,2.39,255.296,3.6
2019-06-04,12.90666675567627,207112500,12.90666675567627,2803.27001953125,7166.75,16.969999313354492,2.39,255.296,3.6
2019-06-05,13.105999946594238,202662000,13.105999946594238,2826.14990234375,7220.89990234375,16.09000015258789,2.39,255.296,3.6
2019-06-06,13.729999542236328,303633000,13.729999542236328,2843.489990234375,7275.93017578125,15.93000030517578,2.39,255.296,3.6
2019-06-07,13.633333206176758,240052500,13.633333206176758,2873.340087890625,7417.2900390625,16.299999237060547,2.39,255.296,3.6
2019-06-10,14.19200038909912,158775000,14.19200038909912,2886.72998046875,7501.93017578125,15.9399995803833,2.39,255.296,3.6
2019-06-11,14.473333358764648,174802500,14.473333358764648,2885.719970703125,7513.85009765625,15.989999771118164,2.39,255.296,3.6
2019-06-12,13.95066738128662,227962500,13.95066738128662,2879.840087890625,7472.2900390625,15.90999984741211,2.39,255.296,3.6
2019-06-13,14.260666847229004,122524500,14.260666847229004,2891.639892578125,7510.68017578125,15.81999969482422,2.39,255.296,3.6
2019-06-14,14.32800006866455,111501000,14.32800006866455,2886.97998046875,7479.10986328125,15.279999732971191,2.39,255.296,3.6
2019-06-17,15.001999855041504,184752000,15.001999855041504,2889.669921875,7526.52001953125,15.350000381469728,2.39,255.296,3.6
2019-06-18,14.982666969299316,190737000,14.982666969299316,2917.75,7635.39990234375,15.149999618530272,2.39,255.296,3.6
2019-06-19,15.095333099365234,98626500,15.095333099365234,2926.4599609375,7667.740234375,14.329999923706056,2.39,255.296,3.6
2019-06-20,14.641332626342772,177952500,14.641332626342772,2954.179931640625,7738.0498046875,14.75,2.39,255.296,3.6
2019-06-21,14.790666580200195,123031500,14.790666580200195,2950.4599609375,7728.77978515625,15.399999618530272,2.39,255.296,3.6
2019-06-24,14.90933322906494,86262000,14.90933322906494,2945.35009765625,7723.02001953125,15.260000228881836,2.39,255.296,3.6
2019-06-25,14.650667190551758,92731500,14.650667190551758,2917.3798828125,7591.5400390625,16.280000686645508,2.39,255.296,3.6
2019-06-26,14.618000030517578,127608000,14.618000030517578,2913.780029296875,7627.0498046875,16.209999084472656,2.39,255.296,3.6
2019-06-27,14.855999946594238,95095500,14.855999946594238,2924.919921875,7657.0498046875,15.81999969482422,2.39,255.296,3.6
2019-06-28,14.897333145141602,102771000,14.897333145141602,2941.760009765625,7671.080078125,15.079999923706056,2.39,255.296,3.6
2019-07-01,15.14466667175293,123201000,15.14466667175293,2964.330078125,7768.14013671875,14.0600004196167,2.4,255.802,3.7
2019-07-02,14.970000267028809,138885000,14.970000267028809,2973.010009765625,7799.81982421875,12.93000030517578,2.4,255.802,3.7
2019-07-03,15.65999984741211,213016500,15.65999984741211,2995.820068359375,7857.68994140625,12.56999969482422,2.4,255.802,3.7
2019-07-05,15.539999961853027,105985500,15.539999961853027,2990.409912109375,7841.2998046875,13.279999732971191,2.4,255.802,3.7
2019-07-08,15.355999946594238,88207500,15.355999946594238,2975.949951171875,7785.7900390625,13.960000038146973,2.4,255.802,3.7
2019-07-09,15.337332725524902,92862000,15.337332725524902,2979.6298828125,7826.85986328125,14.09000015258789,2.4,255.802,3.7
2019-07-10,15.928000450134276,137185500,15.928000450134276,2993.070068359375,7903.39990234375,13.029999732971191,2.4,255.802,3.7
2019-07-11,15.90666675567627,112716000,15.90666675567627,2999.909912109375,7896.77978515625,12.93000030517578,2.4,255.802,3.7
2019-07-12,16.338666915893555,138007500,16.338666915893555,3013.77001953125,7943.240234375,12.390000343322754,2.4,255.802,3.7
2019-07-15,16.899999618530273,165001500,16.899999618530273,3014.300048828125,7966.93017578125,12.68000030517578,2.4,255.802,3.7
2019-07-16,16.825332641601562,122235000,16.825332641601562,3004.0400390625,7927.080078125,12.859999656677246,2.4,255.802,3.7
2019-07-17,16.99066734313965,146470500,16.99066734313965,2984.419921875,7888.759765625,13.970000267028809,2.4,255.802,3.7
2019-07-18,16.902666091918945,71379000,16.902666091918945,2995.110107421875,7904.1298828125,13.529999732971191,2.4,255.802,3.7
2019-07-19,17.211999893188477,105726000,17.211999893188477,2976.610107421875,7834.89990234375,14.449999809265137,2.4,255.802,3.7
2019-07-22,17.045333862304688,102636000,17.045333862304688,2985.030029296875,7905.1201171875,13.529999732971191,2.4,255.802,3.7
2019-07-23,17.344667434692383,75346500,17.344667434692383,3005.469970703125,7954.56005859375,12.609999656677246,2.4,255.802,3.7
2019-07-24,17.658666610717773,166092000,17.658666610717773,3019.56005859375,8010.60986328125,12.06999969482422,2.4,255.802,3.7
2019-07-25,15.254667282104492,336274500,15.254667282104492,3003.669921875,7929.8701171875,12.739999771118164,2.4,255.802,3.7
2019-07-26,15.202667236328123,150415500,15.202667236328123,3025.860107421875,8016.9501953125,12.15999984741211,2.4,255.802,3.7
2019-07-29,15.718000411987305,139099500,15.718000411987305,3020.969970703125,7989.080078125,12.829999923706056,2.4,255.802,3.7
2019-07-30,16.150667190551758,121635000,16.150667190551758,3013.179931640625,7952.47021484375,13.9399995803833,2.4,255.802,3.7
2019-07-31,16.107332229614258,137673000,16.107332229614258,2980.3798828125,7848.77978515625,16.1200008392334,2.4,255.802,3.7
2019-08-01,15.59000015258789,123892500,15.59000015258789,2953.56005859375,7801.14990234375,17.8700008392334,2.13,256.036,3.6
2019-08-02,15.62266731262207,92047500,15.62266731262207,2932.050048828125,7692.7998046875,17.610000610351562,2.13,256.036,3.6
2019-08-05,15.221332550048828,105424500,15.221332550048828,2844.739990234375,7415.68994140625,24.59000015258789,2.13,256.036,3.6
2019-08-06,15.383333206176758,83463000,15.383333206176758,2881.77001953125,7521.31982421875,20.170000076293945,2.13,256.036,3.6
2019-08-07,15.56133270263672,71647500,15.56133270263672,2883.97998046875,7551.89990234375,19.489999771118164,2.13,256.036,3.6
2019-08-08,15.886667251586914,79114500,15.886667251586914,2938.090087890625,7724.830078125,16.90999984741211,2.13,256.036,3.6
2019-08-09,15.667332649230955,58473000,15.667332649230955,2918.64990234375,7646.27001953125,17.969999313354492,2.13,256.036,3.6
2019-08-12,15.267333030700684,69958500,15.267333030700684,2882.699951171875,7561.68017578125,21.09000015258789,2.13,256.036,3.6
2019-08-13,15.666666984558104,72721500,15.666666984558104,2926.320068359375,7728.14990234375,17.520000457763672,2.13,256.036,3.6
2019-08-14,14.641332626342772,143439000,14.641332626342772,2840.60009765625,7490.1298828125,22.100000381469727,2.13,256.036,3.6
2019-08-15,14.37600040435791,122394000,14.37600040435791,2847.60009765625,7484.89013671875,21.18000030517578,2.13,256.036,3.6
2019-08-16,14.662667274475098,76477500,14.662667274475098,2888.679931640625,7604.10986328125,18.46999931335449,2.13,256.036,3.6
2019-08-19,15.121999740600586,79644000,15.121999740600586,2923.64990234375,7719.31982421875,16.8799991607666,2.13,256.036,3.6
2019-08-20,15.057332992553713,61878000,15.057332992553713,2900.510009765625,7664.47021484375,17.5,2.13,256.036,3.6
2019-08-21,14.722000122070312,116914500,14.722000122070312,2924.429931640625,7733.22021484375,15.800000190734863,2.13,256.036,3.6
2019-08-22,14.8100004196167,98385000,14.8100004196167,2922.949951171875,7707.43017578125,16.68000030517578,2.13,256.036,3.6
2019-08-23,14.09333324432373,128079000,14.09333324432373,2847.110107421875,7464.990234375,19.8700008392334,2.13,256.036,3.6
2019-08-26,14.333333015441896,75778500,14.333333015441896,2878.3798828125,7575.02001953125,19.31999969482422,2.13,256.036,3.6
2019-08-27,14.272000312805176,81243000,14.272000312805176,2869.159912109375,7566.02978515625,20.309999465942383,2.13,256.036,3.6
2019-08-28,14.37266731262207,48382500,14.37266731262207,2887.93994140625,7587.89990234375,19.350000381469727,2.13,256.036,3.6
2019-08-29,14.780667304992676,77692500,14.780667304992676,2924.580078125,7702.31005859375,17.8799991607666,2.13,256.036,3.6
2019-08-30,15.040666580200195,139809000,15.040666580200195,2926.4599609375,7691.0,18.979999542236328,2.13,256.036,3.6
2019-09-03,15.000666618347168,80311500,15.000666618347168,2906.27001953125,7609.509765625,19.65999984741211,2.13,256.036,3.6
2019-09-04,14.711999893188477,86415000,14.711999893188477,2937.780029296875,7719.25,17.329999923706055,2.13,256.036,3.6
2019-09-05,15.305333137512209,110929500,15.305333137512209,2976.0,7862.5400390625,16.270000457763672,2.13,256.036,3.6
2019-09-06,15.16333293914795,62841000,15.16333293914795,2978.7099609375,7852.5400390625,15.0,2.13,256.036,3.6
2019-09-09,15.452667236328123,72040500,15.452667236328123,2978.429931640625,7832.39990234375,15.270000457763672,2.13,256.036,3.6
2019-09-10,15.702667236328123,73255500,15.702667236328123,2979.389892578125,7814.740234375,15.199999809265137,2.13,256.036,3.6
2019-09-11,16.47333335876465,150642000,16.47333335876465,3000.929931640625,7887.580078125,14.609999656677246,2.13,256.036,3.6
2019-09-12,16.391332626342773,128718000,16.391332626342773,3009.570068359375,7917.33984375,14.220000267028809,2.13,256.036,3.6
2019-09-13,16.34666633605957,79696500,16.34666633605957,3007.389892578125,7892.9501953125,13.739999771118164,2.13,256.036,3.6
2019-09-16,16.187332153320312,70921500,16.187332153320312,2997.9599609375,7852.41015625,14.670000076293944,2.13,256.036,3.6
2019-09-17,16.319332122802734,57981000,16.319332122802734,3005.699951171875,7888.7900390625,14.4399995803833,2.13,256.036,3.6
2019-09-18,16.232667922973633,62553000,16.232667922973633,3006.72998046875,7888.56005859375,13.949999809265137,2.13,256.036,3.6
2019-09-19,16.440000534057617,71937000,16.440000534057617,3006.7900390625,7901.7900390625,14.050000190734863,2.13,256.036,3.6
2019-09-20,16.041332244873047,95295000,16.041332244873047,2992.070068359375,7823.5498046875,15.31999969482422,2.13,256.036,3.6
2019-09-23,16.082000732421875,65103000,16.082000732421875,2991.780029296875,7818.60986328125,14.90999984741211,2.13,256.036,3.6
2019-09-24,14.880666732788086,193372500,14.880666732788086,2966.60009765625,7710.0400390625,17.049999237060547,2.13,256.036,3.6
2019-09-25,15.24666690826416,141406500,15.24666690826416,2984.8701171875,7803.5400390625,15.960000038146973,2.13,256.036,3.6
2019-09-26,16.17066764831543,178267500,16.17066764831543,2977.6201171875,7771.990234375,16.06999969482422,2.13,256.036,3.6
2019-09-27,16.142000198364258,166746000,16.142000198364258,2961.7900390625,7681.580078125,17.219999313354492,2.13,256.036,3.6
2019-09-30,16.058000564575195,88197000,16.058000564575195,2976.739990234375,7749.4501953125,16.239999771118164,2.13,256.036,3.6
2019-10-01,16.312667846679688,92439000,16.312667846679688,2940.25,7684.14013671875,18.559999465942383,1.83,257.155,3.6
2019-10-02,16.208667755126953,84471000,16.208667755126953,2887.610107421875,7550.7900390625,20.559999465942383,1.83,257.155,3.6
2019-10-03,15.535332679748535,226267500,15.535332679748535,2910.6298828125,7638.39013671875,19.1200008392334,1.83,257.155,3.6
2019-10-04,15.428667068481444,119925000,15.428667068481444,2952.010009765625,7754.10009765625,17.040000915527344,1.83,257.155,3.6
2019-10-07,15.847999572753906,120963000,15.847999572753906,2938.7900390625,7725.1298828125,17.860000610351562,1.83,257.155,3.6
2019-10-08,16.003332138061523,130173000,16.003332138061523,2893.06005859375,7604.27001953125,20.280000686645508,1.83,257.155,3.6
2019-10-09,16.302000045776367,103416000,16.302000045776367,2919.39990234375,7690.52978515625,18.63999938964844,1.83,257.155,3.6
2019-10-10,16.31599998474121,94249500,16.31599998474121,2938.1298828125,7740.35986328125,17.56999969482422,1.83,257.155,3.6
2019-10-11,16.525999069213867,127131000,16.525999069213867,2970.27001953125,7843.8798828125,15.579999923706056,1.83,257.155,3.6
2019-10-14,17.130666732788086,153075000,17.130666732788086,2966.14990234375,7842.330078125,14.56999969482422,1.83,257.155,3.6
2019-10-15,17.19266700744629,96492000,17.19266700744629,2995.679931640625,7942.85009765625,13.539999961853027,1.83,257.155,3.6
2019-10-16,17.316667556762695,100261500,17.316667556762695,2989.68994140625,7920.2099609375,13.68000030517578,1.83,257.155,3.6
2019-10-17,17.46466636657715,71539500,17.46466636657715,2997.949951171875,7942.14013671875,13.789999961853027,1.83,257.155,3.6
2019-10-18,17.1299991607666,86247000,17.1299991607666,2986.199951171875,7868.490234375,14.25,1.83,257.155,3.6
2019-10-21,16.899999618530273,75304500,16.899999618530273,3006.719970703125,7940.330078125,14.0,1.83,257.155,3.6
2019-10-22,17.038667678833008,69012000,17.038667678833008,2995.989990234375,7874.6201171875,14.460000038146973,1.83,257.155,3.6
2019-10-23,16.978666305541992,78916500,16.978666305541992,3004.52001953125,7889.47021484375,14.010000228881836,1.83,257.155,3.6
2019-10-24,19.978666305541992,445813500,19.978666305541992,3010.2900390625,7966.72021484375,13.710000038146973,1.83,257.155,3.6
2019-10-25,21.875333786010746,450091500,21.875333786010746,3022.550048828125,8029.22021484375,12.649999618530272,1.83,257.155,3.6
2019-10-28,21.84733390808105,283054500,21.84733390808105,3039.419921875,8110.669921875,13.109999656677246,1.83,257.155,3.6
2019-10-29,21.08133316040039,190264500,21.08133316040039,3036.889892578125,8047.509765625,13.199999809265137,1.83,257.155,3.6
2019-10-30,21.000667572021484,144627000,21.000667572021484,3046.77001953125,8083.10986328125,12.329999923706056,1.83,257.155,3.6
2019-10-31,20.994667053222656,76005000,20.994667053222656,3037.56005859375,8083.830078125,13.220000267028809,1.83,257.155,3.6
2019-11-01,20.88733291625977,95758500,20.88733291625977,3066.909912109375,8161.169921875,12.300000190734863,1.55,257.879,3.6
2019-11-04,21.1646671295166,131805000,21.1646671295166,3078.27001953125,8210.66015625,12.829999923706056,1.55,257.879,3.6
2019-11-05,21.14800071716309,104151000,21.14800071716309,3074.6201171875,8210.1796875,13.100000381469728,1.55,257.879,3.6
2019-11-06,21.77199935913086,119113500,21.77199935913086,3076.780029296875,8196.0302734375,12.619999885559082,1.55,257.879,3.6
2019-11-07,22.369333267211918,217009500,22.369333267211918,3085.179931640625,8219.650390625,12.729999542236328,1.55,257.879,3.6
2019-11-08,22.47599983215332,91038000,22.47599983215332,3093.080078125,8255.8896484375,12.06999969482422,1.55,257.879,3.6
2019-11-11,23.006000518798828,149800500,23.006000518798828,3087.010009765625,8241.91015625,12.6899995803833,1.55,257.879,3.6
2019-11-12,23.32866668701172,110391000,23.32866668701172,3091.840087890625,8263.7900390625,12.68000030517578,1.55,257.879,3.6
2019-11-13,23.073999404907227,126301500,23.073999404907227,3094.0400390625,8259.8095703125,13.0,1.55,257.879,3.6
2019-11-14,23.290000915527344,96973500,23.290000915527344,3096.6298828125,8257.830078125,13.050000190734863,1.55,257.879,3.6
2019-11-15,23.47800064086914,72135000,23.47800064086914,3120.4599609375,8315.51953125,12.050000190734863,1.55,257.879,3.6
2019-11-18,23.332666397094727,66006000,23.332666397094727,3122.030029296875,8328.48046875,12.460000038146973,1.55,257.879,3.6
2019-11-19,23.968000411987305,115872000,23.968000411987305,3120.179931640625,8338.740234375,12.859999656677246,1.55,257.879,3.6
2019-11-20,23.481332778930664,100876500,23.481332778930664,3108.4599609375,8283.75,12.779999732971191,1.55,257.879,3.6
2019-11-21,23.655332565307617,91650000,23.655332565307617,3103.5400390625,8265.6201171875,13.130000114440918,1.55,257.879,3.6
2019-11-22,22.202667236328125,253059000,22.202667236328125,3110.2900390625,8272.0498046875,12.34000015258789,1.55,257.879,3.6
2019-11-25,22.422666549682617,185092500,22.422666549682617,3133.639892578125,8371.9296875,11.869999885559082,1.55,257.879,3.6
2019-11-26,21.92799949645996,119211000,21.92799949645996,3140.52001953125,8385.75,11.539999961853027,1.55,257.879,3.6
2019-11-27,22.086000442504883,83334000,22.086000442504883,3153.6298828125,8444.7099609375,11.75,1.55,257.879,3.6
2019-11-29,21.996000289916992,36984000,21.996000289916992,3140.97998046875,8403.6796875,12.619999885559082,1.55,257.879,3.6
2019-12-02,22.32466697692871,91117500,22.32466697692871,3113.8701171875,8309.259765625,14.90999984741211,1.55,257.879,3.6
2019-12-03,22.413333892822266,98605500,22.413333892822266,3093.199951171875,8254.740234375,15.960000038146973,1.55,257.879,3.6
2019-12-04,22.20199966430664,82995000,22.20199966430664,3112.760009765625,8296.5302734375,14.800000190734863,1.55,257.879,3.6
2019-12-05,22.024667739868164,55869000,22.024667739868164,3117.429931640625,8308.400390625,14.520000457763672,1.55,257.879,3.6
2019-12-06,22.392667770385746,114186000,22.392667770385746,3145.909912109375,8397.3701171875,13.619999885559082,1.55,257.879,3.6
2019-12-09,22.635332107543945,135346500,22.635332107543945,3135.9599609375,8362.740234375,15.859999656677246,1.55,257.879,3.6
2019-12-10,23.256000518798828,132424500,23.256000518798828,3132.52001953125,8354.2900390625,15.68000030517578,1.55,257.879,3.6
2019-12-11,23.51333236694336,103467000,23.51333236694336,3141.6298828125,8402.6103515625,14.989999771118164,1.55,257.879,3.6
2019-12-12,23.978666305541992,116458500,23.978666305541992,3168.570068359375,8466.8896484375,13.9399995803833,1.55,257.879,3.6
2019-12-13,23.892667770385746,98563500,23.892667770385746,3168.800048828125,8487.7099609375,12.630000114440918,1.55,257.879,3.6
2019-12-16,25.433332443237305,272613000,25.433332443237305,3191.449951171875,8570.330078125,12.140000343322754,1.55,257.879,3.6
2019-12-17,25.266000747680664,127452000,25.266000747680664,3192.52001953125,8575.7001953125,12.289999961853027,1.55,257.879,3.6
2019-12-18,26.209999084472656,211815000,26.209999084472656,3191.139892578125,8580.6201171875,12.579999923706056,1.55,257.879,3.6
2019-12-19,26.93600082397461,271606500,26.93600082397461,3205.3701171875,8641.2900390625,12.5,1.55,257.879,3.6
2019-12-20,27.03933334350586,221290500,27.03933334350586,3221.219970703125,8678.490234375,12.510000228881836,1.55,257.879,3.6
2019-12-23,27.947999954223636,199794000,27.947999954223636,3224.010009765625,8696.009765625,12.609999656677246,1.55,257.879,3.6
2019-12-24,28.350000381469727,120820500,28.350000381469727,3223.3798828125,8699.509765625,12.670000076293944,1.55,257.879,3.6
2019-12-26,28.72933387756348,159508500,28.72933387756348,3239.909912109375,8778.3095703125,12.649999618530272,1.55,257.879,3.6
2019-12-27,28.691999435424805,149185500,28.691999435424805,3240.02001953125,8770.98046875,13.43000030517578,1.55,257.879,3.6
2019-12-30,27.64666748046875,188796000,27.64666748046875,3221.2900390625,8709.73046875,14.81999969482422,1.55,257.879,3.6
2019-12-31,27.8886661529541,154285500,27.8886661529541,3230.780029296875,8733.0703125,13.779999732971191,1.55,257.879,3.6
2020-01-02,28.68400001525879,142981500,28.68400001525879,3257.85009765625,8872.2197265625,12.470000267028809,1.55,257.879,3.6
2020-01-03,29.53400039672852,266677500,29.53400039672852,3234.85009765625,8793.900390625,14.020000457763672,1.55,257.879,3.6
2020-01-06,30.1026668548584,151995000,30.1026668548584,3246.280029296875,8848.51953125,13.850000381469728,1.55,257.879,3.6
2020-01-07,31.270666122436523,268231500,31.270666122436523,3237.179931640625,8846.4501953125,13.789999961853027,1.55,257.879,3.6
2020-01-08,32.80933380126953,467164500,32.80933380126953,3253.050048828125,8912.3701171875,13.449999809265137,1.55,257.879,3.6
2020-01-09,32.089332580566406,426606000,32.089332580566406,3274.699951171875,8989.6298828125,12.539999961853027,1.55,257.879,3.6
2020-01-10,31.87666702270508,194392500,31.87666702270508,3265.35009765625,8966.6396484375,12.5600004196167,1.55,257.879,3.6
2020-01-13,34.990665435791016,397764000,34.990665435791016,3288.1298828125,9070.650390625,12.31999969482422,1.55,257.879,3.6
2020-01-14,35.861331939697266,434943000,35.861331939697266,3283.14990234375,9033.419921875,12.390000343322754,1.55,257.879,3.6
2020-01-15,34.56666564941406,260532000,34.56666564941406,3289.2900390625,9035.669921875,12.420000076293944,1.55,257.879,3.6
2020-01-16,34.232666015625,326050500,34.232666015625,3316.81005859375,9125.0,12.31999969482422,1.55,257.879,3.6
2020-01-17,34.03333282470703,204436500,34.03333282470703,3329.6201171875,9173.73046875,12.100000381469728,1.55,257.879,3.6
2020-01-21,36.47999954223633,267052500,36.47999954223633,3320.7900390625,9166.6298828125,12.850000381469728,1.55,257.879,3.6
2020-01-22,37.97066879272461,470535000,37.97066879272461,3321.75,9188.580078125,12.90999984741211,1.55,257.879,3.6
2020-01-23,38.14666748046875,294765000,38.14666748046875,3325.5400390625,9216.98046875,12.979999542236328,1.55,257.879,3.6
2020-01-24,37.654666900634766,215304000,37.654666900634766,3295.469970703125,9141.4697265625,14.5600004196167,1.55,257.879,3.6
2020-01-27,37.20133209228516,204121500,37.20133209228516,3243.6298828125,8952.1796875,18.229999542236328,1.55,257.879,3.6
2020-01-28,37.79333114624024,176827500,37.79333114624024,3276.239990234375,9090.9296875,16.280000686645508,1.55,257.879,3.6
2020-01-29,38.732666015625,267022500,38.732666015625,3273.39990234375,9101.6103515625,16.389999389648438,1.55,257.879,3.6
2020-01-30,42.72066879272461,435085500,42.72066879272461,3283.659912109375,9136.08984375,15.489999771118164,1.55,257.879,3.6
2020-01-31,43.37133407592773,235789500,43.37133407592773,3225.52001953125,8991.509765625,18.84000015258789,1.55,257.879,3.6
2020-02-03,52.0,705975000,52.0,3248.919921875,9126.23046875,17.969999313354492,1.55,257.879,3.6
2020-02-04,59.137332916259766,914082000,59.137332916259766,3297.590087890625,9334.0595703125,16.049999237060547,1.55,257.879,3.6
2020-02-05,48.97999954223633,726357000,48.97999954223633,3334.68994140625,9367.48046875,15.149999618530272,1.55,257.879,3.6
2020-02-06,49.93066787719727,598212000,49.93066787719727,3345.780029296875,9445.919921875,14.960000038146973,1.55,257.879,3.6
2020-02-07,49.87133407592773,255952500,49.87133407592773,3327.7099609375,9401.099609375,15.470000267028809,1.55,257.879,3.6
2020-02-10,51.41866683959961,370338000,51.41866683959961,3352.090087890625,9516.83984375,15.039999961853027,1.55,257.879,3.6
2020-02-11,51.62533187866211,175462500,51.62533187866211,3357.75,9517.8603515625,15.18000030517578,1.55,257.879,3.6
2020-02-12,51.15266799926758,180337500,51.15266799926758,3379.449951171875,9613.2001953125,13.739999771118164,1.55,257.879,3.6
2020-02-13,53.59999847412109,394339500,53.59999847412109,3373.93994140625,9595.7001953125,14.149999618530272,1.55,257.879,3.6
2020-02-14,53.33533477783203,235405500,53.33533477783203,3380.159912109375,9623.580078125,13.68000030517578,1.55,257.879,3.6
2020-02-18,57.22666549682617,245725500,57.22666549682617,3370.2900390625,9629.7998046875,14.829999923706056,1.55,257.879,3.6
2020-02-19,61.16133117675781,381345000,61.16133117675781,3386.14990234375,9718.73046875,14.380000114440918,1.55,257.879,3.6
2020-02-20,59.96066665649414,264523500,59.96066665649414,3373.22998046875,9627.830078125,15.5600004196167,1.55,257.879,3.6
2020-02-21,60.06666564941406,214722000,60.06666564941406,3337.75,9446.6904296875,17.079999923706055,1.55,257.879,3.6
2020-02-24,55.58599853515625,227883000,55.58599853515625,3225.889892578125,9079.6298828125,25.030000686645508,1.55,257.879,3.6
2020-02-25,53.32733154296875,259357500,53.32733154296875,3128.2099609375,8834.8701171875,27.850000381469727,1.55,257.879,3.6
2020-02-26,51.91999816894531,211282500,51.91999816894531,3116.389892578125,8873.759765625,27.559999465942383,1.55,257.879,3.6
2020-02-27,45.26666641235352,364158000,45.26666641235352,2978.760009765625,8436.669921875,39.15999984741211,1.55,257.879,3.6
2020-02-28,44.53266525268555,363343500,44.53266525268555,2954.219970703125,8461.830078125,40.11000061035156,1.55,257.879,3.6
2020-03-02,49.574668884277344,302925000,49.574668884277344,3090.22998046875,8877.98046875,33.41999816894531,1.55,257.879,3.6
2020-03-03,49.70066833496094,386760000,49.70066833496094,3003.3701171875,8594.490234375,36.81999969482422,1.55,257.879,3.6
2020-03-04,49.96666717529297,225735000,49.96666717529297,3130.1201171875,8949.2802734375,31.989999771118164,1.55,257.879,3.6
2020-03-05,48.30266571044922,162790500,48.30266571044922,3023.93994140625,8671.66015625,39.619998931884766,1.55,257.879,3.6
2020-03-06,46.89866638183594,189943500,46.89866638183594,2972.3701171875,8530.33984375,41.93999862670898,1.55,257.879,3.6
2020-03-09,40.53333282470703,256105500,40.53333282470703,2746.56005859375,7948.02978515625,54.459999084472656,1.55,257.879,3.6
2020-03-10,43.02199935913086,233916000,43.02199935913086,2882.22998046875,8372.26953125,47.29999923706055,1.55,257.879,3.6
2020-03-11,42.28200149536133,199837500,42.28200149536133,2741.3798828125,8006.1201171875,53.900001525878906,1.55,257.879,3.6
2020-03-12,37.369998931884766,283636500,37.369998931884766,2480.639892578125,7263.64990234375,75.47000122070312,1.55,257.879,3.6
2020-03-13,36.44133377075195,339604500,36.44133377075195,2711.02001953125,7995.259765625,57.83000183105469,1.55,257.879,3.6
2020-03-16,29.67133331298828,307342500,29.67133331298828,2386.1298828125,7020.3798828125,82.69000244140625,1.55,257.879,3.6
2020-03-17,28.68000030517578,359919000,28.68000030517578,2529.18994140625,7473.9501953125,75.91000366210938,1.55,257.879,3.6
2020-03-18,24.08133316040039,356793000,24.08133316040039,2398.10009765625,7175.18017578125,76.44999694824219,1.55,257.879,3.6
2020-03-19,28.50933265686035,452932500,28.50933265686035,2409.389892578125,7288.52001953125,72.0,1.55,257.879,3.6
2020-03-20,28.50200080871582,424282500,28.50200080871582,2304.919921875,6994.2900390625,66.04000091552734,1.55,257.879,3.6
2020-03-23,28.952667236328125,246817500,28.952667236328125,2237.39990234375,7006.919921875,61.59000015258789,1.55,257.879,3.6
2020-03-24,33.66666793823242,343428000,33.66666793823242,2447.330078125,7553.830078125,61.66999816894531,1.55,257.879,3.6
2020-03-25,35.95000076293945,318340500,35.95000076293945,2475.56005859375,7469.6201171875,63.95000076293945,1.55,257.879,3.6
2020-03-26,35.21066665649414,260710500,35.21066665649414,2630.070068359375,7897.1298828125,61.0,1.55,257.879,3.6
2020-03-27,34.29066848754883,215661000,34.29066848754883,2541.469970703125,7588.3701171875,65.54000091552734,1.55,257.879,3.6
2020-03-30,33.47533416748047,179971500,33.47533416748047,2626.64990234375,7889.009765625,57.08000183105469,1.55,257.879,3.6
2020-03-31,34.93333435058594,266572500,34.93333435058594,2584.590087890625,7813.5,53.540000915527344,1.55,257.879,3.6
2020-04-01,32.104000091552734,200298000,32.104000091552734,2470.5,7486.2900390625,57.060001373291016,0.05,256.032,14.8
2020-04-02,30.29800033569336,297876000,30.29800033569336,2526.89990234375,7635.66015625,50.90999984741211,0.05,256.032,14.8
2020-04-03,32.000667572021484,338431500,32.000667572021484,2488.64990234375,7528.10986328125,46.79999923706055,0.05,256.032,14.8
2020-04-06,34.41600036621094,223527000,34.41600036621094,2663.679931640625,8081.66015625,45.2400016784668,0.05,256.032,14.8
2020-04-07,36.36333465576172,268797000,36.36333465576172,2659.409912109375,8049.31005859375,46.70000076293945,0.05,256.032,14.8
2020-04-08,36.589332580566406,189840000,36.589332580566406,2749.97998046875,8229.5400390625,43.34999847412109,0.05,256.032,14.8
2020-04-09,38.20000076293945,204750000,38.20000076293945,2789.820068359375,8238.5302734375,41.66999816894531,0.05,256.032,14.8
2020-04-13,43.39666748046875,337131000,43.39666748046875,2761.6298828125,8332.740234375,41.16999816894531,0.05,256.032,14.8
2020-04-14,47.32600021362305,458647500,47.32600021362305,2846.06005859375,8692.16015625,37.7599983215332,0.05,256.032,14.8
2020-04-15,48.65533447265625,353655000,48.65533447265625,2783.360107421875,8591.9599609375,40.84000015258789,0.05,256.032,14.8
2020-04-16,49.68066787719727,309868500,49.68066787719727,2799.550048828125,8757.830078125,40.11000061035156,0.05,256.032,14.8
2020-04-17,50.25933456420898,196923000,50.25933456420898,2874.56005859375,8832.41015625,38.150001525878906,0.05,256.032,14.8
2020-04-20,49.75733184814453,221199000,49.75733184814453,2823.159912109375,8726.509765625,43.83000183105469,0.05,256.032,14.8
2020-04-21,45.78133392333984,303136500,45.78133392333984,2736.56005859375,8403.0,45.40999984741211,0.05,256.032,14.8
2020-04-22,48.80733489990234,212482500,48.80733489990234,2799.31005859375,8664.6396484375,41.97999954223633,0.05,256.032,14.8
2020-04-23,47.04199981689453,198550500,47.04199981689453,2797.800048828125,8641.5,41.380001068115234,0.05,256.032,14.8
2020-04-24,48.34333419799805,198180000,48.34333419799805,2836.739990234375,8786.599609375,35.93000030517578,0.05,256.032,14.8
2020-04-27,53.25,310221000,53.25,2878.47998046875,8837.66015625,33.290000915527344,0.05,256.032,14.8
2020-04-28,51.27466583251953,228330000,51.27466583251953,2863.389892578125,8677.599609375,33.56999969482422,0.05,256.032,14.8
2020-04-29,53.367332458496094,243240000,53.367332458496094,2939.510009765625,8982.759765625,31.229999542236328,0.05,256.032,14.8
2020-04-30,52.12533187866211,427078500,52.12533187866211,2912.429931640625,9000.509765625,34.150001525878906,0.05,256.032,14.8
2020-05-01,46.75466537475586,487977000,46.75466537475586,2830.7099609375,8718.1796875,37.18999862670898,0.05,255.802,13.2
2020-05-04,50.74599838256836,288556500,50.74599838256836,2842.739990234375,8834.1103515625,35.970001220703125,0.05,255.802,13.2
2020-05-05,51.2140007019043,254875500,51.2140007019043,2868.43994140625,8930.6201171875,33.61000061035156,0.05,255.802,13.2
2020-05-06,52.172000885009766,166848000,52.172000885009766,2848.419921875,8984.8603515625,34.119998931884766,0.05,255.802,13.2
2020-05-07,52.00266647338867,172915500,52.00266647338867,2881.18994140625,9101.8798828125,31.440000534057617,0.05,255.802,13.2
2020-05-08,54.62799835205078,241297500,54.62799835205078,2929.800048828125,9220.349609375,27.979999542236328,0.05,255.802,13.2
2020-05-11,54.08599853515625,247794000,54.08599853515625,2930.18994140625,9298.919921875,27.56999969482422,0.05,255.802,13.2
2020-05-12,53.96066665649414,238603500,53.96066665649414,2870.1201171875,9112.4501953125,33.040000915527344,0.05,255.802,13.2
2020-05-13,52.73066711425781,285982500,52.73066711425781,2820.0,9000.080078125,35.279998779296875,0.05,255.802,13.2
2020-05-14,53.55533218383789,205233000,53.55533218383789,2852.5,9094.419921875,32.61000061035156,0.05,255.802,13.2
2020-05-15,53.27799987792969,157776000,53.27799987792969,2863.699951171875,9152.6396484375,31.88999938964844,0.05,255.802,13.2
2020-05-18,54.242000579833984,174987000,54.242000579833984,2953.909912109375,9331.9296875,29.299999237060547,0.05,255.802,13.2
2020-05-19,53.867332458496094,144547500,53.867332458496094,2922.93994140625,9298.5400390625,30.530000686645508,0.05,255.802,13.2
2020-05-20,54.37066650390625,109639500,54.37066650390625,2971.610107421875,9485.01953125,27.989999771118164,0.05,255.802,13.2
2020-05-21,55.17333221435547,183819000,55.17333221435547,2948.510009765625,9377.990234375,29.530000686645508,0.05,255.802,13.2
2020-05-22,54.45866775512695,149812500,54.45866775512695,2955.449951171875,9413.990234375,28.15999984741211,0.05,255.802,13.2
2020-05-26,54.5913314819336,121345500,54.5913314819336,2991.77001953125,9389.98046875,28.01000022888184,0.05,255.802,13.2
2020-05-27,54.68199920654297,173242500,54.68199920654297,3036.1298828125,9442.0498046875,27.6200008392334,0.05,255.802,13.2
2020-05-28,53.72066879272461,108834000,53.72066879272461,3029.72998046875,9416.7099609375,28.59000015258789,0.05,255.802,13.2
2020-05-29,55.66666793823242,176467500,55.66666793823242,3044.31005859375,9555.5302734375,27.51000022888184,0.05,255.802,13.2
2020-06-01,59.87333297729492,224092500,59.87333297729492,3055.72998046875,9598.8896484375,28.229999542236328,0.08,257.042,11.0
2020-06-02,58.77066802978516,203484000,58.77066802978516,3080.820068359375,9657.3095703125,26.84000015258789,0.08,257.042,11.0
2020-06-03,58.86399841308594,119242500,58.86399841308594,3122.8701171875,9704.6904296875,25.65999984741211,0.08,257.042,11.0
2020-06-04,57.62533187866211,133315500,57.62533187866211,3112.35009765625,9629.66015625,25.809999465942383,0.08,257.042,11.0
2020-06-05,59.04399871826172,117178500,59.04399871826172,3193.929931640625,9824.3896484375,24.520000457763672,0.08,257.042,11.0
2020-06-08,63.32799911499024,212620500,63.32799911499024,3232.389892578125,9901.51953125,25.809999465942383,0.08,257.042,11.0
2020-06-09,62.711334228515625,170823000,62.711334228515625,3207.179931640625,9967.169921875,27.56999969482422,0.08,257.042,11.0
2020-06-10,68.336669921875,278451000,68.336669921875,3190.139892578125,10094.259765625,27.56999969482422,0.08,257.042,11.0
2020-06-11,64.85600280761719,238747500,64.85600280761719,3002.10009765625,9588.48046875,40.790000915527344,0.08,257.042,11.0
2020-06-12,62.35200119018555,251451000,62.35200119018555,3041.31005859375,9663.7802734375,36.09000015258789,0.08,257.042,11.0
2020-06-15,66.05999755859375,235458000,66.05999755859375,3066.590087890625,9776.8896484375,34.400001525878906,0.08,257.042,11.0
2020-06-16,65.47533416748047,210766500,65.47533416748047,3124.739990234375,9949.3701171875,33.66999816894531,0.08,257.042,11.0
2020-06-17,66.11933135986328,148362000,66.11933135986328,3113.489990234375,9982.48046875,33.470001220703125,0.08,257.042,11.0
2020-06-18,66.9306640625,146278500,66.9306640625,3115.340087890625,10012.0498046875,32.939998626708984,0.08,257.042,11.0
2020-06-19,66.72666931152344,130195500,66.72666931152344,3097.739990234375,10008.6396484375,35.119998931884766,0.08,257.042,11.0
2020-06-22,66.28800201416016,95436000,66.28800201416016,3117.860107421875,10130.330078125,31.770000457763672,0.08,257.042,11.0
2020-06-23,66.78533172607422,95479500,66.78533172607422,3131.2900390625,10209.8203125,31.3700008392334,0.08,257.042,11.0
2020-06-24,64.0566635131836,164394000,64.0566635131836,3050.330078125,10002.7001953125,33.84000015258789,0.08,257.042,11.0
2020-06-25,65.73200225830078,138817500,65.73200225830078,3083.760009765625,10101.830078125,32.220001220703125,0.08,257.042,11.0
2020-06-26,63.982666015625,132823500,63.982666015625,3009.050048828125,9849.3603515625,34.72999954223633,0.08,257.042,11.0
2020-06-29,67.29000091552734,135396000,67.29000091552734,3053.239990234375,9961.16015625,31.780000686645508,0.08,257.042,11.0
2020-06-30,71.98733520507812,253777500,71.98733520507812,3100.2900390625,10156.849609375,30.43000030517578,0.08,257.042,11.0
2020-07-01,74.64199829101562,199903500,74.64199829101562,3115.860107421875,10279.25,28.6200008392334,0.09,258.352,10.2
2020-07-02,80.57733154296875,258751500,80.57733154296875,3130.010009765625,10341.8896484375,27.68000030517578,0.09,258.352,10.2
2020-07-06,91.43866729736328,308548500,91.43866729736328,3179.719970703125,10604.0595703125,27.940000534057617,0.09,258.352,10.2
2020-07-07,92.65733337402344,322345500,92.65733337402344,3145.320068359375,10524.009765625,29.43000030517578,0.09,258.352,10.2
2020-07-08,91.05867004394533,244669500,91.05867004394533,3169.93994140625,10666.7001953125,28.07999992370605,0.09,258.352,10.2
2020-07-09,92.9520034790039,175764000,92.9520034790039,3152.050048828125,10754.58984375,29.26000022888184,0.09,258.352,10.2
2020-07-10,102.97666931152344,350064000,102.97666931152344,3185.0400390625,10836.330078125,27.290000915527344,0.09,258.352,10.2
2020-07-13,99.8040008544922,584781000,99.8040008544922,3155.219970703125,10602.2099609375,32.189998626708984,0.09,258.352,10.2
2020-07-14,101.12000274658205,351271500,101.12000274658205,3197.52001953125,10689.51953125,29.520000457763672,0.09,258.352,10.2
2020-07-15,103.06732940673828,245517000,103.06732940673828,3226.56005859375,10701.6796875,27.76000022888184,0.09,258.352,10.2
2020-07-16,100.04266357421876,214512000,100.04266357421876,3215.570068359375,10626.4599609375,28.0,0.09,258.352,10.2
2020-07-17,100.05599975585938,139950000,100.05599975585938,3224.72998046875,10645.2197265625,25.68000030517578,0.09,258.352,10.2
2020-07-20,109.53333282470705,256821000,109.53333282470705,3251.840087890625,10952.080078125,24.459999084472656,0.09,258.352,10.2
2020-07-21,104.55733489990234,241608000,104.55733489990234,3257.300048828125,10833.0703125,24.84000015258789,0.09,258.352,10.2
2020-07-22,106.15533447265624,212416500,106.15533447265624,3276.02001953125,10870.75,24.31999969482422,0.09,258.352,10.2
2020-07-23,100.87133026123048,364927500,100.87133026123048,3235.659912109375,10580.58984375,26.07999992370605,0.09,258.352,10.2
2020-07-24,94.46666717529295,290949000,94.46666717529295,3215.6298828125,10483.1298828125,25.84000015258789,0.09,258.352,10.2
2020-07-27,102.63999938964844,240730500,102.63999938964844,3239.409912109375,10674.3798828125,24.739999771118164,0.09,258.352,10.2
2020-07-28,98.43267059326172,237130500,98.43267059326172,3218.43994140625,10532.5,25.440000534057617,0.09,258.352,10.2
2020-07-29,99.94066619873048,141403500,99.94066619873048,3258.43994140625,10662.98046875,24.100000381469727,0.09,258.352,10.2
2020-07-30,99.16600036621094,114315000,99.16600036621094,3246.219970703125,10715.509765625,24.76000022888184,0.09,258.352,10.2
2020-07-31,95.38400268554688,183123000,95.38400268554688,3271.1201171875,10905.8798828125,24.459999084472656,0.09,258.352,10.2
2020-08-03,99.0,132139500,99.0,3294.610107421875,11055.080078125,24.280000686645508,0.09,258.352,10.2
2020-08-04,99.13333129882812,126225000,99.13333129882812,3306.510009765625,11096.5400390625,23.76000022888184,0.09,258.352,10.2
2020-08-05,99.00133514404295,74217000,99.00133514404295,3327.77001953125,11125.4404296875,22.989999771118164,0.09,258.352,10.2
2020-08-06,99.30533599853516,89884500,99.30533599853516,3349.159912109375,11267.080078125,22.649999618530277,0.09,258.352,10.2
2020-08-07,96.84733581542967,133446000,96.84733581542967,3351.280029296875,11139.3896484375,22.209999084472656,0.09,258.352,10.2
2020-08-10,94.5713348388672,112834500,94.5713348388672,3360.469970703125,11085.169921875,22.1299991607666,0.09,258.352,10.2
2020-08-11,91.6259994506836,129387000,91.6259994506836,3333.68994140625,10876.080078125,24.030000686645508,0.09,258.352,10.2
2020-08-12,103.65066528320312,327441000,103.65066528320312,3380.35009765625,11157.7197265625,22.280000686645508,0.09,258.352,10.2
2020-08-13,108.06666564941406,306379500,108.06666564941406,3373.429931640625,11178.3701171875,22.1299991607666,0.09,258.352,10.2
2020-08-14,110.04733276367188,188664000,110.04733276367188,3372.85009765625,11164.4501953125,22.049999237060547,0.09,258.352,10.2
2020-08-17,122.3759994506836,303634500,122.3759994506836,3381.989990234375,11288.5703125,21.350000381469727,0.09,258.352,10.2
2020-08-18,125.80599975585938,247117500,125.80599975585938,3389.780029296875,11399.0302734375,21.51000022888184,0.09,258.352,10.2
2020-08-19,125.23533630371094,183079500,125.23533630371094,3374.85009765625,11318.6396484375,22.540000915527344,0.09,258.352,10.2
2020-08-20,133.45533752441406,309177000,133.45533752441406,3385.510009765625,11477.0498046875,22.71999931335449,0.09,258.352,10.2
2020-08-21,136.6653289794922,322344000,136.6653289794922,3397.159912109375,11555.16015625,22.540000915527344,0.09,258.352,10.2
2020-08-24,134.27999877929688,300954000,134.27999877929688,3431.280029296875,11626.169921875,22.3700008392334,0.09,258.352,10.2
2020-08-25,134.8893280029297,159883500,134.8893280029297,3443.6201171875,11721.8095703125,22.030000686645508,0.09,258.352,10.2
2020-08-26,143.54466247558594,213591000,143.54466247558594,3478.72998046875,11971.9404296875,23.270000457763672,0.09,258.352,10.2
2020-08-27,149.25,355395000,149.25,3484.550048828125,11926.16015625,24.46999931335449,0.09,258.352,10.2
2020-08-28,147.55999755859375,301218000,147.55999755859375,3508.010009765625,11995.849609375,22.959999084472656,0.09,258.352,10.2
2020-08-31,166.10667419433594,355123200,166.10667419433594,3500.31005859375,12110.7001953125,26.40999984741211,0.09,258.352,10.2
2020-09-01,158.35000610351562,269523300,158.35000610351562,3526.64990234375,12292.8603515625,26.1200008392334,0.09,259.997,7.8
2020-09-02,149.1233367919922,288528300,149.1233367919922,3580.840087890625,12420.5400390625,26.56999969482422,0.09,259.997,7.8
2020-09-03,135.6666717529297,262788300,135.6666717529297,3455.06005859375,11771.3701171875,33.599998474121094,0.09,259.997,7.8
2020-09-04,139.44000244140625,330965700,139.44000244140625,3426.9599609375,11622.1298828125,30.75,0.09,259.997,7.8
2020-09-08,110.06999969482422,346397100,110.06999969482422,3331.840087890625,11068.259765625,31.459999084472656,0.09,259.997,7.8
2020-09-09,122.09333038330078,238397400,122.09333038330078,3398.9599609375,11395.849609375,28.809999465942383,0.09,259.997,7.8
2020-09-10,123.77999877929688,254791800,123.77999877929688,3339.18994140625,11154.1201171875,29.709999084472656,0.09,259.997,7.8
2020-09-11,124.23999786376952,182152500,124.23999786376952,3340.969970703125,11087.400390625,26.8700008392334,0.09,259.997,7.8
2020-09-14,139.8733367919922,249061800,139.8733367919922,3383.5400390625,11277.759765625,25.850000381469727,0.09,259.997,7.8
2020-09-15,149.9199981689453,291894600,149.9199981689453,3401.199951171875,11438.8701171875,25.59000015258789,0.09,259.997,7.8
2020-09-16,147.25332641601562,216837900,147.25332641601562,3385.489990234375,11247.599609375,26.040000915527344,0.09,259.997,7.8
2020-09-17,141.14332580566406,230337600,141.14332580566406,3357.010009765625,11080.9501953125,26.459999084472656,0.09,259.997,7.8
2020-09-18,147.38333129882812,259220400,147.38333129882812,3319.469970703125,10936.98046875,25.82999992370605,0.09,259.997,7.8
2020-09-21,149.79666137695312,328430400,149.79666137695312,3281.06005859375,10980.2197265625,27.780000686645508,0.09,259.997,7.8
2020-09-22,141.41000366210938,238742400,141.41000366210938,3315.570068359375,11186.3701171875,26.86000061035156,0.09,259.997,7.8
2020-09-23,126.7866668701172,285222600,126.7866668701172,3236.919921875,10833.330078125,28.57999992370605,0.09,259.997,7.8
2020-09-24,129.26333618164062,289683300,129.26333618164062,3246.590087890625,10896.4697265625,28.51000022888184,0.09,259.997,7.8
2020-09-25,135.77999877929688,201625500,135.77999877929688,3298.4599609375,11151.1298828125,26.3799991607666,0.09,259.997,7.8
2020-09-28,140.39999389648438,149158800,140.39999389648438,3351.60009765625,11364.4501953125,26.190000534057617,0.09,259.997,7.8
2020-09-29,139.69000244140625,150657900,139.69000244140625,3335.469970703125,11322.9501953125,26.270000457763672,0.09,259.997,7.8
2020-09-30,143.00332641601562,144436800,143.00332641601562,3363.0,11418.0595703125,26.3700008392334,0.09,259.997,7.8
2020-10-01,149.3866729736328,152224500,149.3866729736328,3380.800048828125,11583.2001953125,26.700000762939453,0.09,260.319,6.9
2020-10-02,138.3633270263672,214290000,138.3633270263672,3348.419921875,11255.6904296875,27.6299991607666,0.09,260.319,6.9
2020-10-05,141.89332580566406,134168400,141.89332580566406,3408.60009765625,11509.0595703125,27.959999084472656,0.09,260.319,6.9
2020-10-06,137.9933319091797,147438900,137.9933319091797,3360.969970703125,11291.26953125,29.479999542236328,0.09,260.319,6.9
2020-10-07,141.76666259765625,129383100,141.76666259765625,3419.43994140625,11503.1904296875,28.059999465942383,0.09,260.319,6.9
2020-10-08,141.97332763671875,121263300,141.97332763671875,3446.830078125,11550.9404296875,26.36000061035156,0.09,260.319,6.9
2020-10-09,144.6666717529297,86777100,144.6666717529297,3477.139892578125,11725.849609375,25.0,0.09,260.319,6.9
2020-10-12,147.43333435058594,116373300,147.43333435058594,3534.219970703125,12088.1103515625,25.06999969482422,0.09,260.319,6.9
2020-10-13,148.88333129882812,103391100,148.88333129882812,3511.929931640625,12083.169921875,26.06999969482422,0.09,260.319,6.9
2020-10-14,153.76666259765625,143639100,153.76666259765625,3488.669921875,11985.3603515625,26.399999618530277,0.09,260.319,6.9
2020-10-15,149.6266632080078,107017200,149.6266632080078,3483.340087890625,11898.5703125,26.96999931335449,0.09,260.319,6.9
2020-10-16,146.55667114257812,98327700,146.55667114257812,3483.81005859375,11852.169921875,27.40999984741211,0.09,260.319,6.9
2020-10-19,143.61000061035156,108863400,143.61000061035156,3426.919921875,11634.349609375,29.18000030517578,0.09,260.319,6.9
2020-10-20,140.64666748046875,94968900,140.64666748046875,3443.1201171875,11677.83984375,29.350000381469727,0.09,260.319,6.9
2020-10-21,140.8800048828125,97111500,140.8800048828125,3435.56005859375,11665.3701171875,28.649999618530277,0.09,260.319,6.9
2020-10-22,141.92999267578125,119979600,141.92999267578125,3453.489990234375,11662.91015625,28.11000061035156,0.09,260.319,6.9
2020-10-23,140.2100067138672,101151000,140.2100067138672,3465.389892578125,11692.5703125,27.549999237060547,0.09,260.319,6.9
2020-10-26,140.0933380126953,84717600,140.0933380126953,3400.969970703125,11504.51953125,32.459999084472656,0.09,260.319,6.9
2020-10-27,141.55999755859375,68059500,141.55999755859375,3390.679931640625,11598.9501953125,33.349998474121094,0.09,260.319,6.9
2020-10-28,135.33999633789062,76354200,135.33999633789062,3271.030029296875,11142.759765625,40.27999877929688,0.09,260.319,6.9
2020-10-29,136.94332885742188,67965900,136.94332885742188,3310.110107421875,11350.740234375,37.59000015258789,0.09,260.319,6.9
2020-10-30,129.34666442871094,127533900,129.34666442871094,3269.9599609375,11052.9501953125,38.02000045776367,0.09,260.319,6.9
2020-11-02,133.50332641601562,87063300,133.50332641601562,3310.239990234375,11084.759765625,37.130001068115234,0.09,260.319,6.9
2020-11-03,141.3000030517578,103055100,141.3000030517578,3369.159912109375,11279.91015625,35.54999923706055,0.09,260.319,6.9
2020-11-04,140.32666015625,96429300,140.32666015625,3443.43994140625,11777.01953125,29.56999969482422,0.09,260.319,6.9
2020-11-05,146.02999877929688,85243500,146.02999877929688,3510.449951171875,12078.0703125,27.57999992370605,0.09,260.319,6.9
2020-11-06,143.31666564941406,65118000,143.31666564941406,3509.43994140625,12091.349609375,24.86000061035156,0.09,260.319,6.9
2020-11-09,140.4199981689453,104499000,140.4199981689453,3550.5,11830.3896484375,25.75,0.09,260.319,6.9
2020-11-10,136.7866668701172,90852600,136.7866668701172,3545.530029296875,11624.2900390625,24.799999237060547,0.09,260.319,6.9
2020-11-11,139.0433349609375,52073100,139.0433349609375,3572.659912109375,11892.9296875,23.450000762939453,0.09,260.319,6.9
2020-11-12,137.25332641601562,59565300,137.25332641601562,3537.010009765625,11827.1396484375,25.350000381469727,0.09,260.319,6.9
2020-11-13,136.1666717529297,59313300,136.1666717529297,3585.14990234375,11937.83984375,23.100000381469727,0.09,260.319,6.9
2020-11-16,136.02999877929688,80515800,136.02999877929688,3626.909912109375,12013.3798828125,22.450000762939453,0.09,260.319,6.9
2020-11-17,147.20333862304688,183564900,147.20333862304688,3609.530029296875,11977.490234375,22.709999084472656,0.09,260.319,6.9
2020-11-18,162.2133331298828,234132000,162.2133331298828,3567.7900390625,11894.7099609375,23.84000015258789,0.09,260.319,6.9
2020-11-19,166.42333984375,187425900,166.42333984375,3581.8701171875,11985.4296875,23.11000061035156,0.09,260.319,6.9
2020-11-20,163.20333862304688,98735700,163.20333862304688,3557.5400390625,11906.4404296875,23.700000762939453,0.09,260.319,6.9
2020-11-23,173.9499969482422,150780900,173.9499969482422,3577.590087890625,11905.9404296875,22.65999984741211,0.09,260.319,6.9
2020-11-24,185.1266632080078,160945500,185.1266632080078,3635.409912109375,12079.8095703125,21.63999938964844,0.09,260.319,6.9
2020-11-25,191.3333282470703,146790600,191.3333282470703,3629.64990234375,12152.2197265625,21.25,0.09,260.319,6.9
2020-11-27,195.2533264160156,112683300,195.2533264160156,3638.35009765625,12258.2099609375,20.84000015258789,0.09,260.319,6.9
2020-11-30,189.1999969482422,189009300,189.1999969482422,3621.6298828125,12268.3203125,20.56999969482422,0.09,260.319,6.9
2020-12-01,194.9199981689453,120310500,194.9199981689453,3662.449951171875,12455.330078125,20.770000457763672,0.09,262.045,6.7
2020-12-02,189.60667419433597,143327100,189.60667419433597,3669.010009765625,12456.41015625,21.170000076293945,0.09,262.045,6.7
2020-12-03,197.7933349609375,127656000,197.7933349609375,3666.719970703125,12467.1298828125,21.280000686645508,0.09,262.045,6.7
2020-12-04,199.67999267578125,88203900,199.67999267578125,3699.1201171875,12528.48046875,20.790000915527344,0.09,262.045,6.7
2020-12-07,213.9199981689453,168929100,213.9199981689453,3691.9599609375,12596.4697265625,21.299999237060547,0.09,262.045,6.7
2020-12-08,216.6266632080078,192795000,216.6266632080078,3702.25,12635.7197265625,20.68000030517578,0.09,262.045,6.7
2020-12-09,201.4933319091797,213873600,201.4933319091797,3672.820068359375,12364.6396484375,22.270000457763672,0.09,262.045,6.7
2020-12-10,209.02333068847656,201249600,209.02333068847656,3668.10009765625,12401.740234375,22.520000457763672,0.09,262.045,6.7
2020-12-11,203.3300018310547,139425000,203.3300018310547,3663.4599609375,12375.41015625,23.309999465942383,0.09,262.045,6.7
2020-12-14,213.27667236328125,156121800,213.27667236328125,3647.489990234375,12462.2099609375,24.71999931335449,0.09,262.045,6.7
2020-12-15,211.0833282470703,135214500,211.0833282470703,3694.6201171875,12595.919921875,22.88999938964844,0.09,262.045,6.7
2020-12-16,207.58999633789065,126287400,207.58999633789065,3701.169921875,12668.16015625,22.5,0.09,262.045,6.7
2020-12-17,218.63333129882807,168810300,218.63333129882807,3722.47998046875,12752.0595703125,21.93000030517578,0.09,262.045,6.7
2020-12-18,231.6666717529297,666378600,231.6666717529297,3709.409912109375,12738.1796875,21.56999969482422,0.09,262.045,6.7
2020-12-21,216.6199951171875,174135900,216.6199951171875,3694.919921875,12690.259765625,25.15999984741211,0.09,262.045,6.7
2020-12-22,213.44667053222656,155148000,213.44667053222656,3687.260009765625,12717.5595703125,24.229999542236328,0.09,262.045,6.7
2020-12-23,215.32666015625,99519000,215.32666015625,3690.010009765625,12653.1396484375,23.309999465942383,0.09,262.045,6.7
2020-12-24,220.58999633789065,68596800,220.58999633789065,3703.06005859375,12711.009765625,21.530000686645508,0.09,262.045,6.7
2020-12-28,221.22999572753903,96835800,221.22999572753903,3735.360107421875,12838.8603515625,21.700000762939453,0.09,262.045,6.7
2020-12-29,221.9966735839844,68732400,221.9966735839844,3727.0400390625,12843.490234375,23.07999992370605,0.09,262.045,6.7
2020-12-30,231.5933380126953,128538000,231.5933380126953,3732.0400390625,12845.3603515625,22.770000457763672,0.09,262.045,6.7
2020-12-31,235.22332763671875,148949700,235.22332763671875,3756.070068359375,12888.2802734375,22.75,0.09,262.045,6.7
2021-01-04,243.2566680908203,145914600,243.2566680908203,3700.64990234375,12694.66015625,26.96999931335449,0.09,262.045,6.7
2021-01-05,245.0366668701172,96735600,245.0366668701172,3726.860107421875,12802.3798828125,25.34000015258789,0.09,262.045,6.7
2021-01-06,251.9933319091797,134100000,251.9933319091797,3748.139892578125,12623.349609375,25.06999969482422,0.09,262.045,6.7
2021-01-07,272.0133361816406,154496700,272.0133361816406,3803.7900390625,12939.5703125,22.3700008392334,0.09,262.045,6.7
2021-01-08,293.3399963378906,225166500,293.3399963378906,3824.679931640625,13105.2001953125,21.559999465942383,0.09,262.045,6.7
2021-01-11,270.39666748046875,177904800,270.39666748046875,3799.610107421875,12902.490234375,24.07999992370605,0.09,262.045,6.7
2021-01-12,283.14666748046875,138812100,283.14666748046875,3801.18994140625,12892.08984375,23.32999992370605,0.09,262.045,6.7
2021-01-13,284.8033447265625,99937500,284.8033447265625,3809.840087890625,12973.6298828125,22.209999084472656,0.09,262.045,6.7
2021-01-14,281.6666564941406,93798900,281.6666564941406,3795.5400390625,12898.6904296875,23.25,0.09,262.045,6.7
2021-01-15,275.3866577148437,116332800,275.3866577148437,3768.25,12803.9296875,24.34000015258789,0.09,262.045,6.7
2021-01-19,281.51666259765625,76101000,281.51666259765625,3798.909912109375,12996.5400390625,23.239999771118164,0.09,262.045,6.7
2021-01-20,283.4833374023437,76997700,283.4833374023437,3851.85009765625,13296.4501953125,21.57999992370605,0.09,262.045,6.7
2021-01-21,281.663330078125,61563300,281.663330078125,3853.070068359375,13404.990234375,21.31999969482422,0.09,262.045,6.7
2021-01-22,282.2133178710937,60199500,282.2133178710937,3841.469970703125,13366.400390625,21.90999984741211,0.09,262.045,6.7
2021-01-25,293.6000061035156,123520200,293.6000061035156,3855.360107421875,13483.2900390625,23.190000534057617,0.09,262.045,6.7
2021-01-26,294.36334228515625,69394800,294.36334228515625,3849.6201171875,13490.1904296875,23.020000457763672,0.09,262.045,6.7
2021-01-27,288.0533447265625,82002000,288.0533447265625,3750.77001953125,13112.650390625,37.209999084472656,0.09,262.045,6.7
2021-01-28,278.4766540527344,79134000,278.4766540527344,3787.3798828125,13201.5302734375,30.209999084472656,0.09,262.045,6.7
2021-01-29,264.510009765625,104972400,264.510009765625,3714.239990234375,12925.3798828125,33.09000015258789,0.09,262.045,6.7
2021-02-01,279.9366760253906,76174200,279.9366760253906,3773.860107421875,13248.900390625,30.239999771118164,0.08,263.579,6.2
2021-02-02,290.92999267578125,73038600,290.92999267578125,3826.31005859375,13456.1201171875,25.559999465942383,0.08,263.579,6.2
2021-02-03,284.89666748046875,55030500,284.89666748046875,3830.169921875,13402.3701171875,22.90999984741211,0.08,263.579,6.2
2021-02-04,283.3299865722656,47438100,283.3299865722656,3871.739990234375,13560.8896484375,21.770000457763672,0.08,263.579,6.2
2021-02-05,284.07666015625,55699800,284.07666015625,3886.830078125,13603.9599609375,20.8700008392334,0.08,263.579,6.2
2021-02-08,287.8066711425781,60485100,287.8066711425781,3915.590087890625,13695.01953125,21.239999771118164,0.08,263.579,6.2
2021-02-09,283.1533203125,45473100,283.1533203125,3911.22998046875,13687.080078125,21.6299991607666,0.08,263.579,6.2
2021-02-10,268.2733459472656,108648300,268.2733459472656,3909.8798828125,13655.26953125,21.989999771118164,0.08,263.579,6.2
2021-02-11,270.5533447265625,64868400,270.5533447265625,3916.3798828125,13734.349609375,21.25,0.08,263.579,6.2
2021-02-12,272.0400085449219,71304900,272.0400085449219,3934.830078125,13807.7001953125,19.96999931335449,0.08,263.579,6.2
2021-02-16,265.4066772460937,59406900,265.4066772460937,3932.590087890625,13773.76953125,21.459999084472656,0.08,263.579,6.2
2021-02-17,266.04998779296875,77989500,266.04998779296875,3931.330078125,13699.7099609375,21.5,0.08,263.579,6.2
2021-02-18,262.4599914550781,53871300,262.4599914550781,3913.969970703125,13637.509765625,22.489999771118164,0.08,263.579,6.2
2021-02-19,260.4333190917969,56874900,260.4333190917969,3906.7099609375,13580.7802734375,22.049999237060547,0.08,263.579,6.2
2021-02-22,238.1666717529297,111809100,238.1666717529297,3876.5,13223.740234375,23.450000762939453,0.08,263.579,6.2
2021-02-23,232.94667053222656,199820700,232.94667053222656,3881.3701171875,13194.7099609375,23.11000061035156,0.08,263.579,6.2
2021-02-24,247.33999633789065,110301000,247.33999633789065,3925.429931640625,13302.1904296875,21.34000015258789,0.08,263.579,6.2
2021-02-25,227.4066619873047,117071700,227.4066619873047,3829.340087890625,12828.3095703125,28.88999938964844,0.08,263.579,6.2
2021-02-26,225.1666717529297,123267600,225.1666717529297,3811.14990234375,12909.4404296875,27.950000762939453,0.08,263.579,6.2
2021-03-01,239.47666931152344,81408600,239.47666931152344,3901.820068359375,13282.9501953125,23.350000381469727,0.07,264.961,6.1
2021-03-02,228.81333923339844,71196600,228.81333923339844,3870.2900390625,13059.9501953125,24.100000381469727,0.07,264.961,6.1
2021-03-03,217.73333740234372,90624000,217.73333740234372,3819.719970703125,12683.330078125,26.670000076293945,0.07,264.961,6.1
2021-03-04,207.14666748046875,197758500,207.14666748046875,3768.469970703125,12464.0,28.56999969482422,0.07,264.961,6.1
2021-03-05,199.3166656494141,268189500,199.3166656494141,3841.93994140625,12668.509765625,24.65999984741211,0.07,264.961,6.1
2021-03-08,187.6666717529297,155361000,187.6666717529297,3821.35009765625,12299.080078125,25.46999931335449,0.07,264.961,6.1
2021-03-09,224.52667236328125,202569900,224.52667236328125,3875.43994140625,12794.490234375,24.030000686645508,0.07,264.961,6.1
2021-03-10,222.6866607666016,181817100,222.6866607666016,3898.81005859375,12752.0703125,22.559999465942383,0.07,264.961,6.1
2021-03-11,233.1999969482422,108761700,233.1999969482422,3939.340087890625,13052.900390625,21.90999984741211,0.07,264.961,6.1
2021-03-12,231.2433319091797,100751400,231.2433319091797,3943.340087890625,12937.2900390625,20.690000534057617,0.07,264.961,6.1
2021-03-15,235.97999572753903,88006800,235.97999572753903,3968.93994140625,13082.5400390625,20.030000686645508,0.07,264.961,6.1
2021-03-16,225.6266632080078,96587100,225.6266632080078,3962.7099609375,13152.2802734375,19.790000915527344,0.07,264.961,6.1
2021-03-17,233.9366607666016,121117500,233.9366607666016,3974.1201171875,13202.3798828125,19.229999542236328,0.07,264.961,6.1
2021-03-18,217.72000122070312,99674400,217.72000122070312,3915.4599609375,12789.1396484375,21.57999992370605,0.07,264.961,6.1
2021-03-19,218.2899932861328,128682000,218.2899932861328,3913.10009765625,12866.990234375,20.950000762939453,0.07,264.961,6.1
2021-03-22,223.3333282470703,118536600,223.3333282470703,3940.590087890625,13086.509765625,18.8799991607666,0.07,264.961,6.1
2021-03-23,220.72000122070312,91475700,220.72000122070312,3910.52001953125,13017.7900390625,20.299999237060547,0.07,264.961,6.1
2021-03-24,210.08999633789065,101385600,210.08999633789065,3889.139892578125,12798.8798828125,21.200000762939453,0.07,264.961,6.1
2021-03-25,213.4633331298828,117674700,213.4633331298828,3909.52001953125,12780.509765625,19.809999465942383,0.07,264.961,6.1
2021-03-26,206.23666381835935,101558400,206.23666381835935,3974.5400390625,12979.1201171875,18.86000061035156,0.07,264.961,6.1
2021-03-29,203.76333618164065,85911000,203.76333618164065,3971.090087890625,12965.740234375,20.739999771118164,0.07,264.961,6.1
2021-03-30,211.8733367919922,118297200,211.8733367919922,3958.550048828125,12896.5302734375,19.61000061035156,0.07,264.961,6.1
2021-03-31,222.6433258056641,100011900,222.6433258056641,3972.889892578125,13091.4404296875,19.399999618530277,0.07,264.961,6.1
2021-04-01,220.5833282470703,105895200,220.5833282470703,4019.8701171875,13329.51953125,17.329999923706055,0.07,266.614,6.1
2021-04-05,230.3500061035156,125528400,230.3500061035156,4077.909912109375,13598.16015625,17.90999984741211,0.07,266.614,6.1
2021-04-06,230.5399932861328,84815400,230.5399932861328,4073.93994140625,13578.4599609375,18.1200008392334,0.07,266.614,6.1
2021-04-07,223.6566619873047,78928200,223.6566619873047,4079.949951171875,13616.7001953125,17.15999984741211,0.07,266.614,6.1
2021-04-08,227.93333435058597,71772900,227.93333435058597,4097.169921875,13758.509765625,16.950000762939453,0.07,266.614,6.1
2021-04-09,225.67333984375,64311300,225.67333984375,4128.7998046875,13845.0595703125,16.690000534057617,0.07,266.614,6.1
2021-04-12,233.9933319091797,87407100,233.9933319091797,4127.990234375,13819.349609375,16.90999984741211,0.07,266.614,6.1
2021-04-13,254.10667419433597,133958400,254.10667419433597,4141.58984375,13986.490234375,16.649999618530273,0.07,266.614,6.1
2021-04-14,244.07666015625,147052200,244.07666015625,4124.66015625,13803.91015625,16.989999771118164,0.07,266.614,6.1
2021-04-15,246.2833404541016,83546700,246.2833404541016,4170.419921875,14026.1904296875,16.56999969482422,0.07,266.614,6.1
2021-04-16,246.5933380126953,83938500,246.5933380126953,4185.47021484375,14041.91015625,16.25,0.07,266.614,6.1
2021-04-19,238.2100067138672,119058600,238.2100067138672,4163.259765625,13907.669921875,17.290000915527344,0.07,266.614,6.1
2021-04-20,239.663330078125,106827000,239.663330078125,4134.93994140625,13809.2998046875,18.68000030517578,0.07,266.614,6.1
2021-04-21,248.0399932861328,93646500,248.0399932861328,4173.419921875,13935.150390625,17.5,0.07,266.614,6.1
2021-04-22,239.89666748046875,106770900,239.89666748046875,4134.97998046875,13762.3603515625,18.709999084472656,0.07,266.614,6.1
2021-04-23,243.13333129882807,85110000,243.13333129882807,4180.169921875,13941.4404296875,17.329999923706055,0.07,266.614,6.1
2021-04-26,246.0666656494141,93115500,246.0666656494141,4187.6201171875,14026.16015625,17.639999389648438,0.07,266.614,6.1
2021-04-27,234.913330078125,88311000,234.913330078125,4186.72021484375,13960.2802734375,17.559999465942383,0.07,266.614,6.1
2021-04-28,231.46665954589844,66813000,231.46665954589844,4183.18017578125,13901.6201171875,17.280000686645508,0.07,266.614,6.1
2021-04-29,225.6666717529297,86536200,225.6666717529297,4211.47021484375,13970.2001953125,17.610000610351562,0.07,266.614,6.1
2021-04-30,236.47999572753903,122276100,236.47999572753903,4181.169921875,13860.759765625,18.61000061035156,0.07,266.614,6.1
2021-05-03,228.3000030517578,81129300,228.3000030517578,4192.66015625,13799.7197265625,18.309999465942383,0.07,266.614,6.1
2021-05-04,224.5333404541016,89217900,224.5333404541016,4164.66015625,13544.669921875,19.479999542236328,0.07,266.614,6.1
2021-05-05,223.64666748046875,65705700,223.64666748046875,4167.58984375,13503.3701171875,19.149999618530277,0.07,266.614,6.1
2021-05-06,221.17999267578125,83353800,221.17999267578125,4201.6201171875,13613.73046875,18.38999938964844,0.07,266.614,6.1
2021-05-07,224.1233367919922,70407600,224.1233367919922,4232.60009765625,13719.6298828125,16.690000534057617,0.07,266.614,6.1
2021-05-10,209.67999267578125,94177200,209.67999267578125,4188.43017578125,13359.080078125,19.65999984741211,0.07,266.614,6.1
2021-05-11,205.73333740234372,139511700,205.73333740234372,4152.10009765625,13351.26953125,21.84000015258789,0.07,266.614,6.1
2021-05-12,196.6300048828125,101470800,196.6300048828125,4063.0400390625,13001.6298828125,27.59000015258789,0.07,266.614,6.1
2021-05-13,190.56333923339844,132554700,190.56333923339844,4112.5,13109.150390625,23.1299991607666,0.07,266.614,6.1
2021-05-14,196.5800018310547,100112700,196.5800018310547,4173.85009765625,13393.1201171875,18.809999465942383,0.07,266.614,6.1
2021-05-17,192.27667236328125,97171200,192.27667236328125,4163.2900390625,13312.91015625,19.71999931335449,0.07,266.614,6.1
2021-05-18,192.6233367919922,110491800,192.6233367919922,4127.830078125,13217.6796875,21.34000015258789,0.07,266.614,6.1
2021-05-19,187.82000732421875,118735200,187.82000732421875,4115.68017578125,13237.91015625,22.18000030517578,0.07,266.614,6.1
2021-05-20,195.5933380126953,92463300,195.5933380126953,4159.1201171875,13494.08984375,20.670000076293945,0.07,266.614,6.1
2021-05-21,193.6266632080078,78091800,193.6266632080078,4155.85986328125,13411.740234375,20.149999618530277,0.07,266.614,6.1
2021-05-24,202.14666748046875,103674300,202.14666748046875,4197.0498046875,13641.75,18.399999618530277,0.07,266.614,6.1
2021-05-25,201.56333923339844,84017700,201.56333923339844,4188.1298828125,13657.73046875,18.84000015258789,0.07,266.614,6.1
2021-05-26,206.3766632080078,85917900,206.3766632080078,4195.990234375,13702.740234375,17.360000610351562,0.07,266.614,6.1
2021-05-27,210.2833404541016,79111800,210.2833404541016,4200.8798828125,13657.849609375,16.739999771118164,0.07,266.614,6.1
2021-05-28,208.4066619873047,68211000,208.4066619873047,4204.10986328125,13686.509765625,16.760000228881836,0.07,266.614,6.1
2021-06-01,207.96665954589844,54254700,207.96665954589844,4202.0400390625,13654.58984375,17.899999618530273,0.08,270.654,5.9
2021-06-02,201.7066650390625,69908400,201.7066650390625,4208.1201171875,13675.7900390625,17.479999542236328,0.08,270.654,5.9
2021-06-03,190.94667053222656,90335700,190.94667053222656,4192.85009765625,13529.6796875,18.040000915527344,0.08,270.654,5.9
2021-06-04,199.68333435058597,72110700,199.68333435058597,4229.89013671875,13770.76953125,16.420000076293945,0.08,270.654,5.9
2021-06-07,201.7100067138672,67631100,201.7100067138672,4226.52001953125,13802.8896484375,16.420000076293945,0.08,270.654,5.9
2021-06-08,201.19667053222656,78160200,201.19667053222656,4227.259765625,13810.8603515625,17.06999969482422,0.08,270.654,5.9
2021-06-09,199.5933380126953,49753800,199.5933380126953,4219.5498046875,13814.9404296875,17.889999389648438,0.08,270.654,5.9
2021-06-10,203.3733367919922,71758800,203.3733367919922,4239.18017578125,13960.349609375,16.100000381469727,0.08,270.654,5.9
2021-06-11,203.29666137695312,48615900,203.29666137695312,4247.43994140625,13998.2998046875,15.649999618530272,0.08,270.654,5.9
2021-06-14,205.89666748046875,61272000,205.89666748046875,4255.14990234375,14128.2001953125,16.389999389648438,0.08,270.654,5.9
2021-06-15,199.7866668701172,53292300,199.7866668701172,4246.58984375,14030.41015625,17.020000457763672,0.08,270.654,5.9
2021-06-16,201.6233367919922,66432300,201.6233367919922,4223.7001953125,13983.009765625,18.149999618530277,0.08,270.654,5.9
2021-06-17,205.5333404541016,68104200,205.5333404541016,4221.85986328125,14163.8095703125,17.75,0.08,270.654,5.9
2021-06-18,207.7700042724609,73682700,207.7700042724609,4166.4501953125,14049.580078125,20.700000762939453,0.08,270.654,5.9
2021-06-21,206.94332885742188,74438100,206.94332885742188,4224.7900390625,14137.23046875,17.889999389648438,0.08,270.654,5.9
2021-06-22,207.90333557128903,57476700,207.90333557128903,4246.43994140625,14270.419921875,16.65999984741211,0.08,270.654,5.9
2021-06-23,218.85667419433597,93297600,218.85667419433597,4241.83984375,14274.240234375,16.31999969482422,0.08,270.654,5.9
2021-06-24,226.60667419433597,137947200,226.60667419433597,4266.490234375,14365.9599609375,15.970000267028809,0.08,270.654,5.9
2021-06-25,223.9566650390625,97490100,223.9566650390625,4280.7001953125,14345.1796875,15.619999885559082,0.08,270.654,5.9
2021-06-28,229.5733337402344,64884600,229.5733337402344,4290.60986328125,14524.98046875,15.760000228881836,0.08,270.654,5.9
2021-06-29,226.9199981689453,52143900,226.9199981689453,4291.7998046875,14572.75,16.020000457763672,0.08,270.654,5.9
2021-06-30,226.5666656494141,56774700,226.5666656494141,4297.5,14554.7998046875,15.829999923706056,0.08,270.654,5.9
2021-07-01,225.97332763671875,55903500,225.97332763671875,4319.93994140625,14560.0498046875,15.479999542236328,0.1,271.903,5.4
2021-07-02,226.3000030517578,81163500,226.3000030517578,4352.33984375,14727.6298828125,15.06999969482422,0.1,271.903,5.4
2021-07-06,219.8600006103516,69853500,219.8600006103516,4343.5400390625,14786.3603515625,16.440000534057617,0.1,271.903,5.4
2021-07-07,214.88333129882807,56376000,214.88333129882807,4358.1298828125,14810.5400390625,16.200000762939453,0.1,271.903,5.4
2021-07-08,217.60333251953125,68319900,217.60333251953125,4320.81982421875,14722.1396484375,19.0,0.1,271.903,5.4
2021-07-09,218.98333740234372,54421500,218.98333740234372,4369.5498046875,14826.08984375,16.18000030517578,0.1,271.903,5.4
2021-07-12,228.5666656494141,77781000,228.5666656494141,4384.6298828125,14877.8896484375,16.170000076293945,0.1,271.903,5.4
2021-07-13,222.8466644287109,62898300,222.8466644287109,4369.2099609375,14874.5400390625,17.1200008392334,0.1,271.903,5.4
2021-07-14,217.7933349609375,64923600,217.7933349609375,4374.2998046875,14900.4404296875,16.329999923706055,0.1,271.903,5.4
2021-07-15,216.86666870117188,60628800,216.86666870117188,4360.02978515625,14794.6904296875,17.010000228881836,0.1,271.903,5.4
2021-07-16,214.7400054931641,49113000,214.7400054931641,4327.16015625,14681.3798828125,18.450000762939453,0.1,271.903,5.4
2021-07-19,215.4066619873047,63891300,215.4066619873047,4258.490234375,14549.08984375,22.5,0.1,271.903,5.4
2021-07-20,220.1666717529297,46461300,220.1666717529297,4323.06005859375,14728.2099609375,19.729999542236328,0.1,271.903,5.4
2021-07-21,218.42999267578125,41859900,218.42999267578125,4358.68994140625,14842.6298828125,17.90999984741211,0.1,271.903,5.4
2021-07-22,216.4199981689453,45317100,216.4199981689453,4367.47998046875,14940.169921875,17.690000534057617,0.1,271.903,5.4
2021-07-23,214.4600067138672,43814700,214.4600067138672,4411.7900390625,15111.7900390625,17.200000762939453,0.1,271.903,5.4
2021-07-26,219.2066650390625,76009800,219.2066650390625,4422.2998046875,15125.9501953125,17.579999923706055,0.1,271.903,5.4
2021-07-27,214.9266662597656,98439900,214.9266662597656,4401.4599609375,14956.9697265625,19.36000061035156,0.1,271.903,5.4
2021-07-28,215.66000366210935,48019800,215.66000366210935,4400.64013671875,15018.099609375,18.309999465942383,0.1,271.903,5.4
2021-07-29,225.7833404541016,91183800,225.7833404541016,4419.14990234375,15048.3603515625,17.700000762939453,0.1,271.903,5.4
2021-07-30,229.0666656494141,88969200,229.0666656494141,4395.259765625,14959.900390625,18.239999771118164,0.1,271.903,5.4
2021-08-02,236.55667114257807,100847400,236.55667114257807,4387.16015625,14963.6201171875,19.459999084472656,0.1,271.903,5.4
2021-08-03,236.5800018310547,64860900,236.5800018310547,4423.14990234375,15061.419921875,18.040000915527344,0.1,271.903,5.4
2021-08-04,236.97332763671875,51007800,236.97332763671875,4402.66015625,15083.3896484375,17.969999313354492,0.1,271.903,5.4
2021-08-05,238.2100067138672,38758800,238.2100067138672,4429.10009765625,15181.6396484375,17.280000686645508,0.1,271.903,5.4
2021-08-06,233.0333404541016,46869000,233.0333404541016,4436.52001953125,15109.3603515625,16.149999618530273,0.1,271.903,5.4
2021-08-09,237.9199981689453,44145900,237.9199981689453,4432.35009765625,15133.1103515625,16.719999313354492,0.1,271.903,5.4
2021-08-10,236.663330078125,40296900,236.663330078125,4436.75,15053.580078125,16.790000915527344,0.1,271.903,5.4
2021-08-11,235.94000244140625,29401800,235.94000244140625,4442.41015625,15027.759765625,16.170000076293945,0.1,271.903,5.4
2021-08-12,240.75,52377300,240.75,4460.830078125,15088.98046875,15.59000015258789,0.1,271.903,5.4
2021-08-13,239.05667114257807,50194500,239.05667114257807,4468.0,15136.6796875,15.449999809265137,0.1,271.903,5.4
2021-08-16,228.72332763671875,68032200,228.72332763671875,4479.7099609375,15140.76953125,16.1200008392334,0.1,271.903,5.4
2021-08-17,221.90333557128903,71163900,221.90333557128903,4448.080078125,15002.830078125,17.90999984741211,0.1,271.903,5.4
2021-08-18,229.663330078125,61048200,229.663330078125,4400.27001953125,14857.919921875,21.56999969482422,0.1,271.903,5.4
2021-08-19,224.4900054931641,42940500,224.4900054931641,4405.7998046875,14933.9404296875,21.670000076293945,0.1,271.903,5.4
2021-08-20,226.7533264160156,44525700,226.7533264160156,4441.669921875,15092.5703125,18.559999465942383,0.1,271.903,5.4
2021-08-23,235.43333435058597,60794700,235.43333435058597,4479.52978515625,15312.8203125,17.149999618530273,0.1,271.903,5.4
2021-08-24,236.163330078125,39249300,236.163330078125,4486.22998046875,15357.6796875,17.219999313354492,0.1,271.903,5.4
2021-08-25,237.0666656494141,37936800,237.0666656494141,4496.18994140625,15368.919921875,16.790000915527344,0.1,271.903,5.4
2021-08-26,233.72000122070312,39642900,233.72000122070312,4470.0,15278.51953125,18.84000015258789,0.1,271.903,5.4
2021-08-27,237.30667114257807,41501400,237.30667114257807,4509.3701171875,15432.9501953125,16.389999389648438,0.1,271.903,5.4
2021-08-30,243.6366729736328,55812600,243.6366729736328,4528.7900390625,15605.08984375,16.190000534057617,0.1,271.903,5.4
2021-08-31,245.2400054931641,62566200,245.2400054931641,4522.68017578125,15582.509765625,16.479999542236328,0.1,271.903,5.4
2021-09-01,244.69667053222656,39612900,244.69667053222656,4524.08984375,15611.5703125,16.110000610351562,0.08,273.91,4.7
2021-09-02,244.1300048828125,38331900,244.1300048828125,4536.9501953125,15604.25,16.40999984741211,0.08,273.91,4.7
2021-09-03,244.52333068847656,45738300,244.52333068847656,4535.43017578125,15652.8603515625,16.40999984741211,0.08,273.91,4.7
2021-09-07,250.97332763671875,60119400,250.97332763671875,4520.02978515625,15675.759765625,18.13999938964844,0.08,273.91,4.7
2021-09-08,251.2899932861328,56379000,251.2899932861328,4514.06982421875,15620.849609375,17.959999084472656,0.08,273.91,4.7
2021-09-09,251.6199951171875,42233100,251.6199951171875,4493.27978515625,15561.0498046875,18.799999237060547,0.08,273.91,4.7
2021-09-10,245.42333984375,45552600,245.42333984375,4458.580078125,15440.75,20.950000762939453,0.08,273.91,4.7
2021-09-13,247.6666717529297,68857500,247.6666717529297,4468.72998046875,15434.5,19.3700008392334,0.08,273.91,4.7
2021-09-14,248.163330078125,55574700,248.163330078125,4443.0498046875,15382.900390625,19.459999084472656,0.08,273.91,4.7
2021-09-15,251.94332885742188,46073100,251.94332885742188,4480.7001953125,15503.5302734375,18.18000030517578,0.08,273.91,4.7
2021-09-16,252.3300018310547,41770200,252.3300018310547,4473.75,15515.91015625,18.690000534057617,0.08,273.91,4.7
2021-09-17,253.163330078125,84612600,253.163330078125,4432.990234375,15333.4697265625,20.809999465942383,0.08,273.91,4.7
2021-09-20,243.38999938964844,74273100,243.38999938964844,4357.72998046875,15012.1904296875,25.709999084472656,0.08,273.91,4.7
2021-09-21,246.4600067138672,48992100,246.4600067138672,4354.18994140625,15027.76953125,24.36000061035156,0.08,273.91,4.7
2021-09-22,250.64666748046875,45378900,250.64666748046875,4395.64013671875,15176.509765625,20.8700008392334,0.08,273.91,4.7
2021-09-23,251.2133331298828,35842500,251.2133331298828,4448.97998046875,15316.580078125,18.6299991607666,0.08,273.91,4.7
2021-09-24,258.1300048828125,64119000,258.1300048828125,4455.47998046875,15329.6796875,17.75,0.08,273.91,4.7
2021-09-27,263.78668212890625,84212100,263.78668212890625,4443.10986328125,15204.8203125,18.76000022888184,0.08,273.91,4.7
2021-09-28,259.1866760253906,76144200,259.1866760253906,4352.6298828125,14770.2998046875,23.25,0.08,273.91,4.7
2021-09-29,260.4366760253906,62828700,260.4366760253906,4359.4599609375,14752.8896484375,22.559999465942383,0.08,273.91,4.7
2021-09-30,258.49334716796875,53868000,258.49334716796875,4307.5400390625,14689.6201171875,23.13999938964844,0.08,273.91,4.7
2021-10-01,258.4066772460937,51094200,258.4066772460937,4357.0400390625,14791.8701171875,21.100000381469727,0.08,276.55,4.5
2021-10-04,260.510009765625,91449900,260.510009765625,4300.4599609375,14472.1201171875,22.959999084472656,0.08,276.55,4.5
2021-10-05,260.1966552734375,55297800,260.1966552734375,4345.72021484375,14674.150390625,21.299999237060547,0.08,276.55,4.5
2021-10-06,260.9166564941406,43898400,260.9166564941406,4363.5498046875,14766.75,21.0,0.08,276.55,4.5
2021-10-07,264.53668212890625,57587400,264.53668212890625,4399.759765625,14897.1298828125,19.540000915527344,0.08,276.55,4.5
2021-10-08,261.8299865722656,50215800,261.8299865722656,4391.33984375,14820.75,18.770000457763672,0.08,276.55,4.5
2021-10-11,263.9800109863281,42600900,263.9800109863281,4361.18994140625,14713.73046875,20.0,0.08,276.55,4.5
2021-10-12,268.5733337402344,66060000,268.5733337402344,4350.64990234375,14662.1103515625,19.850000381469727,0.08,276.55,4.5
2021-10-13,270.3599853515625,42360300,270.3599853515625,4363.7998046875,14774.599609375,18.63999938964844,0.08,276.55,4.5
2021-10-14,272.7733459472656,36741600,272.7733459472656,4438.259765625,15052.419921875,16.860000610351562,0.08,276.55,4.5
2021-10-15,281.010009765625,56773800,281.010009765625,4471.3701171875,15146.919921875,16.299999237060547,0.08,276.55,4.5
2021-10-18,290.03668212890625,72621600,290.03668212890625,4486.4599609375,15300.8896484375,16.309999465942383,0.08,276.55,4.5
2021-10-19,288.0899963378906,52143300,288.0899963378906,4519.6298828125,15410.7197265625,15.699999809265137,0.08,276.55,4.5
2021-10-20,288.6000061035156,42096300,288.6000061035156,4536.18994140625,15388.7099609375,15.489999771118164,0.08,276.55,4.5
2021-10-21,298.0,94444500,298.0,4549.77978515625,15489.58984375,15.010000228881836,0.08,276.55,4.5
2021-10-22,303.2266540527344,68642400,303.2266540527344,4544.89990234375,15355.0703125,15.43000030517578,0.08,276.55,4.5
2021-10-25,341.6199951171875,188556300,341.6199951171875,4566.47998046875,15514.1904296875,15.239999771118164,0.08,276.55,4.5
2021-10-26,339.4766540527344,187245000,339.4766540527344,4574.7900390625,15559.490234375,15.979999542236328,0.08,276.55,4.5
2021-10-27,345.9533386230469,115579500,345.9533386230469,4551.68017578125,15598.3896484375,16.979999542236328,0.08,276.55,4.5
2021-10-28,359.0133361816406,81639600,359.0133361816406,4596.419921875,15778.16015625,16.530000686645508,0.08,276.55,4.5
2021-10-29,371.3333435058594,89755200,371.3333435058594,4605.3798828125,15850.4697265625,16.260000228881836,0.08,276.55,4.5
2021-11-01,402.86334228515625,168146100,402.86334228515625,4613.669921875,15905.2802734375,16.40999984741211,0.08,278.919,4.1
2021-11-02,390.6666564941406,128213400,390.6666564941406,4630.64990234375,15972.490234375,16.030000686645508,0.08,278.919,4.1
2021-11-03,404.6199951171875,103885500,404.6199951171875,4660.56982421875,16144.5,15.100000381469728,0.08,278.919,4.1
2021-11-04,409.9700012207031,76192200,409.9700012207031,4680.06005859375,16346.240234375,15.4399995803833,0.08,278.919,4.1
2021-11-05,407.36334228515625,64886400,407.36334228515625,4697.52978515625,16359.3798828125,16.479999542236328,0.08,278.919,4.1
2021-11-08,387.6466674804688,100337100,387.6466674804688,4701.7001953125,16336.0302734375,17.219999313354492,0.08,278.919,4.1
2021-11-09,341.1666564941406,177317400,341.1666564941406,4685.25,16219.9404296875,17.780000686645508,0.08,278.919,4.1
2021-11-10,355.9833374023437,128408100,355.9833374023437,4646.7099609375,15985.5703125,18.729999542236328,0.08,278.919,4.1
2021-11-11,354.5033264160156,67189800,354.5033264160156,4649.27001953125,16032.4697265625,17.65999984741211,0.08,278.919,4.1
2021-11-12,344.47332763671875,76719300,344.47332763671875,4682.85009765625,16199.8896484375,16.290000915527344,0.08,278.919,4.1
2021-11-15,337.7966613769531,104326800,337.7966613769531,4682.7998046875,16189.1201171875,16.489999771118164,0.08,278.919,4.1
2021-11-16,351.57666015625,79627200,351.57666015625,4700.89990234375,16309.76953125,16.3700008392334,0.08,278.919,4.1
2021-11-17,363.0033264160156,94336200,363.0033264160156,4688.669921875,16308.0703125,17.110000610351562,0.08,278.919,4.1
2021-11-18,365.4599914550781,62696700,365.4599914550781,4704.5400390625,16482.970703125,17.59000015258789,0.08,278.919,4.1
2021-11-19,379.0199890136719,64926900,379.0199890136719,4697.9599609375,16573.33984375,17.90999984741211,0.08,278.919,4.1
2021-11-22,385.6233215332031,99217500,385.6233215332031,4682.93994140625,16380.98046875,19.170000076293945,0.08,278.919,4.1
2021-11-23,369.6766662597656,108515100,369.6766662597656,4690.7001953125,16306.7197265625,19.3799991607666,0.08,278.919,4.1
2021-11-24,372.0,67680600,372.0,4701.4599609375,16367.8095703125,18.57999992370605,0.08,278.919,4.1
2021-11-26,360.6400146484375,35042700,360.6400146484375,4594.6201171875,16025.580078125,28.6200008392334,0.08,278.919,4.1
2021-11-29,378.9966735839844,58393500,378.9966735839844,4655.27001953125,16399.240234375,22.959999084472656,0.08,278.919,4.1
2021-11-30,381.586669921875,81276000,381.586669921875,4567.0,16135.919921875,27.190000534057617,0.08,278.919,4.1
2021-12-01,365.0,68450400,365.0,4513.0400390625,15877.7197265625,31.1200008392334,0.08,280.845,3.9
2021-12-02,361.5333251953125,73114800,361.5333251953125,4577.10009765625,15990.759765625,27.950000762939453,0.08,280.845,3.9
2021-12-03,338.3233337402344,92322000,338.3233337402344,4538.43017578125,15712.0400390625,30.670000076293945,0.08,280.845,3.9
2021-12-06,336.336669921875,81663000,336.336669921875,4591.669921875,15846.16015625,27.18000030517578,0.08,280.845,3.9
2021-12-07,350.5833435058594,56084700,350.5833435058594,4686.75,16325.66015625,21.88999938964844,0.08,280.845,3.9
2021-12-08,356.32000732421875,41906400,356.32000732421875,4701.2099609375,16394.33984375,19.899999618530277,0.08,280.845,3.9
2021-12-09,334.6000061035156,59438400,334.6000061035156,4667.4501953125,16149.5703125,21.57999992370605,0.08,280.845,3.9
2021-12-10,339.010009765625,59664300,339.010009765625,4712.02001953125,16331.98046875,18.690000534057617,0.08,280.845,3.9
2021-12-13,322.1366577148437,78595500,322.1366577148437,4668.97021484375,16082.5498046875,20.309999465942383,0.08,280.845,3.9
2021-12-14,319.5033264160156,70806300,319.5033264160156,4634.08984375,15914.900390625,21.88999938964844,0.08,280.845,3.9
2021-12-15,325.3299865722656,75169200,325.3299865722656,4709.85009765625,16289.58984375,19.290000915527344,0.08,280.845,3.9
2021-12-16,308.97332763671875,82771500,308.97332763671875,4668.669921875,15863.9404296875,20.56999969482422,0.08,280.845,3.9
2021-12-17,310.8566589355469,100437300,310.8566589355469,4620.64013671875,15801.4599609375,21.56999969482422,0.08,280.845,3.9
2021-12-20,299.9800109863281,56480100,299.9800109863281,4568.02001953125,15627.6396484375,22.8700008392334,0.08,280.845,3.9
2021-12-21,312.84332275390625,71517900,312.84332275390625,4649.22998046875,15986.2802734375,21.01000022888184,0.08,280.845,3.9
2021-12-22,336.2900085449219,93634200,336.2900085449219,4696.56005859375,16180.1396484375,18.6299991607666,0.08,280.845,3.9
2021-12-23,355.6666564941406,92713200,355.6666564941406,4725.7900390625,16308.2099609375,17.959999084472656,0.08,280.845,3.9
2021-12-27,364.6466674804688,71145900,364.6466674804688,4791.18994140625,16567.5,17.68000030517578,0.08,280.845,3.9
2021-12-28,362.8233337402344,60324000,362.8233337402344,4786.35009765625,16488.66015625,17.540000915527344,0.08,280.845,3.9
2021-12-29,362.0633239746094,56154000,362.0633239746094,4793.06005859375,16491.009765625,16.950000762939453,0.08,280.845,3.9
2021-12-30,356.7799987792969,47040900,356.7799987792969,4778.72998046875,16429.099609375,17.329999923706055,0.08,280.845,3.9
2021-12-31,352.260009765625,40733700,352.260009765625,4766.18017578125,16320.080078125,17.219999313354492,0.08,280.845,3.9
2022-01-03,399.9266662597656,103931400,399.9266662597656,4796.56005859375,16501.76953125,16.600000381469727,0.08,280.845,3.9
2022-01-04,383.1966552734375,100248300,383.1966552734375,4793.5400390625,16279.73046875,16.90999984741211,0.08,280.845,3.9
2022-01-05,362.7066650390625,80119800,362.7066650390625,4700.580078125,15771.7802734375,19.729999542236328,0.08,280.845,3.9
2022-01-06,354.8999938964844,90336600,354.8999938964844,4696.0498046875,15765.3603515625,19.61000061035156,0.08,280.845,3.9
2022-01-07,342.32000732421875,84164700,342.32000732421875,4677.02978515625,15592.1904296875,18.76000022888184,0.08,280.845,3.9
2022-01-10,352.7066650390625,91815000,352.7066650390625,4670.2900390625,15614.4296875,19.399999618530277,0.08,280.845,3.9
2022-01-11,354.79998779296875,66063300,354.79998779296875,4713.06982421875,15844.1201171875,18.40999984741211,0.08,280.845,3.9
2022-01-12,368.739990234375,83739000,368.739990234375,4726.35009765625,15905.099609375,17.6200008392334,0.08,280.845,3.9
2022-01-13,343.85333251953125,97209900,343.85333251953125,4659.02978515625,15495.6201171875,20.309999465942383,0.08,280.845,3.9
2022-01-14,349.8699951171875,72924300,349.8699951171875,4662.85009765625,15611.58984375,19.190000534057617,0.08,280.845,3.9
2022-01-18,343.5033264160156,66743400,343.5033264160156,4577.10986328125,15210.759765625,22.790000915527344,0.08,280.845,3.9
2022-01-19,331.8833312988281,75442500,331.8833312988281,4532.759765625,15047.83984375,23.850000381469727,0.08,280.845,3.9
2022-01-20,332.0899963378906,70488600,332.0899963378906,4482.72998046875,14846.4599609375,25.59000015258789,0.08,280.845,3.9
2022-01-21,314.6333312988281,103416000,314.6333312988281,4397.93994140625,14438.400390625,28.850000381469727,0.08,280.845,3.9
2022-01-24,310.0,151565700,310.0,4410.1298828125,14509.580078125,29.899999618530277,0.08,280.845,3.9
2022-01-25,306.1333312988281,86595900,306.1333312988281,4356.4501953125,14149.1201171875,31.15999984741211,0.08,280.845,3.9
2022-01-26,312.4700012207031,104867400,312.4700012207031,4349.93017578125,14172.759765625,31.959999084472656,0.08,280.845,3.9
2022-01-27,276.3666687011719,147109500,276.3666687011719,4326.509765625,14003.1103515625,30.489999771118164,0.08,280.845,3.9
2022-01-28,282.1166687011719,134789100,282.1166687011719,4431.85009765625,14454.6103515625,27.65999984741211,0.08,280.845,3.9
2022-01-31,312.239990234375,104436000,312.239990234375,4515.5498046875,14930.0498046875,24.82999992370605,0.08,280.845,3.9
2022-02-01,310.4166564941406,73138200,310.4166564941406,4546.5400390625,15019.6796875,21.959999084472656,0.08,284.5,3.9
2022-02-02,301.8866577148437,66792900,301.8866577148437,4589.3798828125,15139.740234375,22.09000015258789,0.08,284.5,3.9
2022-02-03,297.0466613769531,78855600,297.0466613769531,4477.43994140625,14501.1103515625,24.350000381469727,0.08,284.5,3.9
2022-02-04,307.7733459472656,73625400,307.7733459472656,4500.52978515625,14694.349609375,23.21999931335449,0.08,284.5,3.9
2022-02-07,302.4466552734375,60994500,302.4466552734375,4483.8701171875,14571.25,22.86000061035156,0.08,284.5,3.9
2022-02-08,307.3333435058594,50729100,307.3333435058594,4521.5400390625,14747.0302734375,21.440000534057617,0.08,284.5,3.9
2022-02-09,310.6666564941406,52259400,310.6666564941406,4587.18017578125,15056.9599609375,19.959999084472656,0.08,284.5,3.9
2022-02-10,301.51666259765625,66126900,301.51666259765625,4504.080078125,14705.6396484375,23.90999984741211,0.08,284.5,3.9
2022-02-11,286.6666564941406,79645800,286.6666564941406,4418.64013671875,14253.83984375,27.36000061035156,0.08,284.5,3.9
2022-02-14,291.9200134277344,67756500,291.9200134277344,4401.669921875,14268.58984375,28.32999992370605,0.08,284.5,3.9
2022-02-15,307.4766540527344,57286200,307.4766540527344,4471.06982421875,14620.8203125,25.700000762939453,0.08,284.5,3.9
2022-02-16,307.7966613769531,51294300,307.7966613769531,4475.009765625,14603.6396484375,24.290000915527344,0.08,284.5,3.9
2022-02-17,292.1166687011719,55178400,292.1166687011719,4380.259765625,14171.740234375,28.11000061035156,0.08,284.5,3.9
2022-02-18,285.6600036621094,68501700,285.6600036621094,4348.8701171875,14009.5400390625,27.75,0.08,284.5,3.9
2022-02-22,273.84332275390625,83288100,273.84332275390625,4304.759765625,13870.5302734375,28.809999465942383,0.08,284.5,3.9
2022-02-23,254.67999267578125,95256900,254.67999267578125,4225.5,13509.4296875,31.020000457763672,0.08,284.5,3.9
2022-02-24,266.92333984375,135322200,266.92333984375,4288.7001953125,13974.669921875,30.31999969482422,0.08,284.5,3.9
2022-02-25,269.9566650390625,76067700,269.9566650390625,4384.64990234375,14189.16015625,27.59000015258789,0.08,284.5,3.9
2022-02-28,290.1433410644531,99006900,290.1433410644531,4373.93994140625,14237.8095703125,30.149999618530277,0.08,284.5,3.9
2022-03-01,288.1233215332031,74766900,288.1233215332031,4306.259765625,14005.990234375,33.31999969482422,0.2,287.674,3.7
2022-03-02,293.2966613769531,74643300,293.2966613769531,4386.5400390625,14243.6904296875,30.739999771118164,0.2,287.674,3.7
2022-03-03,279.7633361816406,61623600,279.7633361816406,4363.490234375,14035.2099609375,30.479999542236328,0.2,287.674,3.7
2022-03-04,279.42999267578125,66999600,279.42999267578125,4328.8701171875,13837.830078125,31.979999542236328,0.2,287.674,3.7
2022-03-07,268.1933288574219,72494100,268.1933288574219,4201.08984375,13319.3798828125,36.45000076293945,0.2,287.674,3.7
2022-03-08,274.79998779296875,80399100,274.79998779296875,4170.7001953125,13267.6103515625,35.130001068115234,0.2,287.674,3.7
2022-03-09,286.3233337402344,59184000,286.3233337402344,4277.8798828125,13742.2001953125,32.45000076293945,0.2,287.674,3.7
2022-03-10,279.4333190917969,58648500,279.4333190917969,4259.52001953125,13591.0,30.229999542236328,0.2,287.674,3.7
2022-03-11,265.1166687011719,67037100,265.1166687011719,4204.31005859375,13301.830078125,30.75,0.2,287.674,3.7
2022-03-14,255.4566650390625,71152200,255.4566650390625,4173.10986328125,13046.6396484375,31.770000457763672,0.2,287.674,3.7
2022-03-15,267.2966613769531,66841200,267.2966613769531,4262.4501953125,13458.5595703125,29.82999992370605,0.2,287.674,3.7
2022-03-16,280.07666015625,84028800,280.07666015625,4357.85986328125,13956.7900390625,26.670000076293945,0.2,287.674,3.7
2022-03-17,290.5333251953125,66582900,290.5333251953125,4411.669921875,14118.599609375,25.670000076293945,0.2,287.674,3.7
2022-03-18,301.7966613769531,100414200,301.7966613769531,4463.1201171875,14420.080078125,23.8700008392334,0.2,287.674,3.7
2022-03-21,307.0533447265625,81981600,307.0533447265625,4461.18017578125,14376.08984375,23.530000686645508,0.2,287.674,3.7
2022-03-22,331.32666015625,105868500,331.32666015625,4511.60986328125,14654.330078125,22.940000534057617,0.2,287.674,3.7
2022-03-23,333.03668212890625,120676200,333.03668212890625,4456.240234375,14447.5498046875,23.56999969482422,0.2,287.674,3.7
2022-03-24,337.97332763671875,68920800,337.97332763671875,4520.16015625,14765.6904296875,21.670000076293945,0.2,287.674,3.7
2022-03-25,336.8800048828125,62031600,336.8800048828125,4543.06005859375,14754.3095703125,20.809999465942383,0.2,287.674,3.7
2022-03-28,363.9466552734375,102506100,363.9466552734375,4575.52001953125,14987.400390625,19.6299991607666,0.2,287.674,3.7
2022-03-29,366.5233459472656,73614900,366.5233459472656,4631.60009765625,15239.3203125,18.899999618530277,0.2,287.674,3.7
2022-03-30,364.663330078125,59865000,364.663330078125,4602.4501953125,15071.5498046875,19.32999992370605,0.2,287.674,3.7
2022-03-31,359.20001220703125,48992700,359.20001220703125,4530.41015625,14838.490234375,20.559999465942383,0.2,287.674,3.7
2022-04-01,361.5299987792969,54263100,361.5299987792969,4545.85986328125,14861.2099609375,19.6299991607666,0.33,288.561,3.7
2022-04-04,381.8166809082031,82035900,381.8166809082031,4582.64013671875,15159.580078125,18.56999969482422,0.33,288.561,3.7
2022-04-05,363.7533264160156,80075100,363.7533264160156,4525.1201171875,14820.6396484375,21.030000686645508,0.33,288.561,3.7
2022-04-06,348.586669921875,89348400,348.586669921875,4481.14990234375,14498.8896484375,22.100000381469727,0.33,288.561,3.7
2022-04-07,352.4200134277344,79447200,352.4200134277344,4500.2099609375,14531.8095703125,21.549999237060547,0.33,288.561,3.7
2022-04-08,341.8299865722656,55013700,341.8299865722656,4488.27978515625,14327.259765625,21.15999984741211,0.33,288.561,3.7
2022-04-11,325.3099975585937,59357100,325.3099975585937,4412.52978515625,13990.2099609375,24.3700008392334,0.33,288.561,3.7
2022-04-12,328.9833374023437,65976000,328.9833374023437,4397.4501953125,13940.240234375,24.26000022888184,0.33,288.561,3.7
2022-04-13,340.7900085449219,55121100,340.7900085449219,4446.58984375,14217.2900390625,21.81999969482422,0.33,288.561,3.7
2022-04-14,328.3333435058594,58422300,328.3333435058594,4392.58984375,13893.2099609375,22.700000762939453,0.33,288.561,3.7
2022-04-18,334.7633361816406,51715200,334.7633361816406,4391.68994140625,13910.759765625,22.170000076293945,0.33,288.561,3.7
2022-04-19,342.7166748046875,49847700,342.7166748046875,4462.2099609375,14210.259765625,21.3700008392334,0.33,288.561,3.7
2022-04-20,325.7333374023437,70711200,325.7333374023437,4459.4501953125,13998.5302734375,20.31999969482422,0.33,288.561,3.7
2022-04-21,336.260009765625,105416400,336.260009765625,4393.66015625,13720.4501953125,22.68000030517578,0.33,288.561,3.7
2022-04-22,335.01666259765625,69696600,335.01666259765625,4271.77978515625,13356.8701171875,28.209999084472656,0.33,288.561,3.7
2022-04-25,332.67333984375,68341200,332.67333984375,4296.1201171875,13533.2197265625,27.020000457763672,0.33,288.561,3.7
2022-04-26,292.1400146484375,136133700,292.1400146484375,4175.2001953125,13009.7099609375,33.52000045776367,0.33,288.561,3.7
2022-04-27,293.836669921875,76956300,293.836669921875,4183.9599609375,13003.3603515625,31.600000381469727,0.33,288.561,3.7
2022-04-28,292.5033264160156,124948500,292.5033264160156,4287.5,13456.0595703125,29.989999771118164,0.33,288.561,3.7
2022-04-29,290.2533264160156,88133100,290.2533264160156,4131.93017578125,12854.7998046875,33.400001525878906,0.33,288.561,3.7
2022-05-02,300.9800109863281,75781500,300.9800109863281,4155.3798828125,13075.849609375,32.34000015258789,0.33,288.561,3.7
2022-05-03,303.0833435058594,63709500,303.0833435058594,4175.47998046875,13089.900390625,29.25,0.33,288.561,3.7
2022-05-04,317.5400085449219,81643800,317.5400085449219,4300.169921875,13535.7099609375,25.420000076293945,0.33,288.561,3.7
2022-05-05,291.09332275390625,92519100,291.09332275390625,4146.8701171875,12850.5498046875,31.200000762939453,0.33,288.561,3.7
2022-05-06,288.54998779296875,72903000,288.54998779296875,4123.33984375,12693.5302734375,30.190000534057617,0.33,288.561,3.7
2022-05-09,262.3699951171875,90810300,262.3699951171875,3991.239990234375,12187.7197265625,34.75,0.33,288.561,3.7
2022-05-10,266.67999267578125,84401700,266.67999267578125,4001.050048828125,12345.8603515625,32.9900016784668,0.33,288.561,3.7
2022-05-11,244.6666717529297,97224600,244.6666717529297,3935.179931640625,11967.5595703125,32.560001373291016,0.33,288.561,3.7
2022-05-12,242.6666717529297,140313000,242.6666717529297,3930.080078125,11945.5,31.770000457763672,0.33,288.561,3.7
2022-05-13,256.5299987792969,92150700,256.5299987792969,4023.889892578125,12387.400390625,28.8700008392334,0.33,288.561,3.7
2022-05-16,241.4566650390625,86098500,241.4566650390625,4008.010009765625,12243.580078125,27.46999931335449,0.33,288.561,3.7
2022-05-17,253.8699951171875,80236200,253.8699951171875,4088.85009765625,12564.099609375,26.100000381469727,0.33,288.561,3.7
2022-05-18,236.60333251953125,87811800,236.60333251953125,3923.679931640625,11928.3095703125,30.959999084472656,0.33,288.561,3.7
2022-05-19,236.47332763671875,90296700,236.47332763671875,3900.7900390625,11875.6298828125,29.350000381469727,0.33,288.561,3.7
2022-05-20,221.3000030517578,144973200,221.3000030517578,3901.360107421875,11835.6201171875,29.43000030517578,0.33,288.561,3.7
2022-05-23,224.96665954589844,88903500,224.96665954589844,3973.75,12034.2802734375,28.479999542236328,0.33,288.561,3.7
2022-05-24,209.3866729736328,89092500,209.3866729736328,3941.47998046875,11769.83984375,29.450000762939453,0.33,288.561,3.7
2022-05-25,219.6000061035156,92139300,219.6000061035156,3978.72998046875,11943.9296875,28.3700008392334,0.33,288.561,3.7
2022-05-26,235.91000366210935,106003200,235.91000366210935,4057.840087890625,12276.7900390625,27.5,0.33,288.561,3.7
2022-05-27,253.2100067138672,89295000,253.2100067138672,4158.240234375,12681.419921875,25.71999931335449,0.33,288.561,3.7
2022-05-31,252.7533264160156,101914500,252.7533264160156,4132.14990234375,12642.099609375,26.190000534057617,0.33,288.561,3.7
2022-06-01,246.7899932861328,77247900,246.7899932861328,4101.22998046875,12548.3603515625,25.690000534057617,1.21,294.957,3.6
2022-06-02,258.3333435058594,93473100,258.3333435058594,4176.81982421875,12892.8896484375,24.71999931335449,1.21,294.957,3.6
2022-06-03,234.51666259765625,112393800,234.51666259765625,4108.5400390625,12548.0302734375,24.790000915527344,1.21,294.957,3.6
2022-06-06,238.27999877929688,84204600,238.27999877929688,4121.43017578125,12599.6298828125,25.06999969482422,1.21,294.957,3.6
2022-06-07,238.8866729736328,72808500,238.8866729736328,4160.68017578125,12711.6796875,24.020000457763672,1.21,294.957,3.6
2022-06-08,241.86666870117188,76210500,241.86666870117188,4115.77001953125,12615.1298828125,23.959999084472656,1.21,294.957,3.6
2022-06-09,239.7066650390625,96491400,239.7066650390625,4017.820068359375,12269.7802734375,26.09000015258789,1.21,294.957,3.6
2022-06-10,232.22999572753903,97536600,232.22999572753903,3900.860107421875,11832.8203125,27.75,1.21,294.957,3.6
2022-06-13,215.73666381835935,102767400,215.73666381835935,3749.6298828125,11288.3203125,34.02000045776367,1.21,294.957,3.6
2022-06-14,220.88999938964844,97988700,220.88999938964844,3735.47998046875,11311.6904296875,32.689998626708984,1.21,294.957,3.6
2022-06-15,233.0,119131800,233.0,3789.989990234375,11593.76953125,29.6200008392334,1.21,294.957,3.6
2022-06-16,213.1000061035156,107390700,213.1000061035156,3666.77001953125,11127.5703125,32.95000076293945,1.21,294.957,3.6
2022-06-17,216.75999450683597,92641800,216.75999450683597,3674.840087890625,11265.990234375,31.1299991607666,1.21,294.957,3.6
2022-06-21,237.0366668701172,122793000,237.0366668701172,3764.7900390625,11546.759765625,30.190000534057617,1.21,294.957,3.6
2022-06-22,236.086669921875,101107500,236.086669921875,3759.889892578125,11527.7099609375,28.950000762939453,1.21,294.957,3.6
2022-06-23,235.07000732421875,104202600,235.07000732421875,3795.72998046875,11697.6796875,29.049999237060547,1.21,294.957,3.6
2022-06-24,245.7066650390625,95770800,245.7066650390625,3911.739990234375,12105.849609375,27.229999542236328,1.21,294.957,3.6
2022-06-27,244.9199981689453,89178300,244.9199981689453,3900.110107421875,12008.240234375,26.950000762939453,1.21,294.957,3.6
2022-06-28,232.663330078125,90391200,232.663330078125,3821.550048828125,11637.76953125,28.36000061035156,1.21,294.957,3.6
2022-06-29,228.4900054931641,82897200,228.4900054931641,3818.830078125,11658.259765625,28.15999984741211,1.21,294.957,3.6
2022-06-30,224.47332763671875,94600500,224.47332763671875,3785.3798828125,11503.7197265625,28.709999084472656,1.21,294.957,3.6
2022-07-01,227.26333618164065,74460300,227.26333618164065,3825.330078125,11585.6796875,26.700000762939453,1.68,294.913,3.5
2022-07-05,233.0666656494141,84581100,233.0666656494141,3831.389892578125,11779.900390625,27.540000915527344,1.68,294.913,3.5
2022-07-06,231.73333740234372,71853600,231.73333740234372,3845.080078125,11852.58984375,26.729999542236328,1.68,294.913,3.5
2022-07-07,244.5433349609375,81930600,244.5433349609375,3902.6201171875,12109.0498046875,26.07999992370605,1.68,294.913,3.5
2022-07-08,250.76333618164065,101854200,250.76333618164065,3899.3798828125,12125.6904296875,24.63999938964844,1.68,294.913,3.5
2022-07-11,234.3433380126953,99241200,234.3433380126953,3854.429931640625,11860.2802734375,26.170000076293945,1.68,294.913,3.5
2022-07-12,233.07000732421875,87930900,233.07000732421875,3818.800048828125,11744.990234375,27.290000915527344,1.68,294.913,3.5
2022-07-13,237.0399932861328,97954500,237.0399932861328,3801.780029296875,11728.5302734375,26.81999969482422,1.68,294.913,3.5
2022-07-14,238.31333923339844,78557400,238.31333923339844,3790.3798828125,11768.400390625,26.399999618530277,1.68,294.913,3.5
2022-07-15,240.0666656494141,69683100,240.0666656494141,3863.159912109375,11983.6201171875,24.229999542236328,1.68,294.913,3.5
2022-07-18,240.54666137695312,82537500,240.54666137695312,3830.85009765625,11877.5,25.299999237060547,1.68,294.913,3.5
2022-07-19,245.52999877929688,80890200,245.52999877929688,3936.68994140625,12249.419921875,24.5,1.68,294.913,3.5
2022-07-20,247.5,88864200,247.5,3959.89990234375,12439.6796875,23.8799991607666,1.68,294.913,3.5
2022-07-21,271.7066650390625,142032300,271.7066650390625,3998.949951171875,12619.41015625,23.11000061035156,1.68,294.913,3.5
2022-07-22,272.24334716796875,103472700,272.24334716796875,3961.6298828125,12396.4697265625,23.030000686645508,1.68,294.913,3.5
2022-07-25,268.4333190917969,64073400,268.4333190917969,3966.840087890625,12328.41015625,23.36000061035156,1.68,294.913,3.5
2022-07-26,258.8599853515625,66820800,258.8599853515625,3921.050048828125,12086.900390625,24.690000534057617,1.68,294.913,3.5
2022-07-27,274.82000732421875,88110000,274.82000732421875,4023.610107421875,12601.4697265625,23.239999771118164,1.68,294.913,3.5
2022-07-28,280.8999938964844,84723000,280.8999938964844,4072.429931640625,12717.8701171875,22.32999992370605,1.68,294.913,3.5
2022-07-29,297.1499938964844,95313000,297.1499938964844,4130.2900390625,12947.9697265625,21.32999992370605,1.68,294.913,3.5
2022-08-01,297.27667236328125,117042900,297.27667236328125,4118.6298828125,12940.7802734375,22.84000015258789,2.33,295.097,3.6
2022-08-02,300.586669921875,95577600,300.586669921875,4091.18994140625,12901.599609375,23.93000030517578,2.33,295.097,3.6
2022-08-03,307.39666748046875,80091000,307.39666748046875,4155.169921875,13253.259765625,21.950000762939453,2.33,295.097,3.6
2022-08-04,308.6333312988281,72256200,308.6333312988281,4151.93994140625,13311.0400390625,21.440000534057617,2.33,295.097,3.6
2022-08-05,288.1700134277344,113172900,288.1700134277344,4145.18994140625,13207.6904296875,21.149999618530277,2.33,295.097,3.6
2022-08-08,290.42333984375,98994000,290.42333984375,4140.06005859375,13159.16015625,21.290000915527344,2.33,295.097,3.6
2022-08-09,283.3333435058594,86244600,283.3333435058594,4122.47021484375,13008.169921875,21.770000457763672,2.33,295.097,3.6
2022-08-10,294.3566589355469,94918800,294.3566589355469,4210.240234375,13378.3203125,19.739999771118164,2.33,295.097,3.6
2022-08-11,286.6300048828125,70155000,286.6300048828125,4207.27001953125,13291.990234375,20.200000762939453,2.33,295.097,3.6
2022-08-12,300.0299987792969,79657200,300.0299987792969,4280.14990234375,13565.8701171875,19.530000686645508,2.33,295.097,3.6
2022-08-15,309.32000732421875,89359200,309.32000732421875,4297.14013671875,13667.1796875,19.950000762939453,2.33,295.097,3.6
2022-08-16,306.5633239746094,88136400,306.5633239746094,4305.2001953125,13635.2099609375,19.690000534057617,2.33,295.097,3.6
2022-08-17,303.9966735839844,68766000,303.9966735839844,4274.0400390625,13470.8603515625,19.899999618530277,2.33,295.097,3.6
2022-08-18,302.8699951171875,47500500,302.8699951171875,4283.740234375,13505.990234375,19.559999465942383,2.33,295.097,3.6
2022-08-19,296.6666564941406,61395300,296.6666564941406,4228.47998046875,13242.900390625,20.600000381469727,2.33,295.097,3.6
2022-08-22,289.913330078125,55843200,289.913330078125,4137.990234375,12890.5400390625,23.799999237060547,2.33,295.097,3.6
2022-08-23,296.4533386230469,63984900,296.4533386230469,4128.72998046875,12881.7900390625,24.11000061035156,2.33,295.097,3.6
2022-08-24,297.0966796875,57259800,297.0966796875,4140.77001953125,12917.8603515625,22.81999969482422,2.33,295.097,3.6
2022-08-25,296.07000732421875,53230000,296.07000732421875,4199.1201171875,13143.580078125,21.780000686645508,2.33,295.097,3.6
2022-08-26,288.0899963378906,57163900,288.0899963378906,4057.659912109375,12605.169921875,25.559999465942383,2.33,295.097,3.6
2022-08-29,284.82000732421875,41864700,284.82000732421875,4030.610107421875,12484.3203125,26.209999084472656,2.33,295.097,3.6
2022-08-30,277.70001220703125,50541800,277.70001220703125,3986.159912109375,12342.7001953125,26.209999084472656,2.33,295.097,3.6
2022-08-31,275.6099853515625,52107300,275.6099853515625,3955.0,12272.0302734375,25.8700008392334,2.33,295.097,3.6
2022-09-01,277.1600036621094,54287000,277.1600036621094,3966.85009765625,12274.6201171875,25.559999465942383,2.56,296.349,3.5
2022-09-02,270.2099914550781,50890100,270.2099914550781,3924.260009765625,12098.4404296875,25.46999931335449,2.56,296.349,3.5
2022-09-06,274.4200134277344,55860000,274.4200134277344,3908.18994140625,12011.3095703125,26.90999984741211,2.56,296.349,3.5
2022-09-07,283.70001220703125,50028900,283.70001220703125,3979.8701171875,12259.3896484375,24.63999938964844,2.56,296.349,3.5
2022-09-08,289.260009765625,53713100,289.260009765625,4006.179931640625,12321.1904296875,23.61000061035156,2.56,296.349,3.5
2022-09-09,299.67999267578125,54338100,299.67999267578125,4067.360107421875,12588.2900390625,22.790000915527344,2.56,296.349,3.5
2022-09-12,304.4200134277344,48674600,304.4200134277344,4110.41015625,12739.7197265625,23.8700008392334,2.56,296.349,3.5
2022-09-13,292.1300048828125,68229600,292.1300048828125,3932.68994140625,12033.6201171875,27.270000457763672,2.56,296.349,3.5
2022-09-14,302.6099853515625,72628700,302.6099853515625,3946.010009765625,12134.400390625,26.15999984741211,2.56,296.349,3.5
2022-09-15,303.75,64795500,303.75,3901.35009765625,11927.490234375,26.270000457763672,2.56,296.349,3.5
2022-09-16,303.3500061035156,87087800,303.3500061035156,3873.330078125,11861.3798828125,26.299999237060547,2.56,296.349,3.5
2022-09-19,309.07000732421875,60231200,309.07000732421875,3899.889892578125,11953.26953125,25.76000022888184,2.56,296.349,3.5
2022-09-20,308.7300109863281,61642800,308.7300109863281,3855.929931640625,11851.5400390625,27.15999984741211,2.56,296.349,3.5
2022-09-21,300.79998779296875,62555700,300.79998779296875,3789.929931640625,11637.7900390625,27.989999771118164,2.56,296.349,3.5
2022-09-22,288.5899963378906,70545400,288.5899963378906,3757.989990234375,11501.650390625,27.350000381469727,2.56,296.349,3.5
2022-09-23,275.3299865722656,63748400,275.3299865722656,3693.22998046875,11311.240234375,29.920000076293945,2.56,296.349,3.5
2022-09-26,276.010009765625,58076900,276.010009765625,3655.0400390625,11254.1103515625,32.2599983215332,2.56,296.349,3.5
2022-09-27,282.94000244140625,61925200,282.94000244140625,3647.2900390625,11271.75,32.599998474121094,2.56,296.349,3.5
2022-09-28,287.8099975585937,54664800,287.8099975585937,3719.0400390625,11493.830078125,30.18000030517578,2.56,296.349,3.5
2022-09-29,268.2099914550781,77620600,268.2099914550781,3640.469970703125,11164.7802734375,31.84000015258789,2.56,296.349,3.5
2022-09-30,265.25,67726600,265.25,3585.6201171875,10971.2197265625,31.6200008392334,2.56,296.349,3.5
2022-10-03,242.3999938964844,98363500,242.3999938964844,3678.429931640625,11229.73046875,30.100000381469727,2.56,296.349,3.5
2022-10-04,249.44000244140625,109578500,249.44000244140625,3790.929931640625,11582.5400390625,29.06999969482422,2.56,296.349,3.5
2022-10-05,240.80999755859372,86982700,240.80999755859372,3783.280029296875,11573.1796875,28.549999237060547,2.56,296.349,3.5
2022-10-06,238.1300048828125,69298400,238.1300048828125,3744.52001953125,11485.5,30.520000457763672,2.56,296.349,3.5
2022-10-07,223.07000732421875,83916800,223.07000732421875,3639.659912109375,11039.4697265625,31.36000061035156,2.56,296.349,3.5
2022-10-10,222.9600067138672,67925000,222.9600067138672,3612.389892578125,10926.9697265625,32.45000076293945,2.56,296.349,3.5
2022-10-11,216.5,77013200,216.5,3588.840087890625,10791.349609375,33.630001068115234,2.56,296.349,3.5
2022-10-12,217.2400054931641,66860700,217.2400054931641,3577.030029296875,10785.6201171875,33.56999969482422,2.56,296.349,3.5
2022-10-13,221.72000122070312,91483000,221.72000122070312,3669.909912109375,11033.580078125,31.940000534057617,2.56,296.349,3.5
2022-10-14,204.9900054931641,94124500,204.9900054931641,3583.070068359375,10692.0595703125,32.02000045776367,2.56,296.349,3.5
2022-10-17,219.3500061035156,79428800,219.3500061035156,3677.949951171875,11062.5302734375,31.3700008392334,2.56,296.349,3.5
2022-10-18,220.19000244140625,75891900,220.19000244140625,3719.97998046875,11147.740234375,30.5,2.56,296.349,3.5
2022-10-19,222.0399932861328,66571500,222.0399932861328,3695.159912109375,11103.3798828125,30.76000022888184,2.56,296.349,3.5
2022-10-20,207.27999877929688,117798100,207.27999877929688,3665.780029296875,11046.7099609375,29.979999542236328,2.56,296.349,3.5
2022-10-21,214.44000244140625,75713800,214.44000244140625,3752.75,11310.330078125,29.690000534057617,2.56,296.349,3.5
2022-10-24,211.25,100446800,211.25,3797.340087890625,11430.259765625,29.850000381469727,2.56,296.349,3.5
2022-10-25,222.4199981689453,96507900,222.4199981689453,3859.110107421875,11669.990234375,28.459999084472656,2.56,296.349,3.5
2022-10-26,224.63999938964844,85012500,224.63999938964844,3830.60009765625,11405.900390625,27.280000686645508,2.56,296.349,3.5
2022-10-27,225.08999633789065,61638800,225.08999633789065,3807.300048828125,11191.6298828125,27.38999938964844,2.56,296.349,3.5
2022-10-28,228.5200042724609,69152400,228.5200042724609,3901.06005859375,11546.2099609375,25.75,2.56,296.349,3.5
2022-10-31,227.5399932861328,61554300,227.5399932861328,3871.97998046875,11405.5703125,25.8799991607666,2.56,296.349,3.5
2022-11-01,227.82000732421875,62688800,227.82000732421875,3856.10009765625,11288.9501953125,25.809999465942383,3.78,298.786,3.6
2022-11-02,214.97999572753903,63070300,214.97999572753903,3759.68994140625,10906.33984375,25.86000061035156,3.78,298.786,3.6
2022-11-03,215.30999755859372,56538800,215.30999755859372,3719.889892578125,10690.599609375,25.299999237060547,3.78,298.786,3.6
2022-11-04,207.47000122070312,98622200,207.47000122070312,3770.550048828125,10857.0302734375,24.549999237060547,3.78,298.786,3.6
2022-11-07,197.0800018310547,93916500,197.0800018310547,3806.800048828125,10977.0,24.350000381469727,3.78,298.786,3.6
2022-11-08,191.3000030517578,128803400,191.3000030517578,3828.110107421875,11059.5,25.540000915527344,3.78,298.786,3.6
2022-11-09,177.58999633789062,127062700,177.58999633789062,3748.570068359375,10797.5498046875,26.09000015258789,3.78,298.786,3.6
2022-11-10,190.72000122070312,132703000,190.72000122070312,3956.3701171875,11605.9599609375,23.530000686645508,3.78,298.786,3.6
2022-11-11,195.97000122070312,114403600,195.97000122070312,3992.929931640625,11817.009765625,22.520000457763672,3.78,298.786,3.6
2022-11-14,190.9499969482422,92226600,190.9499969482422,3957.25,11700.9404296875,23.729999542236328,3.78,298.786,3.6
2022-11-15,194.4199981689453,91293800,194.4199981689453,3991.72998046875,11871.150390625,24.540000915527344,3.78,298.786,3.6
2022-11-16,186.9199981689453,66567600,186.9199981689453,3958.7900390625,11699.08984375,24.11000061035156,3.78,298.786,3.6
2022-11-17,183.1699981689453,64336000,183.1699981689453,3946.56005859375,11676.8603515625,23.93000030517578,3.78,298.786,3.6
2022-11-18,180.19000244140625,76048900,180.19000244140625,3965.340087890625,11677.01953125,23.1200008392334,3.78,298.786,3.6
2022-11-21,167.8699951171875,92882700,167.8699951171875,3949.93994140625,11553.4501953125,22.36000061035156,3.78,298.786,3.6
2022-11-22,169.91000366210938,78452300,169.91000366210938,4003.580078125,11724.83984375,21.290000915527344,3.78,298.786,3.6
2022-11-23,183.1999969482422,109536700,183.1999969482422,4027.260009765625,11838.7197265625,20.350000381469727,3.78,298.786,3.6
2022-11-25,182.8600006103516,50672700,182.8600006103516,4026.1201171875,11756.0302734375,20.5,3.78,298.786,3.6
2022-11-28,182.9199981689453,92905200,182.9199981689453,3963.93994140625,11587.75,22.209999084472656,3.78,298.786,3.6
2022-11-29,180.8300018310547,83357100,180.8300018310547,3957.6298828125,11503.4501953125,21.88999938964844,3.78,298.786,3.6
2022-11-30,194.6999969482422,109186400,194.6999969482422,4080.110107421875,12030.0595703125,20.57999992370605,3.78,298.786,3.6
2022-12-01,194.6999969482422,80046200,194.6999969482422,4076.570068359375,12041.8896484375,19.84000015258789,4.1,298.832,3.5
2022-12-02,194.8600006103516,73645900,194.8600006103516,4071.699951171875,11994.259765625,19.059999465942383,4.1,298.832,3.5
2022-12-05,182.4499969482422,93122700,182.4499969482422,3998.840087890625,11786.7998046875,20.75,4.1,298.832,3.5
2022-12-06,179.82000732421875,92150800,179.82000732421875,3941.260009765625,11549.6904296875,22.170000076293945,4.1,298.832,3.5
2022-12-07,174.0399932861328,84213300,174.0399932861328,3933.919921875,11497.3896484375,22.68000030517578,4.1,298.832,3.5
2022-12-08,173.44000244140625,97624500,173.44000244140625,3963.510009765625,11637.5,22.290000915527344,4.1,298.832,3.5
2022-12-09,179.0500030517578,104872300,179.0500030517578,3934.3798828125,11563.330078125,22.82999992370605,4.1,298.832,3.5
2022-12-12,167.82000732421875,109794500,167.82000732421875,3990.56005859375,11706.4404296875,25.0,4.1,298.832,3.5
2022-12-13,160.9499969482422,175862700,160.9499969482422,4019.64990234375,11834.2099609375,22.549999237060547,4.1,298.832,3.5
2022-12-14,156.8000030517578,140682300,156.8000030517578,3995.320068359375,11740.919921875,21.13999938964844,4.1,298.832,3.5
2022-12-15,157.6699981689453,122334500,157.6699981689453,3895.75,11345.2197265625,22.82999992370605,4.1,298.832,3.5
2022-12-16,150.22999572753906,139032200,150.22999572753906,3852.360107421875,11243.7197265625,22.6200008392334,4.1,298.832,3.5
2022-12-19,149.8699951171875,139390600,149.8699951171875,3817.659912109375,11084.58984375,22.420000076293945,4.1,298.832,3.5
2022-12-20,137.8000030517578,159563300,137.8000030517578,3821.6201171875,11072.419921875,21.479999542236328,4.1,298.832,3.5
2022-12-21,137.57000732421875,145417400,137.57000732421875,3878.43994140625,11235.8798828125,20.06999969482422,4.1,298.832,3.5
2022-12-22,125.3499984741211,210090300,125.3499984741211,3822.389892578125,10956.1396484375,21.96999931335449,4.1,298.832,3.5
2022-12-23,123.1500015258789,166989700,123.1500015258789,3844.820068359375,10985.4501953125,20.8700008392334,4.1,298.832,3.5
2022-12-27,109.0999984741211,208643400,109.0999984741211,3829.25,10822.509765625,21.649999618530277,4.1,298.832,3.5
2022-12-28,112.70999908447266,221070500,112.70999908447266,3783.219970703125,10679.33984375,22.13999938964844,4.1,298.832,3.5
2022-12-29,121.81999969482422,221923300,121.81999969482422,3849.280029296875,10951.0498046875,21.440000534057617,4.1,298.832,3.5
2022-12-30,123.18000030517578,157777300,123.18000030517578,3839.5,10939.759765625,21.670000076293945,4.1,298.832,3.5
2023-01-03,108.0999984741211,231402800,108.0999984741211,3824.139892578125,10862.6396484375,22.899999618530277,4.1,298.832,3.5
2023-01-04,113.63999938964844,180389000,113.63999938964844,3852.969970703125,10914.7998046875,22.01000022888184,4.1,298.832,3.5
2023-01-05,110.33999633789062,157986300,110.33999633789062,3808.10009765625,10741.2197265625,22.459999084472656,4.1,298.832,3.5
2023-01-06,113.05999755859376,220911100,113.05999755859376,3895.080078125,11040.349609375,21.1299991607666,4.1,298.832,3.5
2023-01-09,119.7699966430664,190284000,119.7699966430664,3892.090087890625,11108.4501953125,21.96999931335449,4.1,298.832,3.5
2023-01-10,118.8499984741211,167642500,118.8499984741211,3919.25,11205.7802734375,20.57999992370605,4.1,298.832,3.5
2023-01-11,123.22000122070312,183810800,123.22000122070312,3969.610107421875,11402.51953125,21.09000015258789,4.1,298.832,3.5
2023-01-12,123.55999755859376,169400900,123.55999755859376,3983.169921875,11459.6103515625,18.82999992370605,4.1,298.832,3.5
2023-01-13,122.4000015258789,180714100,122.4000015258789,3999.090087890625,11541.48046875,18.350000381469727,4.1,298.832,3.5
2023-01-17,131.49000549316406,186477000,131.49000549316406,3990.969970703125,11557.1904296875,19.36000061035156,4.1,298.832,3.5
2023-01-18,128.77999877929688,195680300,128.77999877929688,3928.860107421875,11410.2900390625,20.34000015258789,4.1,298.832,3.5
2023-01-19,127.16999816894533,170291900,127.16999816894533,3898.85009765625,11295.669921875,20.520000457763672,4.1,298.832,3.5
2023-01-20,133.4199981689453,138858100,133.4199981689453,3972.610107421875,11619.0302734375,19.850000381469727,4.1,298.832,3.5
2023-01-23,143.75,203119200,143.75,4019.81005859375,11872.5400390625,19.809999465942383,4.1,298.832,3.5
2023-01-24,143.88999938964844,158699100,143.88999938964844,4016.949951171875,11846.6396484375,19.200000762939453,4.1,298.832,3.5
2023-01-25,144.42999267578125,192734300,144.42999267578125,4016.219970703125,11814.6904296875,19.07999992370605,4.1,298.832,3.5
2023-01-26,160.27000427246094,234815100,160.27000427246094,4060.429931640625,12051.48046875,18.729999542236328,4.1,298.832,3.5
2023-01-27,177.89999389648438,306590600,177.89999389648438,4070.56005859375,12166.599609375,18.51000022888184,4.1,298.832,3.5
2023-01-30,166.66000366210938,230878800,166.66000366210938,4017.77001953125,11912.3896484375,19.940000534057617,4.1,298.832,3.5
2023-01-31,173.22000122070312,196813500,173.22000122070312,4076.60009765625,12101.9296875,19.399999618530277,4.1,298.832,3.5
2023-02-01,181.41000366210935,213806300,181.41000366210935,4119.2099609375,12363.099609375,17.8700008392334,4.57,301.45,3.6
2023-02-02,188.2700042724609,217448300,188.2700042724609,4179.759765625,12803.1396484375,18.729999542236328,4.57,301.45,3.6
2023-02-03,189.97999572753903,232662000,189.97999572753903,4136.47998046875,12573.3603515625,18.32999992370605,4.57,301.45,3.6
2023-02-06,194.75999450683597,186188100,194.75999450683597,4111.080078125,12464.509765625,19.43000030517578,4.57,301.45,3.6
2023-02-07,196.80999755859372,186010300,196.80999755859372,4164.0,12728.26953125,18.65999984741211,4.57,301.45,3.6
2023-02-08,201.2899932861328,180673600,201.2899932861328,4117.85986328125,12495.3798828125,19.6299991607666,4.57,301.45,3.6
2023-02-09,207.32000732421875,215431400,207.32000732421875,4081.5,12381.169921875,20.709999084472656,4.57,301.45,3.6
2023-02-10,196.88999938964844,204754100,196.88999938964844,4090.4599609375,12304.919921875,20.530000686645508,4.57,301.45,3.6
2023-02-13,194.63999938964844,172475500,194.63999938964844,4137.2900390625,12502.3095703125,20.34000015258789,4.57,301.45,3.6
2023-02-14,209.25,216455700,209.25,4136.1298828125,12590.8896484375,18.90999984741211,4.57,301.45,3.6
2023-02-15,214.2400054931641,181006400,214.2400054931641,4147.60009765625,12687.8896484375,18.229999542236328,4.57,301.45,3.6
2023-02-16,202.0399932861328,229586500,202.0399932861328,4090.409912109375,12442.48046875,20.170000076293945,4.57,301.45,3.6
2023-02-17,208.30999755859372,213738500,208.30999755859372,4079.090087890625,12358.1796875,20.020000457763672,4.57,301.45,3.6
2023-02-21,197.3699951171875,180018600,197.3699951171875,3997.340087890625,12060.2998046875,22.8700008392334,4.57,301.45,3.6
2023-02-22,200.8600006103516,191828500,200.8600006103516,3991.050048828125,12066.26953125,22.290000915527344,4.57,301.45,3.6
2023-02-23,202.07000732421875,146360000,202.07000732421875,4012.320068359375,12180.1396484375,21.13999938964844,4.57,301.45,3.6
2023-02-24,196.8800048828125,142228100,196.8800048828125,3970.0400390625,11969.650390625,21.670000076293945,4.57,301.45,3.6
2023-02-27,207.6300048828125,161028300,207.6300048828125,3982.239990234375,12057.7900390625,20.950000762939453,4.57,301.45,3.6
2023-02-28,205.7100067138672,153144900,205.7100067138672,3970.14990234375,12042.1201171875,20.700000762939453,4.57,301.45,3.6
2023-03-01,202.7700042724609,156852800,202.7700042724609,3951.389892578125,11938.5703125,20.57999992370605,4.65,301.821,3.5
2023-03-02,190.8999938964844,181500700,190.8999938964844,3981.35009765625,12044.8701171875,19.59000015258789,4.65,301.821,3.5
2023-03-03,197.7899932861328,154193300,197.7899932861328,4045.639892578125,12290.8095703125,18.489999771118164,4.65,301.821,3.5
2023-03-06,193.80999755859372,128100100,193.80999755859372,4048.419921875,12302.48046875,18.61000061035156,4.65,301.821,3.5
2023-03-07,187.7100067138672,148125800,187.7100067138672,3986.3701171875,12152.169921875,19.59000015258789,4.65,301.821,3.5
2023-03-08,182.0,151897800,182.0,3992.010009765625,12215.330078125,19.11000061035156,4.65,301.821,3.5
2023-03-09,172.9199981689453,170023800,172.9199981689453,3918.320068359375,11995.8798828125,22.61000061035156,4.65,301.821,3.5
2023-03-10,173.44000244140625,191488900,173.44000244140625,3861.590087890625,11830.2802734375,24.799999237060547,4.65,301.821,3.5
2023-03-13,174.47999572753906,167790300,174.47999572753906,3855.760009765625,11923.169921875,26.520000457763672,4.65,301.821,3.5
2023-03-14,183.25999450683597,143717900,183.25999450683597,3919.2900390625,12199.7900390625,23.729999542236328,4.65,301.821,3.5
2023-03-15,180.4499969482422,145995600,180.4499969482422,3891.929931640625,12251.3203125,26.13999938964844,4.65,301.821,3.5
2023-03-16,184.1300048828125,121136800,184.1300048828125,3960.280029296875,12581.3896484375,22.989999771118164,4.65,301.821,3.5
2023-03-17,180.1300048828125,133197100,180.1300048828125,3916.639892578125,12519.8798828125,25.51000022888184,4.65,301.821,3.5
2023-03-20,183.25,129684400,183.25,3951.570068359375,12562.6103515625,24.149999618530277,4.65,301.821,3.5
2023-03-21,197.5800018310547,153391400,197.5800018310547,4002.8701171875,12741.4404296875,21.3799991607666,4.65,301.821,3.5
2023-03-22,191.1499938964844,150376400,191.1499938964844,3936.969970703125,12567.150390625,22.26000022888184,4.65,301.821,3.5
2023-03-23,192.22000122070312,144193900,192.22000122070312,3948.719970703125,12729.23046875,22.61000061035156,4.65,301.821,3.5
2023-03-24,190.41000366210935,116312400,190.41000366210935,3970.989990234375,12767.0498046875,21.739999771118164,4.65,301.821,3.5
2023-03-27,191.80999755859372,120851600,191.80999755859372,3977.530029296875,12673.0703125,20.600000381469727,4.65,301.821,3.5
2023-03-28,189.19000244140625,98654600,189.19000244140625,3971.27001953125,12610.5703125,19.96999931335449,4.65,301.821,3.5
2023-03-29,193.8800048828125,123660000,193.8800048828125,4027.81005859375,12846.0302734375,19.1200008392334,4.65,301.821,3.5
2023-03-30,195.27999877929688,110252200,195.27999877929688,4050.830078125,12963.1396484375,19.020000457763672,4.65,301.821,3.5
2023-03-31,207.4600067138672,170222100,207.4600067138672,4109.31005859375,13181.349609375,18.700000762939453,4.65,301.821,3.5
2023-04-03,194.7700042724609,169545900,194.7700042724609,4124.509765625,13148.349609375,18.549999237060547,4.65,301.821,3.5
2023-04-04,192.5800018310547,126463800,192.5800018310547,4100.60009765625,13100.080078125,19.0,4.65,301.821,3.5
2023-04-05,185.5200042724609,133882500,185.5200042724609,4090.3798828125,12967.2001953125,19.07999992370605,4.65,301.821,3.5
2023-04-06,185.05999755859372,123857900,185.05999755859372,4105.02001953125,13062.599609375,18.399999618530277,4.65,301.821,3.5
2023-04-10,184.50999450683597,142154600,184.50999450683597,4109.10986328125,13051.23046875,18.96999931335449,4.65,301.821,3.5
2023-04-11,186.7899932861328,115770900,186.7899932861328,4108.93994140625,12964.150390625,19.100000381469727,4.65,301.821,3.5
2023-04-12,180.5399932861328,150256300,180.5399932861328,4091.949951171875,12848.349609375,19.09000015258789,4.65,301.821,3.5
2023-04-13,185.8999938964844,112933000,185.8999938964844,4146.22021484375,13109.3896484375,17.799999237060547,4.65,301.821,3.5
2023-04-14,185.0,96438700,185.0,4137.64013671875,13079.51953125,17.06999969482422,4.65,301.821,3.5
2023-04-17,187.0399932861328,116662200,187.0399932861328,4151.31982421875,13087.7099609375,16.950000762939453,4.65,301.821,3.5
2023-04-18,184.30999755859372,92067000,184.30999755859372,4154.8701171875,13091.7900390625,16.829999923706055,4.65,301.821,3.5
2023-04-19,180.58999633789065,125732700,180.58999633789065,4154.52001953125,13088.7099609375,16.459999084472656,4.65,301.821,3.5
2023-04-20,162.99000549316406,210970800,162.99000549316406,4129.7900390625,12985.98046875,17.170000076293945,4.65,301.821,3.5
2023-04-21,165.0800018310547,123539000,165.0800018310547,4133.52001953125,13000.76953125,16.770000457763672,4.65,301.821,3.5
2023-04-24,162.5500030517578,140006600,162.5500030517578,4137.0400390625,12969.759765625,16.889999389648438,4.65,301.821,3.5
2023-04-25,160.6699981689453,121999300,160.6699981689453,4071.6298828125,12725.1103515625,18.76000022888184,4.65,301.821,3.5
2023-04-26,153.75,153364100,153.75,4055.989990234375,12806.48046875,18.84000015258789,4.65,301.821,3.5
2023-04-27,160.19000244140625,127015200,160.19000244140625,4135.35009765625,13160.0302734375,17.030000686645508,4.65,301.821,3.5
2023-04-28,164.30999755859375,122515800,164.30999755859375,4169.47998046875,13245.990234375,15.779999732971191,4.65,301.821,3.5
2023-05-01,161.8300018310547,109015000,161.8300018310547,4167.8701171875,13231.4697265625,16.079999923706055,5.06,303.334,3.6
2023-05-02,160.30999755859375,128259700,160.30999755859375,4119.580078125,13113.66015625,17.780000686645508,5.06,303.334,3.6
2023-05-03,160.61000061035156,119728000,160.61000061035156,4090.75,13030.2099609375,18.34000015258789,5.06,303.334,3.6
2023-05-04,161.1999969482422,95108500,161.1999969482422,4061.219970703125,12982.48046875,20.09000015258789,5.06,303.334,3.6
2023-05-05,170.05999755859375,107607300,170.05999755859375,4136.25,13259.1298828125,17.190000534057617,5.06,303.334,3.6
2023-05-08,171.7899932861328,112249400,171.7899932861328,4138.1201171875,13291.6396484375,16.979999542236328,5.06,303.334,3.6
2023-05-09,169.14999389648438,88965000,169.14999389648438,4119.169921875,13201.1103515625,17.709999084472656,5.06,303.334,3.6
2023-05-10,168.5399932861328,119840700,168.5399932861328,4137.64013671875,13347.830078125,16.940000534057617,5.06,303.334,3.6
2023-05-11,172.0800018310547,103889900,172.0800018310547,4130.6201171875,13389.7802734375,16.93000030517578,5.06,303.334,3.6
2023-05-12,167.97999572753906,157849600,167.97999572753906,4124.080078125,13340.1796875,17.030000686645508,5.06,303.334,3.6
2023-05-15,166.35000610351562,105592500,166.35000610351562,4136.27978515625,13413.509765625,17.1200008392334,5.06,303.334,3.6
2023-05-16,166.52000427246094,98288800,166.52000427246094,4109.89990234375,13426.009765625,17.989999771118164,5.06,303.334,3.6
2023-05-17,173.86000061035156,125473600,173.86000061035156,4158.77001953125,13589.259765625,16.8700008392334,5.06,303.334,3.6
2023-05-18,176.88999938964844,109520300,176.88999938964844,4198.0498046875,13834.6201171875,16.049999237060547,5.06,303.334,3.6
2023-05-19,180.13999938964844,136196700,180.13999938964844,4191.97998046875,13803.490234375,16.809999465942383,5.06,303.334,3.6
2023-05-22,188.8699951171875,132001400,188.8699951171875,4192.6298828125,13849.740234375,17.209999084472656,5.06,303.334,3.6
2023-05-23,185.7700042724609,156952100,185.7700042724609,4145.580078125,13672.5400390625,18.530000686645508,5.06,303.334,3.6
2023-05-24,182.8999938964844,137605100,182.8999938964844,4115.240234375,13604.48046875,20.030000686645508,5.06,303.334,3.6
2023-05-25,184.47000122070312,96870700,184.47000122070312,4151.27978515625,13938.5302734375,19.13999938964844,5.06,303.334,3.6
2023-05-26,193.1699981689453,162061500,193.1699981689453,4205.4501953125,14298.41015625,17.950000762939453,5.06,303.334,3.6
2023-05-30,201.16000366210935,128818700,201.16000366210935,4205.52001953125,14354.990234375,17.459999084472656,5.06,303.334,3.6
2023-05-31,203.92999267578125,150711700,203.92999267578125,4179.830078125,14254.08984375,17.940000534057617,5.06,303.334,3.6
2023-06-01,207.5200042724609,148029900,207.5200042724609,4221.02001953125,14441.509765625,15.649999618530272,5.08,304.014,3.6
2023-06-02,213.97000122070312,164398400,213.97000122070312,4282.3701171875,14546.6396484375,14.600000381469728,5.08,304.014,3.6
2023-06-05,217.6100006103516,151143100,217.6100006103516,4273.7900390625,14556.5,14.729999542236328,5.08,304.014,3.6
2023-06-06,221.30999755859372,146911600,221.30999755859372,4283.85009765625,14558.08984375,13.960000038146973,5.08,304.014,3.6
2023-06-07,224.57000732421875,185710800,224.57000732421875,4267.52001953125,14303.2900390625,13.9399995803833,5.08,304.014,3.6
2023-06-08,234.8600006103516,164489700,234.8600006103516,4293.93017578125,14484.5400390625,13.649999618530272,5.08,304.014,3.6
2023-06-09,244.3999938964844,200242400,244.3999938964844,4298.85986328125,14528.3603515625,13.829999923706056,5.08,304.014,3.6
2023-06-12,249.8300018310547,150337900,249.8300018310547,4338.93017578125,14784.2998046875,15.010000228881836,5.08,304.014,3.6
2023-06-13,258.7099914550781,162384300,258.7099914550781,4369.009765625,14900.849609375,14.609999656677246,5.08,304.014,3.6
2023-06-14,256.7900085449219,170575500,256.7900085449219,4372.58984375,15005.6904296875,13.880000114440918,5.08,304.014,3.6
2023-06-15,255.8999938964844,160171200,255.8999938964844,4425.83984375,15185.48046875,14.5,5.08,304.014,3.6
2023-06-16,260.5400085449219,167915600,260.5400085449219,4409.58984375,15083.919921875,13.539999961853027,5.08,304.014,3.6
2023-06-20,274.45001220703125,165611200,274.45001220703125,4388.7099609375,15070.150390625,13.880000114440918,5.08,304.014,3.6
2023-06-21,259.4599914550781,211797100,259.4599914550781,4365.68994140625,14867.4501953125,13.199999809265137,5.08,304.014,3.6
2023-06-22,264.6099853515625,166875900,264.6099853515625,4381.89013671875,15042.3203125,12.90999984741211,5.08,304.014,3.6
2023-06-23,256.6000061035156,177460800,256.6000061035156,4348.330078125,14891.48046875,13.4399995803833,5.08,304.014,3.6
2023-06-26,241.0500030517578,179990600,241.0500030517578,4328.81982421875,14689.01953125,14.25,5.08,304.014,3.6
2023-06-27,250.2100067138672,164968200,250.2100067138672,4378.41015625,14945.91015625,13.739999771118164,5.08,304.014,3.6
2023-06-28,256.239990234375,159770800,256.239990234375,4376.85986328125,14964.5703125,13.43000030517578,5.08,304.014,3.6
2023-06-29,257.5,131283400,257.5,4396.43994140625,14939.9501953125,13.539999961853027,5.08,304.014,3.6
2023-06-30,261.7699890136719,112620800,261.7699890136719,4450.3798828125,15179.2099609375,13.59000015258789,5.08,304.014,3.6
2023-07-03,279.82000732421875,119685900,279.82000732421875,4455.58984375,15208.6904296875,13.56999969482422,5.08,304.014,3.6
2023-07-05,282.4800109863281,131530900,282.4800109863281,4446.81982421875,15203.7802734375,14.18000030517578,5.08,304.014,3.6
2023-07-06,276.5400085449219,120332100,276.5400085449219,4411.58984375,15089.4501953125,15.4399995803833,5.08,304.014,3.6
2023-07-07,274.42999267578125,113879200,274.42999267578125,4398.9501953125,15036.849609375,14.829999923706056,5.08,304.014,3.6
2023-07-10,269.6099853515625,119425400,269.6099853515625,4409.52978515625,15045.6396484375,15.06999969482422,5.08,304.014,3.6
2023-07-11,269.7900085449219,91972400,269.7900085449219,4439.259765625,15119.0595703125,14.84000015258789,5.08,304.014,3.6
2023-07-12,271.989990234375,95672100,271.989990234375,4472.16015625,15307.23046875,13.539999961853027,5.08,304.014,3.6
2023-07-13,277.8999938964844,112681500,277.8999938964844,4510.0400390625,15571.98046875,13.609999656677246,5.08,304.014,3.6
2023-07-14,281.3800048828125,120062400,281.3800048828125,4505.419921875,15565.599609375,13.34000015258789,5.08,304.014,3.6
2023-07-17,290.3800048828125,131569600,290.3800048828125,4522.7900390625,15713.2802734375,13.479999542236328,5.08,304.014,3.6
2023-07-18,293.3399963378906,112120300,293.3399963378906,4554.97998046875,15841.349609375,13.300000190734863,5.08,304.014,3.6
2023-07-19,291.260009765625,142355400,291.260009765625,4565.72021484375,15826.349609375,13.760000228881836,5.08,304.014,3.6
2023-07-20,262.8999938964844,175158300,262.8999938964844,4534.8701171875,15466.08984375,13.989999771118164,5.08,304.014,3.6
2023-07-21,260.0199890136719,161796100,260.0199890136719,4536.33984375,15425.669921875,13.600000381469728,5.08,304.014,3.6
2023-07-24,269.0599975585937,136508500,269.0599975585937,4554.64013671875,15448.01953125,13.90999984741211,5.08,304.014,3.6
2023-07-25,265.2799987792969,112757300,265.2799987792969,4567.4599609375,15561.419921875,13.859999656677246,5.08,304.014,3.6
2023-07-26,264.3500061035156,95856200,264.3500061035156,4566.75,15499.259765625,13.1899995803833,5.08,304.014,3.6
2023-07-27,255.7100067138672,103697300,255.7100067138672,4537.41015625,15464.9296875,14.40999984741211,5.08,304.014,3.6
2023-07-28,266.44000244140625,111446000,266.44000244140625,4582.22998046875,15750.9296875,13.329999923706056,5.08,304.014,3.6
2023-07-31,267.42999267578125,84582200,267.42999267578125,4588.9599609375,15757.0,13.630000114440918,5.08,304.014,3.6
2023-08-01,261.07000732421875,83166000,261.07000732421875,4576.72998046875,15718.009765625,13.93000030517578,5.33,306.082,3.7
2023-08-02,254.1100006103516,101752900,254.1100006103516,4513.39013671875,15370.740234375,16.09000015258789,5.33,306.082,3.7
2023-08-03,259.32000732421875,97569100,259.32000732421875,4501.89013671875,15353.5400390625,15.920000076293944,5.33,306.082,3.7
2023-08-04,253.8600006103516,99539900,253.8600006103516,4478.02978515625,15274.919921875,17.100000381469727,5.33,306.082,3.7
2023-08-07,251.4499969482422,111097900,251.4499969482422,4518.43994140625,15407.849609375,15.770000457763672,5.33,306.082,3.7
2023-08-08,249.6999969482422,96642200,249.6999969482422,4499.3798828125,15273.0498046875,15.989999771118164,5.33,306.082,3.7
2023-08-09,242.19000244140625,101596300,242.19000244140625,4467.7099609375,15101.7099609375,15.960000038146973,5.33,306.082,3.7
2023-08-10,245.33999633789065,109498600,245.33999633789065,4468.830078125,15128.83984375,15.850000381469728,5.33,306.082,3.7
2023-08-11,242.6499938964844,99038600,242.6499938964844,4464.0498046875,15028.0703125,14.84000015258789,5.33,306.082,3.7
2023-08-14,239.75999450683597,98595300,239.75999450683597,4489.72021484375,15205.58984375,14.81999969482422,5.33,306.082,3.7
2023-08-15,232.9600067138672,88197600,232.9600067138672,4437.85986328125,15037.650390625,16.459999084472656,5.33,306.082,3.7
2023-08-16,225.6000061035156,112484500,225.6000061035156,4404.330078125,14876.4697265625,16.780000686645508,5.33,306.082,3.7
2023-08-17,219.22000122070312,120718400,219.22000122070312,4370.35986328125,14715.8095703125,17.889999389648438,5.33,306.082,3.7
2023-08-18,215.4900054931641,136276600,215.4900054931641,4369.7099609375,14694.83984375,17.299999237060547,5.33,306.082,3.7
2023-08-21,231.27999877929688,135702700,231.27999877929688,4399.77001953125,14936.6904296875,17.1299991607666,5.33,306.082,3.7
2023-08-22,233.19000244140625,130442800,233.19000244140625,4387.5498046875,14908.9599609375,16.969999313354492,5.33,306.082,3.7
2023-08-23,236.8600006103516,101077600,236.8600006103516,4436.009765625,15148.0595703125,15.979999542236328,5.33,306.082,3.7
2023-08-24,230.0399932861328,99777400,230.0399932861328,4376.31005859375,14816.4404296875,17.200000762939453,5.33,306.082,3.7
2023-08-25,238.58999633789065,106612200,238.58999633789065,4405.7099609375,14941.830078125,15.68000030517578,5.33,306.082,3.7
2023-08-28,238.82000732421875,107673700,238.82000732421875,4433.31005859375,15052.4599609375,15.079999923706056,5.33,306.082,3.7
2023-08-29,257.17999267578125,134047600,257.17999267578125,4497.6298828125,15376.5498046875,14.449999809265137,5.33,306.082,3.7
2023-08-30,256.8999938964844,121988400,256.8999938964844,4514.8701171875,15462.4296875,13.880000114440918,5.33,306.082,3.7
2023-08-31,258.0799865722656,108861700,258.0799865722656,4507.66015625,15501.0703125,13.56999969482422,5.33,306.082,3.7
2023-09-01,245.00999450683597,132541600,245.00999450683597,4515.77001953125,15490.8603515625,13.09000015258789,5.33,307.276,3.7
2023-09-05,256.489990234375,129469600,256.489990234375,4496.830078125,15508.240234375,14.010000228881836,5.33,307.276,3.7
2023-09-06,251.9199981689453,116959800,251.9199981689453,4465.47998046875,15371.4404296875,14.449999809265137,5.33,307.276,3.7
2023-09-07,251.4900054931641,115312900,251.4900054931641,4451.14013671875,15258.51953125,14.399999618530272,5.33,307.276,3.7
2023-09-08,248.5,118367700,248.5,4457.490234375,15280.23046875,13.84000015258789,5.33,307.276,3.7
2023-09-11,273.5799865722656,174667900,273.5799865722656,4487.4599609375,15461.8701171875,13.800000190734863,5.33,307.276,3.7
2023-09-12,267.4800109863281,135999900,267.4800109863281,4461.89990234375,15289.740234375,14.229999542236328,5.33,307.276,3.7
2023-09-13,271.29998779296875,111673700,271.29998779296875,4467.43994140625,15348.5302734375,13.479999542236328,5.33,307.276,3.7
2023-09-14,276.0400085449219,107709800,276.0400085449219,4505.10009765625,15473.8896484375,12.81999969482422,5.33,307.276,3.7
2023-09-15,274.3900146484375,133692300,274.3900146484375,4450.31982421875,15202.400390625,13.789999961853027,5.33,307.276,3.7
2023-09-18,265.2799987792969,101543300,265.2799987792969,4453.52978515625,15225.3701171875,14.0,5.33,307.276,3.7
2023-09-19,266.5,103704000,266.5,4443.9501953125,15191.23046875,14.109999656677246,5.33,307.276,3.7
2023-09-20,262.5899963378906,122514600,262.5899963378906,4402.2001953125,14969.919921875,15.140000343322754,5.33,307.276,3.7
2023-09-21,255.6999969482422,119951500,255.6999969482422,4330.0,14694.240234375,17.540000915527344,5.33,307.276,3.7
2023-09-22,244.8800048828125,127524100,244.8800048828125,4320.06005859375,14701.099609375,17.200000762939453,5.33,307.276,3.7
2023-09-25,246.9900054931641,104636600,246.9900054931641,4337.43994140625,14768.900390625,16.899999618530273,5.33,307.276,3.7
2023-09-26,244.1199951171875,101993600,244.1199951171875,4273.52978515625,14545.830078125,18.940000534057617,5.33,307.276,3.7
2023-09-27,240.5,136597200,240.5,4274.509765625,14580.16015625,18.21999931335449,5.33,307.276,3.7
2023-09-28,246.3800048828125,117058900,246.3800048828125,4299.7001953125,14702.76953125,17.34000015258789,5.33,307.276,3.7
2023-09-29,250.22000122070312,128522700,250.22000122070312,4288.0498046875,14715.240234375,17.520000457763672,5.33,307.276,3.7
2023-10-02,251.6000061035156,123810400,251.6000061035156,4288.39013671875,14837.5703125,17.610000610351562,5.33,307.276,3.7
2023-10-03,246.52999877929688,101985300,246.52999877929688,4229.4501953125,14565.6201171875,19.780000686645508,5.33,307.276,3.7
2023-10-04,261.1600036621094,129721600,261.1600036621094,4263.75,14776.25,18.57999992370605,5.33,307.276,3.7
2023-10-05,260.04998779296875,119159200,260.04998779296875,4258.18994140625,14723.2197265625,18.489999771118164,5.33,307.276,3.7
2023-10-06,260.5299987792969,118121800,260.5299987792969,4308.5,14973.240234375,17.450000762939453,5.33,307.276,3.7
2023-10-09,259.6700134277344,101377900,259.6700134277344,4335.66015625,15047.150390625,17.700000762939453,5.33,307.276,3.7
2023-10-10,263.6199951171875,122656000,263.6199951171875,4358.240234375,15131.51953125,17.030000686645508,5.33,307.276,3.7
2023-10-11,262.989990234375,103706300,262.989990234375,4376.9501953125,15241.1201171875,16.09000015258789,5.33,307.276,3.7
2023-10-12,258.8699951171875,111508100,258.8699951171875,4349.60986328125,15184.099609375,16.690000534057617,5.33,307.276,3.7
2023-10-13,251.1199951171875,102073800,251.1199951171875,4327.77978515625,14995.1201171875,19.31999969482422,5.33,307.276,3.7
2023-10-16,253.9199981689453,88917200,253.9199981689453,4373.6298828125,15172.73046875,17.209999084472656,5.33,307.276,3.7
2023-10-17,254.8500061035156,93562900,254.8500061035156,4373.2001953125,15122.009765625,17.8799991607666,5.33,307.276,3.7
2023-10-18,242.67999267578125,125147800,242.67999267578125,4314.60009765625,14909.259765625,19.21999931335449,5.33,307.276,3.7
2023-10-19,220.1100006103516,170772700,220.1100006103516,4278.0,14783.1298828125,21.399999618530277,5.33,307.276,3.7
2023-10-20,211.9900054931641,138010100,211.9900054931641,4224.16015625,14560.8798828125,21.709999084472656,5.33,307.276,3.7
2023-10-23,212.0800018310547,150683400,212.0800018310547,4217.0400390625,14604.849609375,20.3700008392334,5.33,307.276,3.7
2023-10-24,216.5200042724609,118231100,216.5200042724609,4247.68017578125,14745.8603515625,18.96999931335449,5.33,307.276,3.7
2023-10-25,212.4199981689453,107065100,212.4199981689453,4186.77001953125,14381.6396484375,20.190000534057617,5.33,307.276,3.7
2023-10-26,205.75999450683597,115112600,205.75999450683597,4137.22998046875,14109.5703125,20.68000030517578,5.33,307.276,3.7
2023-10-27,207.3000030517578,94881200,207.3000030517578,4117.3701171875,14180.419921875,21.270000457763672,5.33,307.276,3.7
2023-10-30,197.3600006103516,136448200,197.3600006103516,4166.81982421875,14335.509765625,19.75,5.33,307.276,3.7
2023-10-31,200.83999633789065,118068300,200.83999633789065,4193.7998046875,14409.7802734375,18.13999938964844,5.33,307.276,3.7
2023-11-01,205.66000366210935,121661700,205.66000366210935,4237.85986328125,14664.91015625,16.8700008392334,5.33,308.148,3.7
2023-11-02,218.50999450683597,125987600,218.50999450683597,4317.77978515625,14919.5498046875,15.65999984741211,5.33,308.148,3.7
2023-11-03,219.9600067138672,119534800,219.9600067138672,4358.33984375,15099.490234375,14.90999984741211,5.33,308.148,3.7
2023-11-06,219.2700042724609,117335800,219.2700042724609,4365.97998046875,15154.9296875,14.890000343322754,5.33,308.148,3.7
2023-11-07,222.17999267578125,116900100,222.17999267578125,4378.3798828125,15296.01953125,14.8100004196167,5.33,308.148,3.7
2023-11-08,222.1100006103516,106584800,222.1100006103516,4382.77978515625,15313.240234375,14.449999809265137,5.33,308.148,3.7
2023-11-09,209.97999572753903,142110500,209.97999572753903,4347.35009765625,15187.900390625,15.289999961853027,5.33,308.148,3.7
2023-11-10,214.6499938964844,130994000,214.6499938964844,4415.240234375,15529.1201171875,14.170000076293944,5.33,308.148,3.7
2023-11-13,223.7100067138672,140447600,223.7100067138672,4411.5498046875,15482.7900390625,14.760000228881836,5.33,308.148,3.7
2023-11-14,237.41000366210935,149771600,237.41000366210935,4495.7001953125,15812.4697265625,14.15999984741211,5.33,308.148,3.7
2023-11-15,242.83999633789065,150354000,242.83999633789065,4502.8798828125,15817.1796875,14.18000030517578,5.33,308.148,3.7
2023-11-16,233.58999633789065,136816800,233.58999633789065,4508.240234375,15833.169921875,14.31999969482422,5.33,308.148,3.7
2023-11-17,234.3000030517578,142532800,234.3000030517578,4514.02001953125,15837.990234375,13.800000190734863,5.33,308.148,3.7
2023-11-20,235.6000061035156,116320100,235.6000061035156,4547.3798828125,16027.0595703125,13.40999984741211,5.33,308.148,3.7
2023-11-21,241.1999969482422,122288000,241.1999969482422,4538.18994140625,15933.6201171875,13.350000381469728,5.33,308.148,3.7
2023-11-22,234.2100067138672,117950600,234.2100067138672,4556.6201171875,16001.3896484375,12.850000381469728,5.33,308.148,3.7
2023-11-24,235.4499969482422,65125200,235.4499969482422,4559.33984375,15982.009765625,12.460000038146973,5.33,308.148,3.7
2023-11-27,236.0800018310547,112031800,236.0800018310547,4550.43017578125,15961.98046875,12.6899995803833,5.33,308.148,3.7
2023-11-28,246.72000122070312,148549900,246.72000122070312,4554.89013671875,16010.4296875,12.6899995803833,5.33,308.148,3.7
2023-11-29,244.13999938964844,135401300,244.13999938964844,4550.580078125,15987.599609375,12.979999542236328,5.33,308.148,3.7
2023-11-30,240.0800018310547,132353200,240.0800018310547,4567.7998046875,15947.8701171875,12.920000076293944,5.33,308.148,3.7
2023-12-01,238.8300018310547,121331700,238.8300018310547,4594.6298828125,15997.580078125,12.630000114440918,5.33,308.741,3.8
2023-12-04,235.5800018310547,104099800,235.5800018310547,4569.77978515625,15839.669921875,13.079999923706056,5.33,308.741,3.8
2023-12-05,238.72000122070312,137971100,238.72000122070312,4567.18017578125,15877.7099609375,12.850000381469728,5.33,308.741,3.8
2023-12-06,239.3699951171875,126436200,239.3699951171875,4549.33984375,15788.0498046875,12.970000267028809,5.33,308.741,3.8
2023-12-07,242.63999938964844,107142300,242.63999938964844,4585.58984375,16022.490234375,13.0600004196167,5.33,308.741,3.8
2023-12-08,243.83999633789065,103126800,243.83999633789065,4604.3701171875,16084.6904296875,12.350000381469728,5.33,308.741,3.8
2023-12-11,239.7400054931641,97913900,239.7400054931641,4622.43994140625,16221.73046875,12.630000114440918,5.33,308.741,3.8
2023-12-12,237.00999450683597,95328300,237.00999450683597,4643.7001953125,16354.25,12.06999969482422,5.33,308.741,3.8
2023-12-13,239.2899932861328,146286300,239.2899932861328,4707.08984375,16562.369140625,12.1899995803833,5.33,308.741,3.8
2023-12-14,251.0500030517578,160829200,251.0500030517578,4719.5498046875,16537.830078125,12.479999542236328,5.33,308.741,3.8
2023-12-15,253.5,135932800,253.5,4719.18994140625,16623.44921875,12.279999732971191,5.33,308.741,3.8
2023-12-18,252.0800018310547,116416500,252.0800018310547,4740.56005859375,16729.80078125,12.5600004196167,5.33,308.741,3.8
2023-12-19,257.2200012207031,106737400,257.2200012207031,4768.3701171875,16811.849609375,12.529999732971191,5.33,308.741,3.8
2023-12-20,247.13999938964844,125097000,247.13999938964844,4698.35009765625,16554.16015625,13.670000076293944,5.33,308.741,3.8
2023-12-21,254.5,109594200,254.5,4746.75,16757.41015625,13.649999618530272,5.33,308.741,3.8
2023-12-22,252.5399932861328,93370100,252.5399932861328,4754.6298828125,16777.400390625,13.029999732971191,5.33,308.741,3.8
2023-12-26,256.6099853515625,86892400,256.6099853515625,4774.75,16878.4609375,12.989999771118164,5.33,308.741,3.8
2023-12-27,261.44000244140625,106494400,261.44000244140625,4781.580078125,16906.80078125,12.43000030517578,5.33,308.741,3.8
2023-12-28,253.17999267578125,113619900,253.17999267578125,4783.35009765625,16898.470703125,12.470000267028809,5.33,308.741,3.8
2023-12-29,248.47999572753903,100891600,248.47999572753903,4769.830078125,16825.9296875,12.449999809265137,5.33,308.741,3.8
2024-01-02,248.4199981689453,104654200,248.4199981689453,4742.830078125,16543.939453125,13.199999809265137,5.33,308.741,3.8
2024-01-03,238.4499969482422,121082600,238.4499969482422,4704.81005859375,16368.490234375,14.039999961853027,5.33,308.741,3.8
2024-01-04,237.92999267578125,102629300,237.92999267578125,4688.68017578125,16282.009765625,14.130000114440918,5.33,308.741,3.8
2024-01-05,237.4900054931641,92488900,237.4900054931641,4697.240234375,16305.98046875,13.350000381469728,5.33,308.741,3.8
2024-01-08,240.4499969482422,85166600,240.4499969482422,4763.5400390625,16649.869140625,13.079999923706056,5.33,308.741,3.8
2024-01-09,234.9600067138672,96705700,234.9600067138672,4756.5,16678.69921875,12.760000228881836,5.33,308.741,3.8
2024-01-10,233.94000244140625,91628500,233.94000244140625,4783.4501953125,16793.05078125,12.6899995803833,5.33,308.741,3.8
2024-01-11,227.22000122070312,105873600,227.22000122070312,4780.240234375,16820.900390625,12.4399995803833,5.33,308.741,3.8
2024-01-12,218.88999938964844,123043800,218.88999938964844,4783.830078125,16832.919921875,12.699999809265137,5.33,308.741,3.8
2024-01-16,219.91000366210935,115355000,219.91000366210935,4765.97998046875,16830.7109375,13.84000015258789,5.33,308.741,3.8
2024-01-17,215.5500030517578,103164400,215.5500030517578,4739.2099609375,16736.279296875,14.789999961853027,5.33,308.741,3.8
2024-01-18,211.8800048828125,108595400,211.8800048828125,4780.93994140625,16982.2890625,14.130000114440918,5.33,308.741,3.8
2024-01-19,212.19000244140625,102260300,212.19000244140625,4839.81005859375,17314.0,13.300000190734863,5.33,308.741,3.8
2024-01-22,208.8000030517578,117952500,208.8000030517578,4850.43017578125,17330.380859375,13.1899995803833,5.33,308.741,3.8
2024-01-23,209.13999938964844,106605900,209.13999938964844,4864.60009765625,17404.2109375,12.550000190734863,5.33,308.741,3.8
2024-01-24,207.8300018310547,123369900,207.8300018310547,4868.5498046875,17499.30078125,13.140000343322754,5.33,308.741,3.8
2024-01-25,182.6300048828125,198076800,182.6300048828125,4894.16015625,17516.990234375,13.449999809265137,5.33,308.741,3.8
2024-01-26,183.25,107343200,183.25,4890.97021484375,17421.009765625,13.260000228881836,5.33,308.741,3.8
2024-01-29,190.92999267578125,125013100,190.92999267578125,4927.93017578125,17596.26953125,13.600000381469728,5.33,308.741,3.8
2024-01-30,191.58999633789065,109982300,191.58999633789065,4924.97021484375,17476.7109375,13.3100004196167,5.33,308.741,3.8
2024-01-31,187.2899932861328,103221400,187.2899932861328,4845.64990234375,17137.240234375,14.350000381469728,5.33,308.741,3.8
2024-02-01,188.8600006103516,91843300,188.8600006103516,4906.18994140625,17344.7109375,13.880000114440918,5.33,310.967,3.9
2024-02-02,187.91000366210935,110612700,187.91000366210935,4958.60986328125,17642.73046875,13.850000381469728,5.33,310.967,3.9
2024-02-05,181.05999755859372,134294400,181.05999755859372,4942.81005859375,17613.0390625,13.670000076293944,5.33,310.967,3.9
2024-02-06,185.1000061035156,122676000,185.1000061035156,4954.22998046875,17572.73046875,13.0600004196167,5.33,310.967,3.9
2024-02-07,187.5800018310547,111535200,187.5800018310547,4995.06005859375,17755.0703125,12.829999923706056,5.33,310.967,3.9
2024-02-08,189.55999755859372,83034000,189.55999755859372,4997.91015625,17783.169921875,12.789999961853027,5.33,310.967,3.9
2024-02-09,193.57000732421875,84476300,193.57000732421875,5026.60986328125,17962.41015625,12.93000030517578,5.33,310.967,3.9
2024-02-12,188.1300048828125,95498600,188.1300048828125,5021.83984375,17882.66015625,13.93000030517578,5.33,310.967,3.9
2024-02-13,184.0200042724609,86759500,184.0200042724609,4953.169921875,17600.419921875,15.850000381469728,5.33,310.967,3.9
2024-02-14,188.7100067138672,81203000,188.7100067138672,5000.6201171875,17807.630859375,14.380000114440918,5.33,310.967,3.9
2024-02-15,200.4499969482422,120831800,200.4499969482422,5029.72998046875,17845.720703125,14.010000228881836,5.33,310.967,3.9
2024-02-16,199.9499969482422,111346700,199.9499969482422,5005.56982421875,17685.98046875,14.239999771118164,5.33,310.967,3.9
2024-02-20,193.75999450683597,104545800,193.75999450683597,4975.509765625,17546.099609375,15.420000076293944,5.33,310.967,3.9
2024-02-21,194.7700042724609,103500300,194.7700042724609,4981.7998046875,17478.91015625,15.34000015258789,5.33,310.967,3.9
2024-02-22,197.41000366210935,92739500,197.41000366210935,5087.02978515625,18004.69921875,14.539999961853027,5.33,310.967,3.9
2024-02-23,191.97000122070312,78841900,191.97000122070312,5088.7998046875,17937.609375,13.75,5.33,310.967,3.9
2024-02-26,199.3999938964844,111747100,199.3999938964844,5069.52978515625,17933.330078125,13.739999771118164,5.33,310.967,3.9
2024-02-27,199.72999572753903,108645400,199.72999572753903,5078.18017578125,17971.05078125,13.43000030517578,5.33,310.967,3.9
2024-02-28,202.0399932861328,99806200,202.0399932861328,5069.759765625,17874.5,13.84000015258789,5.33,310.967,3.9
2024-02-29,201.8800048828125,85907000,201.8800048828125,5096.27001953125,18043.849609375,13.399999618530272,5.33,310.967,3.9
2024-03-01,202.63999938964844,82243100,202.63999938964844,5137.080078125,18302.91015625,13.109999656677246,5.33,312.345,3.9
2024-03-04,188.13999938964844,134334900,188.13999938964844,5130.9501953125,18226.48046875,13.489999771118164,5.33,312.345,3.9
2024-03-05,180.7400054931641,119660800,180.7400054931641,5078.64990234375,17897.869140625,14.460000038146973,5.33,312.345,3.9
2024-03-06,176.5399932861328,107920900,176.5399932861328,5104.759765625,18017.5703125,14.5,5.33,312.345,3.9
2024-03-07,178.64999389648438,102129000,178.64999389648438,5157.35986328125,18297.990234375,14.4399995803833,5.33,312.345,3.9
2024-03-08,175.33999633789062,85544600,175.33999633789062,5123.68994140625,18018.44921875,14.739999771118164,5.33,312.345,3.9
2024-03-11,177.77000427246094,85391500,177.77000427246094,5117.93994140625,17951.689453125,15.220000267028809,5.33,312.345,3.9
2024-03-12,177.5399932861328,87391700,177.5399932861328,5175.27001953125,18219.109375,13.84000015258789,5.33,312.345,3.9
2024-03-13,169.47999572753906,106524500,169.47999572753906,5165.31005859375,18068.470703125,13.75,5.33,312.345,3.9
2024-03-14,162.5,126325700,162.5,5150.47998046875,18014.810546875,14.399999618530272,5.33,312.345,3.9
2024-03-15,163.57000732421875,97146800,163.57000732421875,5117.08984375,17808.25,14.40999984741211,5.33,312.345,3.9
2024-03-18,173.8000030517578,108214400,173.8000030517578,5149.419921875,17985.009765625,14.329999923706056,5.33,312.345,3.9
2024-03-19,171.32000732421875,77271400,171.32000732421875,5178.509765625,18032.19921875,13.81999969482422,5.33,312.345,3.9
2024-03-20,175.66000366210938,83846700,175.66000366210938,5224.6201171875,18240.109375,13.039999961853027,5.33,312.345,3.9
2024-03-21,172.82000732421875,73178000,172.82000732421875,5241.52978515625,18320.380859375,12.920000076293944,5.33,312.345,3.9
2024-03-22,170.8300018310547,75580600,170.8300018310547,5234.18017578125,18339.439453125,13.0600004196167,5.33,312.345,3.9
2024-03-25,172.6300048828125,74228600,172.6300048828125,5218.18994140625,18277.060546875,13.1899995803833,5.33,312.345,3.9
2024-03-26,177.6699981689453,113186200,177.6699981689453,5203.580078125,18210.5390625,13.239999771118164,5.33,312.345,3.9
2024-03-27,179.8300018310547,81804000,179.8300018310547,5248.490234375,18280.83984375,12.779999732971191,5.33,312.345,3.9
2024-03-28,175.7899932861328,77654800,175.7899932861328,5254.35009765625,18254.689453125,13.010000228881836,5.33,312.345,3.9
2024-04-01,175.22000122070312,81562100,175.22000122070312,5243.77001953125,18293.19921875,13.649999618530272,5.33,313.023,3.9
2024-04-02,166.6300048828125,116650600,166.6300048828125,5205.81005859375,18121.779296875,14.609999656677246,5.33,313.023,3.9
2024-04-03,168.3800048828125,82950100,168.3800048828125,5211.490234375,18160.189453125,14.329999923706056,5.33,313.023,3.9
2024-04-04,171.11000061035156,123162000,171.11000061035156,5147.2099609375,17878.779296875,16.350000381469727,5.33,313.023,3.9
2024-04-05,164.89999389648438,143157600,164.89999389648438,5204.33984375,18108.4609375,16.030000686645508,5.33,313.023,3.9
2024-04-08,172.97999572753906,104423300,172.97999572753906,5202.39013671875,18100.189453125,15.1899995803833,5.33,313.023,3.9
2024-04-09,176.8800048828125,102951700,176.8800048828125,5209.91015625,18169.900390625,14.979999542236328,5.33,313.023,3.9
2024-04-10,171.75999450683594,84532400,171.75999450683594,5160.64013671875,18011.66015625,15.800000190734863,5.33,313.023,3.9
2024-04-11,174.60000610351562,94516000,174.60000610351562,5199.06005859375,18307.98046875,14.90999984741211,5.33,313.023,3.9
2024-04-12,171.0500030517578,64722700,171.0500030517578,5123.41015625,18003.490234375,17.309999465942383,5.33,313.023,3.9
2024-04-15,161.47999572753906,100245300,161.47999572753906,5061.81982421875,17706.830078125,19.229999542236328,5.33,313.023,3.9
2024-04-16,157.11000061035156,97000000,157.11000061035156,5051.41015625,17713.66015625,18.399999618530277,5.33,313.023,3.9
2024-04-17,155.4499969482422,82439700,155.4499969482422,5022.2099609375,17493.619140625,18.209999084472656,5.33,313.023,3.9
2024-04-18,149.92999267578125,96098800,149.92999267578125,5011.1201171875,17394.310546875,18.0,5.33,313.023,3.9
2024-04-19,147.0500030517578,87074500,147.0500030517578,4967.22998046875,17037.650390625,18.709999084472656,5.33,313.023,3.9
2024-04-22,142.0500030517578,107097600,142.0500030517578,5010.60009765625,17210.890625,16.940000534057617,5.33,313.023,3.9
2024-04-23,144.67999267578125,124545100,144.67999267578125,5070.5498046875,17471.470703125,15.6899995803833,5.33,313.023,3.9
2024-04-24,162.1300048828125,181178000,162.1300048828125,5071.6298828125,17526.80078125,15.970000267028809,5.33,313.023,3.9
2024-04-25,170.17999267578125,126427500,170.17999267578125,5048.419921875,17430.5,15.369999885559082,5.33,313.023,3.9
2024-04-26,168.2899932861328,109815700,168.2899932861328,5099.9599609375,17718.30078125,15.029999732971191,5.33,313.023,3.9
2024-04-29,194.0500030517578,243869700,194.0500030517578,5116.169921875,17782.720703125,14.670000076293944,5.33,313.023,3.9
2024-04-30,183.27999877929688,127031800,183.27999877929688,5035.68994140625,17440.689453125,15.649999618530272,5.33,313.023,3.9
2024-05-01,179.99000549316406,92829700,179.99000549316406,5018.39013671875,17318.55078125,15.390000343322754,5.33,313.175,3.9
2024-05-02,180.00999450683594,89148000,180.00999450683594,5064.2001953125,17541.5390625,14.68000030517578,5.33,313.175,3.9
2024-05-03,181.19000244140625,75491500,181.19000244140625,5127.7900390625,17890.80078125,13.489999771118164,5.33,313.175,3.9
2024-05-06,184.75999450683597,84390300,184.75999450683597,5180.740234375,18093.5703125,13.489999771118164,5.33,313.175,3.9
2024-05-07,177.80999755859375,75045900,177.80999755859375,5187.7001953125,18091.44921875,13.229999542236328,5.33,313.175,3.9
2024-05-08,174.72000122070312,79969500,174.72000122070312,5187.669921875,18085.009765625,13.0,5.33,313.175,3.9
2024-05-09,171.97000122070312,65950300,171.97000122070312,5214.080078125,18113.4609375,12.6899995803833,5.33,313.175,3.9
2024-05-10,168.47000122070312,72627200,168.47000122070312,5222.68017578125,18161.1796875,12.550000190734863,5.33,313.175,3.9
2024-05-13,171.88999938964844,67018900,171.88999938964844,5221.419921875,18198.609375,13.600000381469728,5.33,313.175,3.9
2024-05-14,177.5500030517578,86407400,177.5500030517578,5246.68017578125,18322.76953125,13.420000076293944,5.33,313.175,3.9
2024-05-15,173.99000549316406,79663000,173.99000549316406,5308.14990234375,18596.650390625,12.449999809265137,5.33,313.175,3.9
2024-05-16,174.83999633789062,59812200,174.83999633789062,5297.10009765625,18557.9609375,12.420000076293944,5.33,313.175,3.9
2024-05-17,177.4600067138672,77445800,177.4600067138672,5303.27001953125,18546.23046875,11.989999771118164,5.33,313.175,3.9
2024-05-20,174.9499969482422,61727400,174.9499969482422,5308.1298828125,18674.189453125,12.149999618530272,5.33,313.175,3.9
2024-05-21,186.6000061035156,115266500,186.6000061035156,5321.41015625,18713.80078125,11.859999656677246,5.33,313.175,3.9
2024-05-22,180.11000061035156,88313500,180.11000061035156,5307.009765625,18705.19921875,12.289999961853027,5.33,313.175,3.9
2024-05-23,173.74000549316406,71975500,173.74000549316406,5267.83984375,18623.390625,12.770000457763672,5.33,313.175,3.9
2024-05-24,179.24000549316406,65584500,179.24000549316406,5304.72021484375,18808.349609375,11.93000030517578,5.33,313.175,3.9
2024-05-28,176.75,59736600,176.75,5306.0400390625,18869.439453125,12.920000076293944,5.33,313.175,3.9
2024-05-29,176.19000244140625,54782600,176.19000244140625,5266.9501953125,18736.75,14.279999732971191,5.33,313.175,3.9
2024-05-30,178.7899932861328,77618400,178.7899932861328,5235.47998046875,18538.66015625,14.470000267028809,5.33,313.175,3.9
2024-05-31,178.0800018310547,67314600,178.0800018310547,5277.509765625,18536.650390625,12.920000076293944,5.33,313.175,3.9
2024-06-03,176.2899932861328,68568900,176.2899932861328,5283.39990234375,18600.970703125,13.109999656677246,5.33,313.175,3.9
2024-06-04,174.77000427246094,60056300,174.77000427246094,5291.33984375,18654.83984375,13.15999984741211,5.33,313.175,3.9
2024-06-05,175.0,57953800,175.0,5354.02978515625,19035.05078125,12.630000114440918,5.33,313.175,3.9
2024-06-06,177.94000244140625,69887000,177.94000244140625,5352.9599609375,19021.189453125,12.579999923706056,5.33,313.175,3.9
2024-06-07,177.47999572753906,56244900,177.47999572753906,5346.990234375,19000.94921875,12.220000267028809,5.33,313.175,3.9
2024-06-10,173.7899932861328,50774600,173.7899932861328,5360.7900390625,19074.669921875,12.739999771118164,5.33,313.175,3.9
2024-06-11,170.66000366210938,64761900,170.66000366210938,5375.31982421875,19210.1796875,12.850000381469728,5.33,313.175,3.9
2024-06-12,177.2899932861328,90389400,177.2899932861328,5421.02978515625,19465.1796875,12.039999961853027,5.33,313.175,3.9
2024-06-13,182.47000122070312,118984100,182.47000122070312,5433.740234375,19576.919921875,11.9399995803833,5.33,313.175,3.9
2024-06-14,178.00999450683594,82038200,178.00999450683594,5431.60009765625,19659.80078125,12.65999984741211,5.33,313.175,3.9
2024-06-17,187.44000244140625,109786100,187.44000244140625,5473.22998046875,19902.75,12.75,5.33,313.175,3.9
2024-06-18,184.8600006103516,68982300,184.8600006103516,5487.02978515625,19908.859375,12.300000190734863,5.33,313.175,3.9
2024-06-20,181.57000732421875,55893100,181.57000732421875,5473.169921875,19752.30078125,13.279999732971191,5.33,313.175,3.9
2024-06-21,183.00999450683597,61937300,183.00999450683597,5464.6201171875,19700.4296875,13.199999809265137,5.33,313.175,3.9
2024-06-24,182.5800018310547,61992100,182.5800018310547,5447.8701171875,19474.619140625,13.329999923706056,5.33,313.175,3.9
2024-06-25,187.3500061035156,62905700,187.3500061035156,5469.2998046875,19701.130859375,12.84000015258789,5.33,313.175,3.9
2024-06-26,196.3699951171875,95737100,196.3699951171875,5477.89990234375,19751.05078125,12.550000190734863,5.33,313.175,3.9
2024-06-27,197.4199981689453,72746500,197.4199981689453,5482.8701171875,19789.029296875,12.239999771118164,5.33,313.175,3.9
2024-06-28,197.8800048828125,95438100,197.8800048828125,5460.47998046875,19682.869140625,12.4399995803833,5.33,313.175,3.9
2024-07-01,209.8600006103516,135691400,209.8600006103516,5475.08984375,19812.220703125,12.220000267028809,5.33,313.569,4.2
2024-07-02,231.25999450683597,205047900,231.25999450683597,5509.009765625,20011.890625,12.029999732971191,5.33,313.569,4.2
2024-07-03,246.38999938964844,166561500,246.38999938964844,5537.02001953125,20186.630859375,12.09000015258789,5.33,313.569,4.2
2024-07-05,251.5200042724609,154501200,251.5200042724609,5567.18994140625,20391.970703125,12.479999542236328,5.33,313.569,4.2
2024-07-08,252.94000244140625,157219600,252.94000244140625,5572.85009765625,20439.5390625,12.369999885559082,5.33,313.569,4.2
2024-07-09,262.3299865722656,160210900,262.3299865722656,5576.97998046875,20453.01953125,12.510000228881836,5.33,313.569,4.2
2024-07-10,263.260009765625,128519400,263.260009765625,5633.91015625,20675.380859375,12.850000381469728,5.33,313.569,4.2
2024-07-11,241.02999877929688,221707300,241.02999877929688,5584.5400390625,20211.359375,12.920000076293944,5.33,313.569,4.2
2024-07-12,248.22999572753903,155955800,248.22999572753903,5615.35009765625,20331.490234375,12.460000038146973,5.33,313.569,4.2
2024-07-15,252.63999938964844,146912900,252.63999938964844,5631.22021484375,20386.880859375,13.119999885559082,5.33,313.569,4.2
2024-07-16,256.5599975585937,126332500,256.5599975585937,5667.2001953125,20398.619140625,13.1899995803833,5.33,313.569,4.2
2024-07-17,248.5,115584800,248.5,5588.27001953125,19799.140625,14.479999542236328,5.33,313.569,4.2
2024-07-18,249.22999572753903,110869000,249.22999572753903,5544.58984375,19705.08984375,15.93000030517578,5.33,313.569,4.2
2024-07-19,239.1999969482422,87403900,239.1999969482422,5505.0,19522.619140625,16.520000457763672,5.33,313.569,4.2
2024-07-22,251.50999450683597,101225400,251.50999450683597,5564.41015625,19822.869140625,14.90999984741211,5.33,313.569,4.2
2024-07-23,246.3800048828125,111928200,246.3800048828125,5555.740234375,19754.33984375,14.720000267028809,5.33,313.569,4.2
2024-07-24,215.9900054931641,167942900,215.9900054931641,5427.1298828125,19032.390625,18.040000915527344,5.33,313.569,4.2
2024-07-25,220.25,100636500,220.25,5399.22021484375,18830.580078125,18.459999084472656,5.33,313.569,4.2
2024-07-26,219.8000030517578,94604100,219.8000030517578,5459.10009765625,19023.66015625,16.389999389648438,5.33,313.569,4.2
2024-07-29,232.1000061035156,129201800,232.1000061035156,5463.5400390625,19059.490234375,16.600000381469727,5.33,313.569,4.2
2024-07-30,222.6199951171875,100560300,222.6199951171875,5436.43994140625,18796.26953125,17.690000534057617,5.33,313.569,4.2
2024-07-31,232.07000732421875,67497000,232.07000732421875,5522.2998046875,19362.4296875,16.360000610351562,5.33,313.569,4.2
2024-08-01,216.8600006103516,83861900,216.8600006103516,5446.68017578125,18890.390625,18.59000015258789,5.33,314.062,4.2
2024-08-02,207.6699981689453,82880100,207.6699981689453,5346.56005859375,18440.849609375,23.38999938964844,5.33,314.062,4.2
2024-08-05,198.8800048828125,100308800,198.8800048828125,5186.330078125,17895.16015625,38.56999969482422,5.33,314.062,4.2
2024-08-06,200.63999938964844,73783900,200.63999938964844,5240.02978515625,18077.919921875,27.709999084472656,5.33,314.062,4.2
2024-08-07,191.75999450683597,71159800,191.75999450683597,5199.5,17867.369140625,27.850000381469727,5.33,314.062,4.2
2024-08-08,198.83999633789065,65033900,198.83999633789065,5319.31005859375,18413.8203125,23.790000915527344,5.33,314.062,4.2
2024-08-09,200.0,58648300,200.0,5344.16015625,18513.099609375,20.3700008392334,5.33,314.062,4.2
2024-08-12,197.4900054931641,64044900,197.4900054931641,5344.39013671875,18542.029296875,20.709999084472656,5.33,314.062,4.2
2024-08-13,207.8300018310547,76247400,207.8300018310547,5434.43017578125,19006.4296875,18.1200008392334,5.33,314.062,4.2
2024-08-14,201.3800048828125,70250000,201.3800048828125,5455.2099609375,19022.6796875,16.190000534057617,5.33,314.062,4.2
2024-08-15,214.13999938964844,89848500,214.13999938964844,5543.22021484375,19490.150390625,15.229999542236328,5.33,314.062,4.2
2024-08-16,216.1199951171875,88765100,216.1199951171875,5554.25,19508.51953125,14.800000190734863,5.33,314.062,4.2
2024-08-19,222.72000122070312,76435200,222.72000122070312,5608.25,19766.490234375,14.649999618530272,5.33,314.062,4.2
2024-08-20,221.1000061035156,74001200,221.1000061035156,5597.1201171875,19719.8203125,15.880000114440918,5.33,314.062,4.2
2024-08-21,223.2700042724609,70146000,223.2700042724609,5620.85009765625,19824.83984375,16.270000457763672,5.33,314.062,4.2
2024-08-22,210.66000366210935,79514500,210.66000366210935,5570.64013671875,19491.83984375,17.549999237060547,5.33,314.062,4.2
2024-08-23,220.32000732421875,81525200,220.32000732421875,5634.60986328125,19720.869140625,15.859999656677246,5.33,314.062,4.2
2024-08-26,213.2100067138672,59301200,213.2100067138672,5616.83984375,19516.439453125,16.149999618530273,5.33,314.062,4.2
2024-08-27,209.2100067138672,62821400,209.2100067138672,5625.7998046875,19581.51953125,15.43000030517578,5.33,314.062,4.2
2024-08-28,205.75,64116400,205.75,5592.18017578125,19350.779296875,17.110000610351562,5.33,314.062,4.2
2024-08-29,206.27999877929688,62308800,206.27999877929688,5591.9599609375,19325.44921875,15.649999618530272,5.33,314.062,4.2
2024-08-30,214.1100006103516,63370600,214.1100006103516,5648.39990234375,19574.640625,15.0,5.33,314.062,4.2
2024-09-03,210.6000061035156,76714200,210.6000061035156,5528.93017578125,18958.740234375,20.71999931335449,5.33,314.062,4.2
2024-09-04,219.41000366210935,80651800,219.41000366210935,5520.06982421875,18921.400390625,21.31999969482422,5.33,314.062,4.2
2024-09-05,230.1699981689453,119355000,230.1699981689453,5503.41015625,18930.330078125,19.899999618530277,5.33,314.062,4.2
2024-09-06,210.72999572753903,112177000,210.72999572753903,5408.419921875,18421.310546875,22.3799991607666,5.33,314.062,4.2
2024-09-09,216.2700042724609,67443500,216.2700042724609,5471.0498046875,18660.779296875,19.450000762939453,5.33,314.062,4.2
2024-09-10,226.1699981689453,78891100,226.1699981689453,5495.52001953125,18829.140625,19.07999992370605,5.33,314.062,4.2
2024-09-11,228.1300048828125,83548600,228.1300048828125,5554.1298828125,19237.30078125,17.690000534057617,5.33,314.062,4.2
2024-09-12,229.80999755859372,71894900,229.80999755859372,5595.759765625,19423.0703125,17.06999969482422,5.33,314.062,4.2
2024-09-13,230.2899932861328,59515100,230.2899932861328,5626.02001953125,19514.58984375,16.559999465942383,5.33,314.062,4.2
2024-09-16,226.77999877929688,54323000,226.77999877929688,5633.08984375,19423.060546875,17.139999389648438,5.33,314.062,4.2
2024-09-17,227.8699951171875,66761600,227.8699951171875,5634.580078125,19432.400390625,17.610000610351562,5.33,314.062,4.2
2024-09-18,227.1999969482422,78010200,227.1999969482422,5618.259765625,19344.490234375,18.229999542236328,5.33,314.062,4.2
2024-09-19,243.9199981689453,102694600,243.9199981689453,5713.64013671875,19839.830078125,16.329999923706055,5.33,314.062,4.2
2024-09-20,238.25,99879100,238.25,5702.5498046875,19791.490234375,16.149999618530273,5.33,314.062,4.2
2024-09-23,250.0,86927200,250.0,5718.56982421875,19852.19921875,15.890000343322754,5.33,314.062,4.2
2024-09-24,254.2700042724609,88491000,254.2700042724609,5732.93017578125,19944.83984375,15.390000343322754,5.33,314.062,4.2
2024-09-25,257.0199890136719,65034300,257.0199890136719,5722.259765625,19972.609375,15.40999984741211,5.33,314.062,4.2
2024-09-26,254.22000122070312,67142200,254.22000122070312,5745.3701171875,20115.5390625,15.369999885559082,5.33,314.062,4.2
2024-09-27,260.4599914550781,70988100,260.4599914550781,5738.169921875,20008.619140625,16.959999084472656,5.33,314.062,4.2
2024-09-30,261.6300048828125,80705700,261.6300048828125,5762.47998046875,20060.689453125,16.729999542236328,5.33,314.062,4.2
2024-10-01,258.0199890136719,87397600,258.0199890136719,5708.75,19773.30078125,19.26000022888184,4.83,315.631,4.1
2024-10-02,249.0200042724609,93983900,249.0200042724609,5709.5400390625,19802.58984375,18.899999618530277,4.83,315.631,4.1
2024-10-03,240.66000366210935,80729200,240.66000366210935,5699.93994140625,19793.33984375,20.489999771118164,4.83,315.631,4.1
2024-10-04,250.0800018310547,86573200,250.0800018310547,5751.06982421875,20035.01953125,19.209999084472656,4.83,315.631,4.1
2024-10-07,240.8300018310547,68113300,240.8300018310547,5695.93994140625,19800.740234375,22.63999938964844,4.83,315.631,4.1
2024-10-08,244.5,56303200,244.5,5751.1298828125,20107.779296875,21.420000076293945,4.83,315.631,4.1
2024-10-09,241.0500030517578,66289500,241.0500030517578,5792.0400390625,20268.859375,20.86000061035156,4.83,315.631,4.1
2024-10-10,238.7700042724609,83087100,238.7700042724609,5780.0498046875,20241.759765625,20.93000030517578,4.83,315.631,4.1
2024-10-11,217.8000030517578,142628900,217.8000030517578,5815.02978515625,20271.970703125,20.459999084472656,4.83,315.631,4.1
2024-10-14,219.16000366210935,86291900,219.16000366210935,5859.85009765625,20439.05078125,19.700000762939453,4.83,315.631,4.1
2024-10-15,219.57000732421875,62988800,219.57000732421875,5815.259765625,20159.830078125,20.63999938964844,4.83,315.631,4.1
2024-10-16,221.3300018310547,49632800,221.3300018310547,5842.47021484375,20174.05078125,19.57999992370605,4.83,315.631,4.1
2024-10-17,220.88999938964844,50791800,220.88999938964844,5841.47021484375,20190.419921875,19.11000061035156,4.83,315.631,4.1
2024-10-18,220.6999969482422,49611900,220.6999969482422,5864.669921875,20324.0390625,18.030000686645508,4.83,315.631,4.1
2024-10-21,218.8500061035156,47329000,218.8500061035156,5853.97998046875,20361.470703125,18.3700008392334,4.83,315.631,4.1
2024-10-22,217.97000122070312,43268700,217.97000122070312,5851.2001953125,20390.4609375,18.200000762939453,4.83,315.631,4.1
2024-10-23,213.6499938964844,80938900,213.6499938964844,5797.419921875,20066.9609375,19.239999771118164,4.83,315.631,4.1
2024-10-24,260.4800109863281,204491900,260.4800109863281,5809.85986328125,20232.869140625,19.07999992370605,4.83,315.631,4.1
2024-10-25,269.19000244140625,161611900,269.19000244140625,5808.1201171875,20352.01953125,20.32999992370605,4.83,315.631,4.1
2024-10-28,262.510009765625,107653600,262.510009765625,5823.52001953125,20351.0703125,19.799999237060547,4.83,315.631,4.1
2024-10-29,259.5199890136719,80521800,259.5199890136719,5832.919921875,20550.650390625,19.34000015258789,4.83,315.631,4.1
2024-10-30,257.54998779296875,53993600,257.54998779296875,5813.669921875,20387.69921875,20.350000381469727,4.83,315.631,4.1
2024-10-31,249.8500061035156,66575300,249.8500061035156,5705.4501953125,19890.419921875,23.15999984741211,4.83,315.631,4.1
2024-11-01,248.97999572753903,57544800,248.97999572753903,5728.7998046875,20033.140625,21.8799991607666,4.64,316.528,4.2
2024-11-04,242.83999633789065,68802400,242.83999633789065,5712.68994140625,19963.599609375,21.979999542236328,4.64,316.528,4.2
2024-11-05,251.44000244140625,69282500,251.44000244140625,5782.759765625,20227.4609375,20.489999771118164,4.64,316.528,4.2
2024-11-06,288.5299987792969,165228700,288.5299987792969,5929.0400390625,20781.330078125,16.270000457763672,4.64,316.528,4.2
2024-11-07,296.9100036621094,117309200,296.9100036621094,5973.10009765625,21101.5703125,15.199999809265137,4.64,316.528,4.2
2024-11-08,321.2200012207031,204782800,321.2200012207031,5995.5400390625,21117.1796875,14.9399995803833,4.64,316.528,4.2
2024-11-11,350.0,210521600,350.0,6001.35009765625,21106.58984375,14.970000267028809,4.64,316.528,4.2
2024-11-12,328.489990234375,155726000,328.489990234375,5983.990234375,21070.7890625,14.710000038146973,4.64,316.528,4.2
2024-11-13,330.239990234375,125405600,330.239990234375,5985.3798828125,21036.16015625,14.020000457763672,4.64,316.528,4.2
2024-11-14,311.17999267578125,120726100,311.17999267578125,5949.169921875,20896.669921875,14.3100004196167,4.64,316.528,4.2
2024-11-15,320.7200012207031,114440300,320.7200012207031,5870.6201171875,20394.130859375,16.139999389648438,4.64,316.528,4.2
2024-11-18,338.739990234375,126085600,338.739990234375,5893.6201171875,20539.189453125,15.579999923706056,4.64,316.528,4.2
2024-11-19,346.0,88852500,346.0,5916.97998046875,20684.58984375,16.350000381469727,4.64,316.528,4.2
2024-11-20,342.0299987792969,66340700,342.0299987792969,5917.10986328125,20667.099609375,17.15999984741211,4.64,316.528,4.2
2024-11-21,339.6400146484375,58011700,339.6400146484375,5948.7099609375,20740.779296875,16.8700008392334,4.64,316.528,4.2
2024-11-22,352.5599975585937,89140700,352.5599975585937,5969.33984375,20776.23046875,15.239999771118164,4.64,316.528,4.2
2024-11-25,338.5899963378906,95890900,338.5899963378906,5987.3701171875,20804.890625,14.600000381469728,4.64,316.528,4.2
2024-11-26,338.2300109863281,62295900,338.2300109863281,6021.6298828125,20922.900390625,14.100000381469728,4.64,316.528,4.2
2024-11-27,332.8900146484375,57896400,332.8900146484375,5998.740234375,20744.490234375,14.100000381469728,4.64,316.528,4.2
2024-11-29,345.1600036621094,37167600,345.1600036621094,6032.3798828125,20930.369140625,13.510000228881836,4.64,316.528,4.2
2024-12-02,357.0899963378906,77986500,357.0899963378906,6047.14990234375,21164.599609375,13.34000015258789,4.64,316.528,4.2
2024-12-03,351.4200134277344,58267200,351.4200134277344,6049.8798828125,21229.3203125,13.300000190734863,4.64,316.528,4.2
2024-12-04,357.92999267578125,50810900,357.92999267578125,6086.490234375,21492.359375,13.449999809265137,4.64,316.528,4.2
2024-12-05,369.489990234375,81403600,369.489990234375,6075.10986328125,21425.220703125,13.539999961853027,4.64,316.528,4.2
2024-12-06,389.2200012207031,81455800,389.2200012207031,6090.27001953125,21622.25,12.770000457763672,4.64,316.528,4.2
2024-12-09,389.7900085449219,96359200,389.7900085449219,6052.85009765625,21440.8203125,14.1899995803833,4.64,316.528,4.2
2024-12-10,400.989990234375,97563600,400.989990234375,6034.91015625,21368.1796875,14.18000030517578,4.64,316.528,4.2
2024-12-11,424.7699890136719,104287600,424.7699890136719,6084.18994140625,21763.98046875,13.579999923706056,4.64,316.528,4.2
2024-12-12,418.1000061035156,87752200,418.1000061035156,6051.25,21615.26953125,13.920000076293944,4.64,316.528,4.2
2024-12-13,436.2300109863281,89000200,436.2300109863281,6051.08984375,21780.25,13.8100004196167,4.64,316.528,4.2
2024-12-16,463.0199890136719,114083800,463.0199890136719,6074.080078125,22096.66015625,14.6899995803833,4.64,316.528,4.2
2024-12-17,479.8599853515625,131223000,479.8599853515625,6050.60986328125,22001.080078125,15.869999885559082,4.64,316.528,4.2
2024-12-18,440.1300048828125,149340800,440.1300048828125,5872.16015625,21209.3203125,27.6200008392334,4.64,316.528,4.2
2024-12-19,436.1700134277344,118566100,436.1700134277344,5867.080078125,21110.509765625,24.09000015258789,4.64,316.528,4.2
2024-12-20,421.05999755859375,132216200,421.05999755859375,5930.85009765625,21289.150390625,18.36000061035156,4.64,316.528,4.2
2024-12-23,430.6000061035156,72698100,430.6000061035156,5974.06982421875,21503.169921875,16.780000686645508,4.64,316.528,4.2
2024-12-24,462.2799987792969,59551800,462.2799987792969,6040.0400390625,21797.650390625,14.270000457763672,4.64,316.528,4.2
2024-12-26,454.1300048828125,76366400,454.1300048828125,6037.58984375,21768.310546875,14.729999542236328,4.64,316.528,4.2
2024-12-27,431.6600036621094,82666800,431.6600036621094,5970.83984375,21473.01953125,15.949999809265137,4.64,316.528,4.2
2024-12-30,417.4100036621094,64941000,417.4100036621094,5906.93994140625,21197.08984375,17.399999618530273,4.64,316.528,4.2
2024-12-31,403.8399963378906,76825100,403.8399963378906,5881.6298828125,21012.169921875,17.350000381469727,4.64,316.528,4.2
2025-01-02,379.2799987792969,109710700,379.2799987792969,5868.5498046875,20975.619140625,17.93000030517578,4.64,316.528,4.2
2025-01-03,410.4400024414063,95423300,410.4400024414063,5942.47021484375,21326.16015625,16.1299991607666,4.64,316.528,4.2
2025-01-06,411.0499877929688,85516500,411.0499877929688,5975.3798828125,21559.5,16.040000915527344,4.64,316.528,4.2
2025-01-07,394.3599853515625,75699500,394.3599853515625,5909.02978515625,21173.0390625,17.81999969482422,4.64,316.528,4.2
2025-01-08,394.9400024414063,73038800,394.9400024414063,5918.25,21180.970703125,17.700000762939453,4.64,316.528,4.2
2025-01-10,394.739990234375,62287300,394.739990234375,5827.0400390625,20847.580078125,19.540000915527344,4.64,316.528,4.2
2025-01-13,403.30999755859375,67580500,403.30999755859375,5836.22021484375,20784.720703125,19.190000534057617,4.64,316.528,4.2
2025-01-14,396.3599853515625,84565000,396.3599853515625,5842.91015625,20757.41015625,18.709999084472656,4.64,316.528,4.2
2025-01-15,428.2200012207031,81375500,428.2200012207031,5949.91015625,21237.849609375,16.1200008392334,4.64,316.528,4.2
2025-01-16,413.8200073242188,68335200,413.8200073242188,5937.33984375,21091.25,16.600000381469727,4.64,316.528,4.2
2025-01-17,426.5,94991400,426.5,5996.66015625,21441.16015625,15.970000267028809,4.64,316.528,4.2
2025-01-21,424.0700073242188,87320900,424.0700073242188,6049.240234375,21566.509765625,15.0600004196167,4.64,316.528,4.2
2025-01-22,415.1099853515625,60963300,415.1099853515625,6086.3701171875,21853.0,15.100000381469728,4.64,316.528,4.2
2025-01-23,412.3800048828125,50690600,412.3800048828125,6118.7099609375,21900.9296875,15.020000457763672,4.64,316.528,4.2
2025-01-24,406.5799865722656,56427100,406.5799865722656,6101.240234375,21774.009765625,14.850000381469728,4.64,316.528,4.2
2025-01-27,397.1499938964844,58125500,397.1499938964844,6012.27978515625,21127.279296875,17.899999618530273,4.64,316.528,4.2
2025-01-28,398.0899963378906,48910700,398.0899963378906,6067.7001953125,21463.0390625,16.40999984741211,4.64,316.528,4.2
2025-01-29,389.1000061035156,68033600,389.1000061035156,6039.31005859375,21411.4609375,16.559999465942383,4.64,316.528,4.2
2025-01-30,400.2799987792969,98092900,400.2799987792969,6071.169921875,21508.119140625,15.84000015258789,4.64,316.528,4.2
2025-01-31,404.6000061035156,83283600,404.6000061035156,6040.52978515625,21478.05078125,16.43000030517578,4.64,316.528,4.2
2025-02-03,383.6799926757813,93732100,383.6799926757813,5994.56982421875,21297.580078125,18.6200008392334,4.64,316.528,4.2
2025-02-04,392.2099914550781,57072200,392.2099914550781,6037.8798828125,21566.919921875,17.209999084472656,4.64,316.528,4.2
2025-02-05,378.1700134277344,57223300,378.1700134277344,6061.47998046875,21658.16015625,15.770000457763672,4.64,316.528,4.2
2025-02-06,374.3200073242188,77918200,374.3200073242188,6083.56982421875,21774.0703125,15.5,4.64,316.528,4.2
2025-02-07,361.6199951171875,70298300,361.6199951171875,6025.990234375,21491.310546875,16.540000915527344,4.64,316.528,4.2
2025-02-10,350.7300109863281,77514900,350.7300109863281,6066.43994140625,21756.73046875,15.8100004196167,4.64,316.528,4.2
2025-02-11,328.5,118543400,328.5,6068.5,21693.51953125,16.020000457763672,4.64,316.528,4.2
2025-02-12,336.510009765625,105382700,336.510009765625,6051.97021484375,21719.259765625,15.890000343322754,4.64,316.528,4.2
2025-02-13,355.94000244140625,89441500,355.94000244140625,6115.06982421875,22030.7109375,15.100000381469728,4.64,316.528,4.2
2025-02-14,355.8399963378906,68277300,355.8399963378906,6114.6298828125,22114.689453125,14.770000457763672,4.64,316.528,4.2
2025-02-18,354.1099853515625,51631700,354.1099853515625,6129.580078125,22164.609375,15.350000381469728,4.64,316.528,4.2
2025-02-19,360.55999755859375,67094400,360.55999755859375,6144.14990234375,22175.599609375,15.270000457763672,4.64,316.528,4.2
2025-02-20,354.3999938964844,45965400,354.3999938964844,6117.52001953125,22068.060546875,15.65999984741211,4.64,316.528,4.2
2025-02-21,337.79998779296875,74058600,337.79998779296875,6013.1298828125,21614.080078125,18.209999084472656,4.64,316.528,4.2
2025-02-24,330.5299987792969,76052300,330.5299987792969,5983.25,21352.080078125,18.979999542236328,4.64,316.528,4.2
2025-02-25,302.79998779296875,134228800,302.79998779296875,5955.25,21087.25,19.43000030517578,4.64,316.528,4.2
2025-02-26,290.79998779296875,100118300,290.79998779296875,5956.06005859375,21132.919921875,19.100000381469727,4.64,316.528,4.2
2025-02-27,281.95001220703125,101748200,281.95001220703125,5861.56982421875,20550.94921875,21.1299991607666,4.64,316.528,4.2
2025-02-28,292.9800109863281,115697000,292.9800109863281,5954.5,20884.41015625,19.6299991607666,4.64,316.528,4.2
2025-03-03,284.6499938964844,115551400,284.6499938964844,5849.72021484375,20425.580078125,22.780000686645508,4.64,316.528,4.2
2025-03-04,272.0400085449219,126706600,272.0400085449219,5778.14990234375,20352.529296875,23.51000022888184,4.64,316.528,4.2
2025-03-05,279.1000061035156,94042900,279.1000061035156,5842.6298828125,20628.4609375,21.93000030517578,4.64,316.528,4.2
2025-03-06,263.45001220703125,98451600,263.45001220703125,5738.52001953125,20052.630859375,24.8700008392334,4.64,316.528,4.2
2025-03-07,262.6700134277344,102369600,262.6700134277344,5770.2001953125,20201.369140625,23.3700008392334,4.64,316.528,4.2
2025-03-10,222.1499938964844,189076900,222.1499938964844,5614.56005859375,19430.94921875,27.86000061035156,4.64,316.528,4.2
2025-03-11,230.5800018310547,174896400,230.5800018310547,5572.06982421875,19376.9609375,26.920000076293945,4.64,316.528,4.2
2025-03-12,248.08999633789065,142215700,248.08999633789065,5599.2998046875,19596.01953125,24.229999542236328,4.64,316.528,4.2
2025-03-13,240.67999267578125,114813500,240.67999267578125,5521.52001953125,19225.48046875,24.65999984741211,4.64,316.528,4.2
2025-03-14,249.97999572753903,100242300,249.97999572753903,5638.93994140625,19704.640625,21.770000457763672,4.64,316.528,4.2
2025-03-17,238.00999450683597,111900600,238.00999450683597,5675.1201171875,19812.240234375,20.51000022888184,4.64,316.528,4.2
2025-03-18,225.30999755859372,111477600,225.30999755859372,5614.66015625,19483.359375,21.700000762939453,4.64,316.528,4.2
2025-03-19,235.8600006103516,111993800,235.8600006103516,5675.2900390625,19736.66015625,19.899999618530277,4.64,316.528,4.2
2025-03-20,236.25999450683597,99028300,236.25999450683597,5662.89013671875,19677.609375,19.799999237060547,4.64,316.528,4.2
2025-03-21,248.7100067138672,132728700,248.7100067138672,5667.56005859375,19753.970703125,19.280000686645508,4.64,316.528,4.2
2025-03-24,278.3900146484375,169079900,278.3900146484375,5767.56982421875,20180.44921875,17.479999542236328,4.64,316.528,4.2
2025-03-25,288.1400146484375,150361500,288.1400146484375,5776.64990234375,20287.830078125,17.149999618530273,4.64,316.528,4.2
2025-03-26,272.0599975585937,153629800,272.0599975585937,5712.2001953125,19916.990234375,18.32999992370605,4.64,316.528,4.2
2025-03-27,273.1300048828125,162572100,273.1300048828125,5693.31005859375,19798.619140625,18.690000534057617,4.64,316.528,4.2
2025-03-28,263.54998779296875,123809400,263.54998779296875,5580.93994140625,19281.400390625,21.649999618530277,4.64,316.528,4.2
2025-03-31,259.1600036621094,134008900,259.1600036621094,5611.85009765625,19278.44921875,22.280000686645508,4.64,316.528,4.2
2025-04-01,268.4599914550781,146486900,268.4599914550781,5633.06982421875,19436.419921875,21.770000457763672,4.33,320.302,4.2
2025-04-02,282.760009765625,212787800,282.760009765625,5670.97021484375,19581.779296875,21.51000022888184,4.33,320.302,4.2
2025-04-03,267.2799987792969,136174300,267.2799987792969,5396.52001953125,18521.470703125,30.020000457763672,4.33,320.302,4.2
2025-04-04,239.42999267578125,181229400,239.42999267578125,5074.080078125,17397.69921875,45.310001373291016,4.33,320.302,4.2
2025-04-07,233.2899932861328,183453800,233.2899932861328,5062.25,17430.6796875,46.97999954223633,4.33,320.302,4.2
2025-04-08,221.8600006103516,171603500,221.8600006103516,4982.77001953125,17090.400390625,52.33000183105469,4.33,320.302,4.2
2025-04-09,272.20001220703125,219433400,272.20001220703125,5456.89990234375,19145.060546875,33.619998931884766,4.33,320.302,4.2
2025-04-10,252.3999938964844,181722600,252.3999938964844,5268.0498046875,18343.5703125,40.720001220703125,4.33,320.302,4.2
2025-04-11,252.30999755859372,128948100,252.30999755859372,5363.35986328125,18690.05078125,37.560001373291016,4.33,320.302,4.2
2025-04-14,252.3500061035156,100135200,252.3500061035156,5405.97021484375,18796.01953125,30.88999938964844,4.33,320.302,4.2
2025-04-15,254.1100006103516,79594300,254.1100006103516,5396.6298828125,18830.23046875,30.1200008392334,4.33,320.302,4.2
2025-04-16,241.5500030517578,112378700,241.5500030517578,5275.7001953125,18257.640625,32.63999938964844,4.33,320.302,4.2
2025-04-17,241.3699951171875,83404800,241.3699951171875,5282.7001953125,18258.08984375,29.649999618530277,4.33,320.302,4.2
2025-04-21,227.5,97768000,227.5,5158.2001953125,17808.30078125,33.81999969482422,4.33,320.302,4.2
2025-04-22,237.97000122070312,120858500,237.97000122070312,5287.759765625,18276.41015625,30.56999969482422,4.33,320.302,4.2
2025-04-23,250.7400054931641,150381900,250.7400054931641,5375.85986328125,18693.259765625,28.450000762939453,4.33,320.302,4.2
2025-04-24,259.510009765625,94464200,259.510009765625,5484.77001953125,19214.400390625,26.46999931335449,4.33,320.302,4.2
2025-04-25,284.95001220703125,167560700,284.95001220703125,5525.2099609375,19432.560546875,24.84000015258789,4.33,320.302,4.2
2025-04-28,285.8800048828125,151731800,285.8800048828125,5528.75,19427.2890625,25.149999618530277,4.33,320.302,4.2
2025-04-29,292.0299987792969,108906600,292.0299987792969,5560.830078125,19544.94921875,24.170000076293945,4.33,320.302,4.2
2025-04-30,282.1600036621094,128961100,282.1600036621094,5569.06005859375,19571.01953125,24.700000762939453,4.33,320.302,4.2
2025-05-01,280.5199890136719,99659000,280.5199890136719,5604.14013671875,19786.7109375,24.600000381469727,4.33,320.62,4.3
2025-05-02,287.2099914550781,114454700,287.2099914550781,5686.669921875,20102.609375,22.68000030517578,4.33,320.62,4.3
2025-05-05,280.260009765625,94618900,280.260009765625,5650.3798828125,19967.939453125,23.63999938964844,4.33,320.62,4.3
2025-05-06,275.3500061035156,76715800,275.3500061035156,5606.91015625,19791.349609375,24.76000022888184,4.33,320.62,4.3
2025-05-07,276.2200012207031,71592600,276.2200012207031,5631.27978515625,19867.970703125,23.549999237060547,4.33,320.62,4.3
2025-05-08,284.82000732421875,97539400,284.82000732421875,5663.93994140625,20063.560546875,22.479999542236328,4.33,320.62,4.3
2025-05-09,298.260009765625,132387800,298.260009765625,5659.91015625,20061.44921875,21.899999618530277,4.33,320.62,4.3
2025-05-12,318.3800048828125,112826700,318.3800048828125,5844.18994140625,20868.150390625,18.38999938964844,4.33,320.62,4.3
2025-05-13,334.07000732421875,136992600,334.07000732421875,5886.5498046875,21197.69921875,18.21999931335449,4.33,320.62,4.3
2025-05-14,347.67999267578125,136997300,347.67999267578125,5892.580078125,21319.2109375,18.6200008392334,4.33,320.62,4.3
2025-05-15,342.82000732421875,97882600,342.82000732421875,5916.93017578125,21335.8203125,17.829999923706055,4.33,320.62,4.3
2025-05-16,349.9800109863281,95895700,349.9800109863281,5958.3798828125,21427.939453125,17.239999771118164,4.33,320.62,4.3
2025-05-19,342.0899963378906,88869900,342.0899963378906,5963.60009765625,21447.05078125,18.13999938964844,4.33,320.62,4.3
2025-05-20,343.82000732421875,131715500,343.82000732421875,5940.4599609375,21367.369140625,18.09000015258789,4.33,320.62,4.3
2025-05-21,334.6199951171875,102354800,334.6199951171875,5844.60986328125,21080.359375,20.8700008392334,4.33,320.62,4.3
2025-05-22,341.0400085449219,97113400,341.0400085449219,5842.009765625,21112.470703125,20.280000686645508,4.33,320.62,4.3
2025-05-23,339.3399963378906,84654800,339.3399963378906,5802.81982421875,20915.66015625,22.290000915527344,4.33,320.62,4.3
2025-05-27,362.8900146484375,120146400,362.8900146484375,5921.5400390625,21414.990234375,18.959999084472656,4.33,320.62,4.3
2025-05-28,356.8999938964844,91404300,356.8999938964844,5888.5498046875,21318.169921875,19.309999465942383,4.33,320.62,4.3
2025-05-29,358.42999267578125,88087800,358.42999267578125,5912.169921875,21363.94921875,19.18000030517578,4.33,320.62,4.3
2025-05-30,346.4599914550781,123474900,346.4599914550781,5911.68994140625,21340.990234375,18.56999969482422,4.33,320.62,4.3
2025-06-02,342.69000244140625,81873800,342.69000244140625,5935.93994140625,21491.75,18.36000061035156,4.33,320.62,4.3
2025-06-03,344.2699890136719,99324500,344.2699890136719,5970.3701171875,21662.580078125,17.690000534057617,4.33,320.62,4.3
2025-06-04,332.04998779296875,98912100,332.04998779296875,5970.81005859375,21721.919921875,17.610000610351562,4.33,320.62,4.3
2025-06-05,284.70001220703125,287499800,284.70001220703125,5939.2998046875,21547.4296875,18.479999542236328,4.33,320.62,4.3
2025-06-06,295.1400146484375,164747700,295.1400146484375,6000.35986328125,21761.7890625,16.770000457763672,4.33,320.62,4.3
2025-06-09,308.5799865722656,140908900,308.5799865722656,6005.8798828125,21797.869140625,17.15999984741211,4.33,320.62,4.3
2025-06-10,326.0899963378906,151256500,326.0899963378906,6038.81005859375,21941.919921875,16.950000762939453,4.33,320.62,4.3
2025-06-11,326.42999267578125,122611400,326.42999267578125,6022.240234375,21860.80078125,17.260000228881836,4.33,320.62,4.3
2025-06-12,319.1099853515625,105127500,319.1099853515625,6045.259765625,21913.3203125,18.020000457763672,4.33,320.62,4.3
2025-06-13,325.3099975585937,128964300,325.3099975585937,5976.97021484375,21631.0390625,20.81999969482422,4.33,320.62,4.3
2025-06-16,329.1300048828125,83925900,329.1300048828125,6033.10986328125,21937.5703125,19.11000061035156,4.33,320.62,4.3
2025-06-17,316.3500061035156,88282700,316.3500061035156,5982.72021484375,21719.080078125,21.600000381469727,4.33,320.62,4.3
2025-06-18,322.04998779296875,95137700,322.04998779296875,5980.8701171875,21719.689453125,20.13999938964844,4.33,320.62,4.3
2025-06-20,322.1600036621094,108688000,322.1600036621094,5967.83984375,21626.390625,20.6200008392334,4.33,320.62,4.3
2025-06-23,348.67999267578125,190716800,348.67999267578125,6025.169921875,21856.330078125,19.82999992370605,4.33,320.62,4.3
2025-06-24,340.4700012207031,114736200,340.4700012207031,6092.18017578125,22190.51953125,17.479999542236328,4.33,320.62,4.3
2025-06-25,327.54998779296875,119845100,327.54998779296875,6092.16015625,22237.740234375,16.760000228881836,4.33,320.62,4.3
2025-06-26,325.7799987792969,80440900,325.7799987792969,6141.02001953125,22447.2890625,16.59000015258789,4.33,320.62,4.3
2025-06-27,323.6300048828125,89067000,323.6300048828125,6173.06982421875,22534.19921875,16.31999969482422,4.33,320.62,4.3
2025-06-30,317.6600036621094,76695100,317.6600036621094,6204.9501953125,22679.009765625,16.729999542236328,4.33,320.62,4.3
2025-07-01,300.7099914550781,145085700,300.7099914550781,6198.009765625,22478.130859375,16.829999923706055,4.33,322.169,4.3
2025-07-02,315.6499938964844,119483700,315.6499938964844,6227.419921875,22641.890625,16.639999389648438,4.33,322.169,4.3
2025-07-03,315.3500061035156,58042300,315.3500061035156,6279.35009765625,22866.970703125,16.3799991607666,4.33,322.169,4.3
2025-07-07,293.94000244140625,131177900,293.94000244140625,6229.97998046875,22685.5703125,17.790000915527344,4.33,322.169,4.3
2025-07-08,297.8099975585937,103246700,297.8099975585937,6225.52001953125,22702.25,16.809999465942383,4.33,322.169,4.3
2025-07-09,295.8800048828125,75586800,295.8800048828125,6263.259765625,22864.91015625,15.9399995803833,4.33,322.169,4.3
2025-07-10,309.8699951171875,104365300,309.8699951171875,6280.4599609375,22829.259765625,15.779999732971191,4.33,322.169,4.3
2025-07-11,313.510009765625,79236400,313.510009765625,6259.75,22780.599609375,16.399999618530273,4.33,322.169,4.3
2025-07-14,316.8999938964844,78043400,316.8999938964844,6268.56005859375,22855.630859375,17.200000762939453,4.33,322.169,4.3
2025-07-15,310.7799987792969,77556300,310.7799987792969,6243.759765625,22884.58984375,17.3799991607666,4.33,322.169,4.3
2025-07-16,321.6700134277344,97284800,321.6700134277344,6263.7001953125,22907.970703125,17.15999984741211,4.33,322.169,4.3
2025-07-17,319.4100036621094,73922900,319.4100036621094,6297.35986328125,23081.05078125,16.520000457763672,4.33,322.169,4.3
2025-07-18,329.6499938964844,94255000,329.6499938964844,6296.7900390625,23065.470703125,16.40999984741211,4.33,322.169,4.3
2025-07-21,328.489990234375,75768800,328.489990234375,6305.60009765625,23180.060546875,16.649999618530273,4.33,322.169,4.3
2025-07-22,332.1099853515625,77370400,332.1099853515625,6309.6201171875,23063.580078125,16.5,4.33,322.169,4.3
2025-07-23,332.5599975585937,92553800,332.5599975585937,6358.91015625,23162.41015625,15.369999885559082,4.33,322.169,4.3
2025-07-24,305.29998779296875,156966000,305.29998779296875,6363.35009765625,23219.869140625,15.390000343322754,4.33,322.169,4.3
2025-07-25,316.0599975585937,148227000,316.0599975585937,6388.64013671875,23272.25,14.93000030517578,4.33,322.169,4.3
2025-07-28,325.5899963378906,112673800,325.5899963378906,6389.77001953125,23356.26953125,15.029999732971191,4.33,322.169,4.3
2025-07-29,321.20001220703125,87358900,321.20001220703125,6370.85986328125,23308.30078125,15.979999542236328,4.33,322.169,4.3
2025-07-30,319.0400085449219,83931900,319.0400085449219,6362.89990234375,23345.41015625,15.479999542236328,4.33,322.169,4.3
2025-07-31,308.2699890136719,85270900,308.2699890136719,6339.39013671875,23218.119140625,16.719999313354492,4.33,322.169,4.3
2025-08-01,302.6300048828125,89121400,302.6300048828125,6238.009765625,22763.310546875,20.3799991607666,4.33,323.291,4.3
2025-08-04,309.260009765625,78683900,309.260009765625,6329.93994140625,23188.609375,17.520000457763672,4.33,323.291,4.3
2025-08-05,308.7200012207031,57961300,308.7200012207031,6299.18994140625,23018.560546875,17.850000381469727,4.33,323.291,4.3
2025-08-06,319.9100036621094,78523600,319.9100036621094,6345.06005859375,23315.0390625,16.770000457763672,4.33,323.291,4.3
2025-08-07,322.2699890136719,66658700,322.2699890136719,6340.0,23389.529296875,16.56999969482422,4.33,323.291,4.3
2025-08-08,329.6499938964844,91200300,329.6499938964844,6389.4501953125,23611.26953125,15.149999618530272,4.33,323.291,4.3
2025-08-11,339.0299987792969,105320200,339.0299987792969,6373.4501953125,23526.630859375,16.25,4.33,323.291,4.3
2025-08-12,340.8399963378906,80522100,340.8399963378906,6445.759765625,23839.19921875,14.729999542236328,4.33,323.291,4.3
2025-08-13,339.3800048828125,67838900,339.3800048828125,6466.580078125,23849.0390625,14.489999771118164,4.33,323.291,4.3
2025-08-14,335.5799865722656,75000700,335.5799865722656,6468.5400390625,23832.439453125,14.829999923706056,4.33,323.291,4.3
2025-08-15,330.5599975585937,74319800,330.5599975585937,6449.7998046875,23712.0703125,15.09000015258789,4.33,323.291,4.3
2025-08-18,335.1600036621094,56956600,335.1600036621094,6449.14990234375,23713.759765625,14.989999771118164,4.33,323.291,4.3
2025-08-19,329.3099975585937,75956000,329.3099975585937,6411.3701171875,23384.76953125,15.56999969482422,4.33,323.291,4.3
2025-08-20,323.8999938964844,77481800,323.8999938964844,6395.77978515625,23249.5703125,15.6899995803833,4.33,323.291,4.3
2025-08-21,320.1099853515625,55744400,320.1099853515625,6370.169921875,23142.580078125,16.600000381469727,4.33,323.291,4.3
2025-08-22,340.010009765625,94016300,340.010009765625,6466.91015625,23498.119140625,14.220000267028809,4.33,323.291,4.3
2025-08-25,346.6000061035156,86670000,346.6000061035156,6439.31982421875,23425.609375,14.789999961853027,4.33,323.291,4.3
2025-08-26,351.6700134277344,76651600,351.6700134277344,6465.93994140625,23525.2890625,14.619999885559082,4.33,323.291,4.3
2025-08-27,349.6000061035156,65519000,349.6000061035156,6481.39990234375,23565.849609375,14.850000381469728,4.33,323.291,4.3
2025-08-28,345.9800109863281,67903200,345.9800109863281,6501.85986328125,23703.44921875,14.43000030517578,4.33,323.291,4.3
2025-08-29,333.8699951171875,81145700,333.8699951171875,6460.259765625,23415.419921875,15.359999656677246,4.33,323.291,4.3
2025-09-02,329.3599853515625,58392000,329.3599853515625,6415.5400390625,23231.109375,17.170000076293945,4.33,323.291,4.3
2025-09-03,334.0899963378906,88733300,334.0899963378906,6448.259765625,23414.83984375,16.350000381469727,4.33,323.291,4.3
2025-09-04,338.5299987792969,60711000,338.5299987792969,6502.080078125,23633.009765625,15.300000190734863,4.33,323.291,4.3
2025-09-05,350.8399963378906,108989800,350.8399963378906,6481.5,23652.439453125,15.18000030517578,4.33,323.291,4.3
2025-09-08,346.3999938964844,75208300,346.3999938964844,6495.14990234375,23762.30078125,15.109999656677246,4.33,323.291,4.3
2025-09-09,346.9700012207031,53816000,346.9700012207031,6512.60986328125,23839.80078125,15.039999961853027,4.33,323.291,4.3
2025-09-10,347.7900085449219,72121700,347.7900085449219,6532.0400390625,23849.26953125,15.350000381469728,4.33,323.291,4.3
2025-09-11,368.80999755859375,103756000,368.80999755859375,6587.47021484375,23992.560546875,14.710000038146973,4.33,323.291,4.3
2025-09-12,395.9400024414063,168156400,395.9400024414063,6584.2900390625,24092.189453125,14.760000228881836,4.33,323.291,4.3
2025-09-15,410.0400085449219,163823700,410.0400085449219,6615.27978515625,24293.779296875,15.6899995803833,4.33,323.291,4.3
2025-09-16,421.6199951171875,104285700,421.6199951171875,6606.759765625,24274.25,16.360000610351562,4.33,323.291,4.3
2025-09-17,425.8599853515625,106133500,425.8599853515625,6600.35009765625,24223.689453125,15.720000267028809,4.33,323.291,4.3
2025-09-18,416.8500061035156,90454500,416.8500061035156,6631.9599609375,24454.890625,15.699999809265137,4.33,323.291,4.3
2025-09-19,426.0700073242188,93131000,426.0700073242188,6664.35986328125,24626.25,15.449999809265137,4.33,323.291,4.3
2025-09-22,434.2099914550781,97108800,434.2099914550781,6693.75,24761.0703125,16.100000381469727,4.33,323.291,4.3
2025-09-23,425.8500061035156,83422700,425.8500061035156,6656.919921875,24580.169921875,16.639999389648438,4.33,323.291,4.3
2025-09-24,442.7900085449219,93133600,442.7900085449219,6637.97021484375,24503.5703125,16.18000030517578,4.33,323.291,4.3
2025-09-25,423.3900146484375,96746400,423.3900146484375,6604.72021484375,24397.310546875,16.739999771118164,4.33,323.291,4.3
2025-09-26,440.3999938964844,101628200,440.3999938964844,6643.7001953125,24503.849609375,15.289999961853027,4.33,323.291,4.3
2025-09-29,443.2099914550781,79491500,443.2099914550781,6661.2099609375,24611.349609375,16.1200008392334,4.33,323.291,4.3
2025-09-30,444.7200012207031,74358000,444.7200012207031,6688.4599609375,24679.990234375,16.280000686645508,4.33,323.291,4.3
2025-10-01,459.4599914550781,98122300,459.4599914550781,6711.2001953125,24800.859375,16.290000915527344,4.09,323.291,4.3
2025-10-02,436.0,137009000,436.0,6715.35009765625,24892.759765625,16.6299991607666,4.09,323.291,4.3
2025-10-03,429.8299865722656,133188200,429.8299865722656,6715.7900390625,24785.51953125,16.649999618530273,4.09,323.291,4.3
2025-10-06,453.25,85324900,453.25,6740.27978515625,24978.560546875,16.3700008392334,4.09,323.291,4.3
2025-10-07,433.0899963378906,102296100,433.0899963378906,6714.58984375,24840.23046875,17.239999771118164,4.09,323.291,4.3
2025-10-08,438.6900024414063,71192100,438.6900024414063,6753.72021484375,25136.619140625,16.299999237060547,4.09,323.291,4.3
2025-10-09,435.5400085449219,69339900,435.5400085449219,6735.10986328125,25098.1796875,16.43000030517578,4.09,323.291,4.3
2025-10-10,413.489990234375,112107900,413.489990234375,6552.509765625,24221.740234375,21.65999984741211,4.09,323.291,4.3
2025-10-13,435.8999938964844,79552800,435.8999938964844,6654.72021484375,24750.25,19.030000686645508,4.09,323.291,4.3
2025-10-14,429.239990234375,72669400,429.239990234375,6644.31005859375,24579.3203125,20.809999465942383,4.09,323.291,4.3
2025-10-15,435.1499938964844,71558200,435.1499938964844,6671.06005859375,24745.359375,20.63999938964844,4.09,323.291,4.3
2025-10-16,428.75,77189900,428.75,6629.06982421875,24657.240234375,25.309999465942383,4.09,323.291,4.3
2025-10-17,439.30999755859375,89331600,439.30999755859375,6664.009765625,24817.94921875,20.780000686645508,4.09,323.291,4.3
2025-10-20,447.4299926757813,63719000,447.4299926757813,6735.1298828125,25141.01953125,18.229999542236328,4.09,323.291,4.3
2025-10-21,442.6000061035156,54412200,442.6000061035156,6735.35009765625,25127.130859375,17.8700008392334,4.09,323.291,4.3
2025-10-22,438.9700012207031,84023500,438.9700012207031,6699.39990234375,24879.009765625,18.600000381469727,4.09,323.291,4.3
2025-10-23,448.9800109863281,126709800,448.9800109863281,6738.43994140625,25097.41015625,17.299999237060547,4.09,323.291,4.3
2025-10-24,433.7200012207031,94727800,433.7200012207031,6791.68994140625,25358.16015625,16.3700008392334,4.09,323.291,4.3
2025-10-27,452.4200134277344,105867500,452.4200134277344,6875.16015625,25821.55078125,15.789999961853027,4.09,323.291,4.3
2025-10-28,460.5499877929688,80185700,460.5499877929688,6890.89013671875,26012.150390625,16.420000076293945,4.09,323.291,4.3
2025-10-29,461.510009765625,67983500,461.510009765625,6890.58984375,26119.849609375,16.920000076293945,4.09,323.291,4.3
2025-10-30,440.1000061035156,72447900,440.1000061035156,6822.33984375,25734.810546875,16.90999984741211,4.09,323.291,4.3
2025-10-31,456.55999755859375,83135800,456.55999755859375,6840.2001953125,25858.130859375,17.440000534057617,4.09,323.291,4.3
2025-11-03,468.3699951171875,84595200,468.3699951171875,6851.97021484375,25972.939453125,17.170000076293945,4.09,323.291,4.3
2025-11-04,444.260009765625,87756600,444.260009765625,6771.5498046875,25435.69921875,19.0,4.09,323.291,4.3
2025-11-05,462.0700073242188,85573000,462.0700073242188,6796.2900390625,25620.029296875,18.010000228881836,4.09,323.291,4.3
2025-11-06,445.9100036621094,109622900,445.9100036621094,6720.31982421875,25130.0390625,19.5,4.09,323.291,4.3
2025-11-07,429.5199890136719,103471500,429.5199890136719,6728.7998046875,25059.810546875,19.07999992370605,4.09,323.291,4.3
2025-11-10,445.2300109863281,76515900,445.2300109863281,6832.43017578125,25611.740234375,17.600000381469727,4.09,323.291,4.3
2025-11-11,439.6199951171875,60533200,439.6199951171875,6846.60986328125,25533.490234375,17.280000686645508,4.09,323.291,4.3
2025-11-12,430.6000061035156,58513500,430.6000061035156,6850.919921875,25517.330078125,17.510000228881836,4.09,323.291,4.3
2025-11-13,401.989990234375,118948000,401.989990234375,6737.490234375,24993.4609375,20.0,4.09,323.291,4.3
2025-11-14,404.3500061035156,105506700,404.3500061035156,6734.10986328125,25008.240234375,19.82999992370605,4.09,323.291,4.3
2025-11-17,408.9200134277344,102214300,408.9200134277344,6672.41015625,24799.919921875,22.3799991607666,4.09,323.291,4.3
2025-11-18,401.25,80688600,401.25,6617.31982421875,24503.099609375,24.690000534057617,4.09,323.291,4.3
2025-11-19,403.989990234375,72047700,403.989990234375,6642.16015625,24640.51953125,23.65999984741211,4.09,323.291,4.3
2025-11-20,395.2300109863281,113548800,395.2300109863281,6538.759765625,24054.380859375,26.420000076293945,4.09,323.291,4.3
2025-11-21,391.0899963378906,100460600,391.0899963378906,6602.990234375,24239.5703125,23.43000030517578,4.09,323.291,4.3
2025-11-24,417.7799987792969,96806400,417.7799987792969,6705.1201171875,24873.849609375,20.520000457763672,4.09,323.291,4.3
2025-11-25,419.3999938964844,71915600,419.3999938964844,6765.8798828125,25018.359375,18.559999465942383,4.09,323.291,4.3
2025-11-26,426.5799865722656,63463000,426.5799865722656,6812.60986328125,25236.939453125,17.190000534057617,4.09,323.291,4.3
2025-11-28,430.1700134277344,36252900,430.1700134277344,6849.08984375,25434.890625,16.350000381469727,4.09,323.291,4.3
2025-12-01,430.1400146484375,57463600,430.1400146484375,6812.6298828125,25342.849609375,17.239999771118164,3.72,326.031,4.4
2025-12-02,429.239990234375,69336600,429.239990234375,6829.3701171875,25555.859375,16.59000015258789,3.72,326.031,4.4
2025-12-03,446.739990234375,87483000,446.739990234375,6849.72021484375,25606.5390625,16.079999923706055,3.72,326.031,4.4
2025-12-04,454.5299987792969,71906500,454.5299987792969,6857.1201171875,25581.69921875,15.779999732971191,3.72,326.031,4.4
2025-12-05,455.0,56427500,455.0,6870.39990234375,25692.05078125,15.40999984741211,3.72,326.031,4.4
2025-12-08,439.5799865722656,69165800,439.5799865722656,6846.509765625,25627.94921875,16.65999984741211,3.72,326.031,4.4
2025-12-09,445.1700134277344,62367400,445.1700134277344,6840.509765625,25668.689453125,16.93000030517578,3.72,326.031,4.4
2025-12-10,451.4500122070313,63257500,451.4500122070313,6886.68017578125,25776.439453125,15.770000457763672,3.72,326.031,4.4
2025-12-11,446.8900146484375,55979500,446.8900146484375,6901.0,25686.689453125,14.850000381469728,3.72,326.031,4.4
2025-12-12,458.9599914550781,95656700,458.9599914550781,6827.41015625,25196.73046875,15.739999771118164,3.72,326.031,4.4
2025-12-15,475.30999755859375,114542200,475.30999755859375,6816.509765625,25067.26953125,16.5,3.72,326.031,4.4
2025-12-16,489.8800048828125,107608100,489.8800048828125,6800.259765625,25132.939453125,16.479999542236328,3.72,326.031,4.4
2025-12-17,467.260009765625,106490400,467.260009765625,6721.43017578125,24647.609375,17.6200008392334,3.72,326.031,4.4
2025-12-18,483.3699951171875,95168400,483.3699951171875,6774.759765625,25019.369140625,16.8700008392334,3.72,326.031,4.4
2025-12-19,481.2000122070313,103305400,481.2000122070313,6834.5,25346.1796875,14.90999984741211,3.72,326.031,4.4
2025-12-22,488.7300109863281,86916100,488.7300109863281,6878.490234375,25461.69921875,14.079999923706056,3.72,326.031,4.4
2025-12-23,485.55999755859375,58223600,485.55999755859375,6909.7900390625,25587.830078125,14.0,3.72,326.031,4.4
2025-12-24,485.3999938964844,41285400,485.3999938964844,6932.0498046875,25656.150390625,13.470000267028809,3.72,326.031,4.4
2025-12-26,475.1900024414063,58780700,475.1900024414063,6929.93994140625,25644.390625,13.600000381469728,3.72,326.031,4.4
2025-12-29,459.6400146484375,66263000,459.6400146484375,6905.740234375,25525.560546875,14.199999809265137,3.72,326.031,4.4
2025-12-30,454.4299926757813,59238500,454.4299926757813,6896.240234375,25462.560546875,14.329999923706056,3.72,326.031,4.4
2025-12-31,449.7200012207031,49078000,449.7200012207031,6845.5,25249.849609375,14.949999809265137,3.72,326.031,4.4
2026-01-02,438.0700073242188,85535400,438.0700073242188,6858.47021484375,25206.169921875,14.510000228881836,3.72,326.031,4.4
2026-01-05,451.6700134277344,67940800,451.6700134277344,6902.0498046875,25401.3203125,14.899999618530272,3.72,326.031,4.4
2026-01-06,432.9599914550781,89093800,432.9599914550781,6944.81982421875,25639.7109375,14.75,3.72,326.031,4.4
2026-01-07,431.4100036621094,59828800,431.4100036621094,6920.93017578125,25653.900390625,15.380000114440918,3.72,326.031,4.4
2026-01-08,435.7999877929688,57041100,435.7999877929688,6921.4599609375,25507.099609375,15.449999809265137,3.72,326.031,4.4
2026-01-09,445.010009765625,67331500,445.010009765625,6966.27978515625,25766.259765625,14.489999771118164,3.72,326.031,4.4
2026-01-12,448.9599914550781,61649600,448.9599914550781,6977.27001953125,25787.66015625,15.119999885559082,3.72,326.031,4.4
2026-01-13,447.2000122070313,53719200,447.2000122070313,6963.740234375,25741.94921875,15.979999542236328,3.72,326.031,4.4
2026-01-14,439.2000122070313,57259500,439.2000122070313,6926.60009765625,25465.939453125,16.75,3.72,326.031,4.4
2026-01-15,438.5700073242188,49465800,438.5700073242188,6944.47021484375,25547.0703125,15.84000015258789,3.72,326.031,4.4
2026-01-16,437.5,60220600,437.5,6940.009765625,25529.259765625,15.859999656677246,3.72,326.031,4.4
2026-01-20,419.25,63187300,419.25,6796.85986328125,24987.5703125,20.09000015258789,3.72,326.031,4.4
2026-01-21,431.4400024414063,68124000,431.4400024414063,6875.6201171875,25326.580078125,16.899999618530273,3.72,326.031,4.4
2026-01-22,449.3599853515625,71546700,449.3599853515625,6913.35009765625,25518.349609375,15.640000343322754,3.72,326.031,4.4
2026-01-23,449.05999755859375,56771400,449.05999755859375,6915.60986328125,25605.470703125,16.09000015258789,3.72,326.031,4.4
2026-01-26,435.2000122070313,49397400,435.2000122070313,6950.22998046875,25713.2109375,16.149999618530273,3.72,326.031,4.4
2026-01-27,430.8999938964844,37733100,430.8999938964844,6978.60009765625,25939.740234375,16.350000381469727,3.72,326.031,4.4
2026-01-28,431.4599914550781,54857400,431.4599914550781,6978.02978515625,26022.7890625,16.350000381469727,3.72,326.031,4.4
2026-01-29,416.55999755859375,81686100,416.55999755859375,6969.009765625,25884.30078125,16.8799991607666,3.72,326.031,4.4
2026-01-30,430.4100036621094,82626100,430.4100036621094,6939.02978515625,25552.390625,17.440000534057617,3.72,326.031,4.4
2026-02-02,421.80999755859375,58739500,421.80999755859375,6976.43994140625,25738.609375,16.34000015258789,3.72,326.031,4.4
2026-02-03,421.9599914550781,56886500,421.9599914550781,6917.81005859375,25338.619140625,18.0,3.72,326.031,4.4
2026-02-04,406.010009765625,74606900,406.010009765625,6882.72021484375,24891.240234375,18.63999938964844,3.72,326.031,4.4
2026-02-05,397.2099914550781,72819800,397.2099914550781,6798.39990234375,24548.689453125,21.770000457763672,3.72,326.031,4.4
2026-02-06,411.1099853515625,62677100,411.1099853515625,6932.2998046875,25075.76953125,20.3700008392334,3.72,326.031,4.4
2026-02-09,417.3200073242188,54484300,417.3200073242188,6964.81982421875,25268.140625,17.360000610351562,3.72,326.031,4.4
2026-02-10,425.2099914550781,64450200,425.2099914550781,6941.81005859375,25127.640625,17.790000915527344,3.72,326.031,4.4
2026-02-11,428.2699890136719,57362000,428.2699890136719,6941.47021484375,25201.259765625,17.649999618530273,3.72,326.031,4.4
2026-02-12,417.0700073242188,61933400,417.0700073242188,6832.759765625,24687.609375,20.81999969482422,3.72,326.031,4.4
2026-02-13,417.4400024414063,51434100,417.4400024414063,6836.169921875,24732.73046875,20.600000381469727,3.72,326.031,4.4
2026-02-17,410.6300048828125,59678800,410.6300048828125,6843.22021484375,24701.599609375,20.290000915527344,3.72,326.031,4.4
2026-02-18,411.3200073242188,45921400,411.3200073242188,6881.31005859375,24898.869140625,19.6200008392334,3.72,326.031,4.4
2026-02-19,411.7099914550781,51019600,411.7099914550781,6861.89013671875,24797.33984375,20.229999542236328,3.72,326.031,4.4
2026-02-20,411.8200073242188,57912200,411.8200073242188,6909.509765625,25012.619140625,19.09000015258789,3.72,326.031,4.4
2026-02-23,399.8299865722656,69680000,399.8299865722656,6837.75,24708.939453125,21.01000022888184,3.72,326.031,4.4
2026-02-24,409.3800048828125,58579500,409.3800048828125,6890.06982421875,24977.0390625,19.549999237060547,3.72,326.031,4.4
2026-02-25,417.3999938964844,54809700,417.3999938964844,6946.1298828125,25329.0390625,17.93000030517578,3.72,326.031,4.4
2026-02-26,408.5799865722656,53602500,408.5799865722656,6908.85986328125,25034.369140625,18.6299991607666,3.72,326.031,4.4
2026-02-27,402.510009765625,56890100,402.510009765625,6878.8798828125,24960.0390625,19.86000061035156,3.72,326.031,4.4
2026-03-02,403.3200073242188,55088300,403.3200073242188,6881.6201171875,24992.599609375,21.440000534057617,3.72,326.031,4.4
2026-03-03,392.4299926757813,62617300,392.4299926757813,6816.6298828125,24720.080078125,23.56999969482422,3.72,326.031,4.4
2026-03-04,405.9400024414063,68305500,405.9400024414063,6869.5,25093.6796875,21.149999618530277,3.72,326.031,4.4
2026-03-05,405.5499877929688,51925900,405.5499877929688,6830.7099609375,25020.41015625,23.75,3.72,326.031,4.4
2026-03-06,396.7300109863281,64054600,396.7300109863281,6740.02001953125,24643.01953125,29.489999771118164,3.72,326.031,4.4
2026-03-09,398.6799926757813,67018900,398.6799926757813,6795.990234375,24967.25,25.5,3.72,326.031,4.4
2026-03-10,399.239990234375,59258700,399.239990234375,6781.47998046875,24956.470703125,24.93000030517578,3.72,326.031,4.4
2026-03-11,407.8200073242188,62559900,407.8200073242188,6775.7998046875,24965.009765625,24.229999542236328,3.72,326.031,4.4
2026-03-12,395.010009765625,60973800,395.010009765625,6672.6201171875,24533.580078125,27.290000915527344,3.72,326.031,4.4
2026-03-13,391.2000122070313,58504100,391.2000122070313,6632.18994140625,24380.73046875,27.190000534057617,3.72,326.031,4.4
2026-03-16,395.55999755859375,58068300,395.55999755859375,6699.3798828125,24655.33984375,23.51000022888184,3.72,326.031,4.4
2026-03-17,399.2699890136719,46890500,399.2699890136719,6716.08984375,24780.419921875,22.3700008392334,3.72,326.031,4.4
2026-03-18,392.7799987792969,50853100,392.7799987792969,6624.7001953125,24425.08984375,25.09000015258789,3.72,326.031,4.4
2026-03-19,380.2999877929688,67078300,380.2999877929688,6606.490234375,24355.279296875,24.059999465942383,3.72,326.031,4.4
2026-03-20,367.9599914550781,78628600,367.9599914550781,6506.47998046875,23898.150390625,26.780000686645508,3.72,326.031,4.4
2026-03-23,380.8500061035156,74606000,380.8500061035156,6581.0,24188.58984375,26.149999618530277,3.72,326.031,4.4
2026-03-24,383.0299987792969,60004900,383.0299987792969,6556.3701171875,24002.44921875,26.950000762939453,3.72,326.031,4.4
2026-03-25,385.9500122070313,55157300,385.9500122070313,6591.89990234375,24162.98046875,25.32999992370605,3.72,326.031,4.4
2026-03-26,372.1099853515625,55522900,372.1099853515625,6477.16015625,23586.990234375,27.440000534057617,3.72,326.031,4.4
2026-03-27,361.8299865722656,62065700,361.8299865722656,6368.85009765625,23132.76953125,31.049999237060547,3.72,326.031,4.4
2026-03-30,355.2799987792969,67954400,355.2799987792969,6343.72021484375,22953.380859375,30.61000061035156,3.72,326.031,4.4
2026-03-31,371.75,75534900,371.75,6528.52001953125,23740.189453125,25.25,3.72,326.031,4.4
2026-04-01,381.260009765625,58683800,381.260009765625,6575.31982421875,24019.990234375,24.540000915527344,3.72,326.031,4.4
2026-04-02,360.5899963378906,82532959,360.5899963378906,6582.68994140625,24045.533203125,23.8700008392334,3.72,326.031,4.4
